tree
version=v4
num_class=1
num_tree_per_iteration=1
label_index=0
max_feature_idx=3
objective=binary sigmoid:1
feature_names=UV_type Resolution Energy_Exposure Line_CD
feature_infos=-1:0:1:2 [441.529:583.06200000000001] [103.30500000000001:112.117] [4.4119999999999999:76.421000000000006]
tree_sizes=3354 3357 3376 3373 3361 3379 3371 3396 3393 3370 3361 3369 3369 3360 3396 3359 3374 3367 3385 3346 3369 3387 3363 3386 3370 3386 3409 3382 3400 3361 3345 3362 3381 3334 3369 3379 3379 3370 3396 3359 3365 3372 3378 3355 3370 3376 3382 3363 3361 3373 3371 3367 3390 3365 3361 3375 3394 3390 3395 3364 3364 3344 3362 3382 3383 3337 3355 3381 3385 3356 3380 3378 3382 3391 3354 3355 3366 3394 3398 3355 3363 3386 3351 3352 3367 3371 3379 3396 3370 3362 3360 3413 3391 3373 3404 3374 3359 3363 3362 3360

Tree=0
num_leaves=31
num_cat=2
split_feature=3 3 1 1 2 0 3 3 3 2 3 1 3 0 1 2 2 1 1 1 1 2 3 1 1 1 3 2 2 3
split_gain=576.455 414.626 161.059 187.523 152.076 113.029 200.169 90.3095 85.2771 134.111 130.969 83.3426 108.211 70.9395 70.5074 67.7636 78.4232 66.7178 65.6214 60.8307 151.279 58.7454 57.1002 57.0932 56.9192 55.4625 57.3264 49.9308 143.145 112.525
threshold=49.653500000000008 44.344000000000001 518.06100000000004 503.18500000000006 107.45100000000001 0 43.214500000000008 59.547000000000004 24.008500000000002 105.944 21.781000000000002 472.80750000000006 24.863500000000005 1 488.57800000000003 106.73150000000001 107.99850000000002 519.99200000000008 496.32900000000001 514.52650000000006 518.60800000000006 110.82050000000001 31.027500000000003 486.39600000000007 469.91500000000008 472.00450000000006 38.445000000000007 106.98050000000002 108.90550000000002 26.568500000000004
decision_type=2 2 2 2 2 1 2 2 2 2 2 2 2 1 2 2 2 2 2 2 2 2 2 2 2 2 2 2 2 2
left_child=1 5 3 13 -4 6 14 17 9 10 -7 12 -10 -2 23 -15 -17 -6 -18 -3 -21 -5 -14 -1 -24 26 -26 29 -29 -13
right_child=2 19 4 21 7 8 -8 -9 11 -11 -12 27 22 15 -16 16 18 -19 -20 20 -22 -23 24 -25 25 -27 -28 28 -30 -31
leaf_value=-0.20000007298754205 -0.20000007298754213 -0.1915788226061042 -0.20000007298754213 0.11869749409490607 -0.20000007298754213 0.11171550667998349 0.12232508762696932 -0.20000007298754213 0.14718791117958935 -0.1930386492866929 -0.20000007298754213 -0.20000007298754213 -0.20000007298754213 0.15957253599986607 -0.15924506052903559 -0.17020899526300365 0.064760089005645435 0.071562406711394022 -0.20000007298754213 0.070139132399195822 -0.16587283250993065 -0.1225740756791288 -0.20000007298754213 0.14312230489282027 0.11927284446812891 -0.20000007298754213 -0.20000007298754213 -0.044667740673372626 0.043724533031402529 0.060856696409141368
leaf_weight=7.1478933095932033 17.726775407791138 141.79736578464508 36.311298012733459 545.79075759649277 9.7211349010467512 44.692332744598389 38.281678736209869 15.72536528110504 19.489815294742584 57.177533984184265 19.299311935901642 17.44085967540741 42.02961266040802 25.460370719432831 136.7321030497551 26.72189599275589 67.652424275875092 130.44989359378815 10.864797830581663 38.309741199016571 93.306586682796478 10.281741380691527 18.584522604942322 15.080571413040159 31.167460381984711 10.292966365814207 6.8619775772094718 356.18565541505814 377.25594389438629 318.9096514582634
leaf_count=50 124 974 254 1213 68 104 83 110 35 394 135 122 294 41 873 175 205 382 76 113 605 60 130 28 69 72 48 1663 1262 985
internal_value=-7.42964e-08 -0.0327841 0.0654448 0.0875815 -0.0156927 -0.0123495 -0.0829554 0.0272361 -0.00179423 -0.0817412 0.0177049 0.00629036 -0.0698278 -0.01228 -0.132392 0.0131805 -0.0222359 0.052729 0.028124 -0.146135 -0.0971765 0.114236 -0.108654 0.0327862 -0.0512722 0.00592772 0.0616637 0.0154282 0.000798061 0.0473304
internal_weight=2686.75 1790.04 896.706 704.499 192.208 1516.63 197.242 155.896 1319.39 121.169 63.9916 1198.22 128.426 148.426 158.961 130.699 105.239 140.171 78.5172 273.414 131.616 556.072 108.937 22.2285 66.9069 48.3224 38.0294 1069.79 733.442 336.351
internal_count=10747 8039 2708 1894 814 6347 1034 560 5313 633 239 4680 648 621 951 497 456 450 281 1692 718 1273 613 78 319 189 117 4032 2925 1107
cat_boundaries=0 1 2
cat_threshold=2 1
is_linear=0
shrinkage=1


Tree=1
num_leaves=31
num_cat=3
split_feature=3 3 1 1 2 3 0 1 1 3 1 2 2 1 1 1 3 1 0 3 1 3 1 0 1 1 2 2 1 1
split_gain=468.803 339.028 131.012 152.387 124.443 96.456 185.813 84.8549 82.3503 105.497 102.376 71.919 196.737 97.2943 86.5819 84.3056 87.9486 76.0458 93.6234 75.3452 106.828 93.3971 58.928 58.0726 57.4826 57.0241 54.573 56.9088 62.1344 50.5785
threshold=49.653500000000008 44.344000000000001 518.06100000000004 503.18500000000006 107.45100000000001 42.915500000000009 0 493.79200000000009 541.58000000000015 52.921000000000006 528.82400000000018 108.90550000000002 106.98050000000002 487.2675000000001 572.55600000000015 510.62400000000008 35.853500000000004 526.87050000000011 1 38.743500000000004 534.65500000000009 35.669500000000006 501.05750000000006 2 488.57800000000003 472.4355000000001 106.73150000000001 107.99850000000002 496.32900000000001 512.82700000000011
decision_type=2 2 2 2 2 2 1 2 2 2 2 2 2 2 2 2 2 2 1 2 2 2 2 1 2 2 2 2 2 2
left_child=1 5 3 23 -4 6 24 -7 9 10 -6 12 15 -13 19 16 -8 -17 -19 20 29 -22 -15 -2 -1 -25 -27 -28 -29 -14
right_child=2 -3 4 -5 8 7 11 -9 -10 -11 -12 13 14 22 -16 17 -18 18 -20 -21 21 -23 -24 25 -26 26 27 28 -30 -31
leaf_value=0.029700543187771919 -0.18187306356339183 -0.13252378571970763 -0.18187306356339183 0.10318924933996346 0.13930376521865148 -0.20153965564095422 0.011521676786315381 0.11702661045455874 0.12215961234870931 -0.13741909675066408 -0.20741850831208747 -0.19378460392933047 -0.054613682870475744 0.14445500613180565 0.16246783734008674 0.1448435536103968 -0.20627466454137111 -0.2005337791133405 0.11067179375521324 -0.18659053659770056 -0.14344039505060707 0.088104305677974545 0.02731790557503852 -0.19762339145509231 -0.14426479812228474 0.16838718766327332 -0.14642993572828517 0.078214848212462301 -0.18187306356339183 0.049838187278913655
leaf_weight=22.080495655536652 17.550683557987213 271.43457640707493 35.950593739748001 554.11605587601662 41.599114567041397 9.2592755854129773 312.56228120625019 86.222723290324211 55.565941795706749 47.603565827012062 10.708124935626982 18.067024692893028 105.05852721631527 50.193182766437531 15.62396067380905 89.534014031291008 19.709931224584579 16.817553609609604 22.735805094242096 54.795396238565445 154.17235420644283 19.639812231063843 297.48813435435295 11.810404971241949 135.86890307068825 23.736410468816757 20.994116395711899 62.868874609470367 10.756870567798613 82.971748486161232
leaf_count=78 124 1692 254 1273 77 65 1193 187 115 293 75 127 517 89 26 156 138 118 52 378 968 54 1051 83 873 30 136 172 76 277
internal_value=-8.59439e-06 -0.0296156 0.0591296 0.0791305 -0.0142003 -0.0111512 -0.0177051 0.086134 0.0245704 -0.0297044 0.0683242 -0.00488224 -0.0201706 0.0324712 -0.0686449 0.0252465 -0.0013977 0.0938291 -0.0216486 -0.0773117 -0.0607631 -0.117277 0.0442285 -0.0111184 -0.119945 0.0119049 0.0328131 -0.00119713 0.0402155 -0.00852241
internal_weight=2677.5 1784.24 893.261 701.833 191.427 1512.8 1417.32 95.482 155.477 99.9108 52.3072 1259.37 893.621 365.748 432.262 461.36 332.272 129.087 39.5534 416.638 361.842 173.812 347.681 147.717 157.949 130.167 118.356 94.6199 73.6257 188.03
internal_count=10747 8039 2708 1894 814 6347 6095 252 560 445 152 5144 3877 1267 2220 1657 1331 326 170 2194 1816 1022 1140 621 951 497 414 384 248 794
cat_boundaries=0 1 2 3
cat_threshold=2 1 1
is_linear=0
shrinkage=0.1


Tree=2
num_leaves=31
num_cat=2
split_feature=3 3 1 1 2 3 0 1 1 3 1 2 2 1 1 1 3 3 1 3 1 0 1 1 1 3 2 3 1 3
split_gain=383.453 279.636 107.193 124.3 103.637 78.7069 153.243 69.3035 67.2845 86.2069 83.4642 58.4925 160.503 79.8232 70.4733 69.1077 71.5415 62.6686 87.9411 78.6634 62.3211 76.5438 51.9021 125.523 51.0163 49.7476 91.5248 93.0029 118.151 49.5348
threshold=49.653500000000008 44.344000000000001 518.06100000000004 503.18500000000006 107.45100000000001 42.915500000000009 0 493.79200000000009 541.58000000000015 52.921000000000006 528.82400000000018 108.90550000000002 106.98050000000002 487.2675000000001 572.55600000000015 510.62400000000008 35.853500000000004 38.743500000000004 534.65500000000009 29.470000000000002 526.87050000000011 1 514.52650000000006 518.60800000000006 555.80550000000005 21.781000000000002 105.90250000000002 27.502500000000001 482.39550000000003 37.915500000000002
decision_type=2 2 2 2 2 2 1 2 2 2 2 2 2 2 2 2 2 2 2 2 2 1 2 2 2 2 2 2 2 2
left_child=1 5 3 -2 -4 6 -1 -7 9 10 -6 12 15 -13 17 16 25 18 29 -20 -17 -22 -3 -24 -21 -8 27 -27 -29 -14
right_child=2 22 4 -5 8 7 11 -9 -10 -11 -12 13 14 -15 -16 20 -18 -19 19 24 21 -23 23 -25 -26 26 -28 28 -30 -31
leaf_value=-0.10960650713934919 -0.010178053352619426 -0.16367327108187868 -0.16825816077105918 0.093705793516867655 0.12644268958955682 -0.18311711637357408 0.11012485804753934 0.10607116472267282 0.11087351015760123 -0.12472648221160021 -0.18729681888513122 -0.17736923003640456 -0.029220878688896269 0.03988640350713165 0.14645839085203224 0.13168675056992946 -0.18646609103864531 -0.1705258078377076 -0.17781421733459912 -0.0028329963911918089 -0.18235839726156644 0.1001618918518862 0.076449970451211935 -0.13930812904497902 -0.18473041419977845 -0.1866445231307623 0.039149471677680903 0.10864167744296277 -0.20750621060899976 0.11474871231452795
leaf_weight=155.69578874111176 145.7301579862833 138.13790744543076 35.019028902053833 549.40845236182213 41.262237459421158 9.1746921241283399 43.098906487226486 85.64202319085598 55.120712667703629 47.220193296670914 10.672518610954283 17.778020650148392 159.74120183289051 347.04406708478928 15.598170936107634 88.67044685781002 19.62425708770752 53.996980413794518 81.625156447291374 70.816005736589432 16.650509119033813 22.614731729030609 38.272491753101349 91.260010480880737 19.710668653249741 45.67479282617569 169.5411335080862 36.788212865591049 17.418037235736847 28.102802529931068
leaf_count=951 621 974 254 1273 77 65 94 187 115 293 75 127 728 1140 26 156 138 378 581 302 118 52 113 605 139 322 570 85 122 66
internal_value=-2.12177e-05 -0.0268542 0.0537604 0.0719274 -0.0129536 -0.0101043 -0.0160341 0.0780886 0.022299 -0.0269399 0.0619697 -0.0044208 -0.0182482 0.0292994 -0.0622041 0.0227946 -0.00125884 -0.0700659 -0.0549976 -0.106626 0.085242 -0.0196414 -0.121032 -0.0755589 -0.0424381 0.0103709 -0.00558648 -0.0815227 0.00705421 -0.007682
internal_weight=2657.11 1772.68 884.433 695.139 189.295 1505.01 1410.19 94.8167 154.276 99.1549 51.9348 1254.49 889.672 364.822 429.591 460.081 332.145 413.993 359.996 172.152 127.936 39.2652 267.67 129.533 90.5267 312.521 269.422 99.881 54.2063 187.844
internal_count=10747 8039 2708 1894 814 6347 6095 252 560 445 152 5144 3877 1267 2220 1657 1331 2194 1816 1022 326 170 1692 718 441 1193 1099 529 207 794
cat_boundaries=0 1 2
cat_threshold=2 1
is_linear=0
shrinkage=0.1


Tree=3
num_leaves=31
num_cat=2
split_feature=3 3 1 1 2 2 3 2 3 2 3 3 0 1 1 1 3 3 1 1 1 1 3 3 2 1 3 3 2 0
split_gain=314.995 234.242 87.4712 103.477 118.311 87.4594 68.6142 93.1322 92.0713 57.2197 55.8809 54.7478 115.476 57.2129 54.5434 52.0289 80.5294 51.3154 49.1933 45.074 104.453 41.7608 188.662 98.3399 88.8483 75.7641 115.406 107.611 69.3344 67.13
threshold=49.653500000000008 44.344000000000001 518.06100000000004 488.57800000000003 108.97250000000001 107.45100000000001 24.008500000000002 105.944 21.781000000000002 110.82050000000001 59.547000000000004 42.915500000000009 0 493.79200000000009 489.32700000000006 472.80750000000006 24.863500000000005 31.027500000000003 519.99200000000008 514.52650000000006 518.60800000000006 534.65500000000009 33.111500000000007 39.256000000000007 109.01950000000001 510.62400000000008 27.687000000000005 35.853500000000004 109.57950000000001 1
decision_type=2 2 2 2 2 2 2 2 2 2 2 2 1 2 2 2 2 2 2 2 2 2 2 2 2 2 2 2 2 1
left_child=1 6 3 4 -2 -4 7 8 -1 -5 18 12 14 -13 -8 16 -14 -18 -7 -3 -21 23 -23 25 -25 26 -17 -28 -26 -24
right_child=2 19 5 9 -6 10 11 -9 -10 -11 -12 13 15 -15 -16 21 17 -19 -20 20 -22 22 29 24 28 -27 27 -29 -30 -31
leaf_value=0.087693033176241705 -0.18301154890515248 -0.15246688367238051 -0.15768741217818324 0.080489953568497863 0.14101138279884282 -0.18028056344464982 0.058515275890352651 -0.16138561439399213 -0.17111668321447593 -0.13698962490604666 -0.16337966976641061 -0.16929093194231423 0.12934851197199884 0.096673441894730913 -0.11949256842997194 -0.17233738909106341 -0.17964111887641812 -0.036609390557015196 0.056670749583525394 0.068736094496985908 -0.12876355758313227 -0.10157845447055097 0.0093508404947220958 -0.16612750820353109 0.11000574829174779 0.092231130801200545 0.056431201957404468 -0.13791266899776555 -0.20465263087005534 0.12828006539456147
leaf_weight=44.330146953463554 33.133688509464264 133.68658512830734 33.696806132793427 625.85562846064568 17.076291561126709 9.4076032340526563 20.112497001886368 66.482064947485924 19.923238858580589 12.336317628622053 14.922053664922712 8.9428620189428312 19.305754393339157 84.622374415397644 119.41290062665939 30.309163123369217 41.337771117687225 63.790340766310692 127.61035719513893 38.307846635580063 88.976465508341789 154.66337989270687 198.00153963267803 46.051547721028328 30.611725717782974 198.77444238960743 240.04691840708256 32.328548446297646 9.0799072086811048 62.424551293253899
leaf_count=106 237 974 254 1551 31 68 64 482 144 75 110 65 35 187 788 210 294 306 382 113 605 912 749 328 67 485 735 205 64 121
internal_value=-4.89106e-05 -0.0245169 0.0489835 0.0654113 -0.0728121 -0.011936 -0.00921494 -0.0784103 0.00744313 0.0762861 0.0203884 -0.00256236 -0.00801668 0.0712529 -0.0938329 0.00261017 -0.0583773 -0.0928514 0.0404018 -0.111915 -0.0693235 0.0101817 -0.0140961 0.0273436 -0.0716231 0.0442656 0.0127665 0.0333643 0.0380241 0.0378584
internal_weight=2625.56 1751.52 874.039 688.402 50.21 185.637 1490.55 130.735 64.2534 638.192 151.94 1359.82 1266.25 93.5652 139.525 1126.73 124.434 105.128 137.018 260.971 127.284 1002.29 415.089 587.202 85.7432 501.459 302.685 272.375 39.6916 260.426
internal_count=10747 8039 2708 1894 268 814 6347 732 250 1626 560 5615 5363 252 852 4511 635 600 450 1692 718 3876 1782 2094 459 1635 1150 940 131 870
cat_boundaries=0 1 2
cat_threshold=2 1
is_linear=0
shrinkage=0.1


Tree=4
num_leaves=31
num_cat=3
split_feature=3 3 1 1 2 3 2 3 3 3 3 0 1 1 0 1 3 1 0 3 1 1 3 3 3 1 2 3 1 1
split_gain=259.407 198.026 71.8882 93.5553 74.8202 57.6281 79.2621 76.879 47.5013 46.1744 137.036 61.5006 56.4175 47.1246 45.6903 45.6564 64.6675 53.5978 167.854 106.635 63.0224 63.0046 95.1752 116.006 74.4275 229.501 107.638 46.9831 45.2614 44.8917
threshold=49.653500000000008 44.344000000000001 518.06100000000004 503.18500000000006 107.49650000000001 24.008500000000002 105.944 21.781000000000002 59.547000000000004 42.125500000000009 40.360500000000009 0 493.79200000000009 489.32700000000006 1 472.80750000000006 24.863500000000005 534.65500000000009 2 32.961000000000006 542.23900000000015 510.62400000000008 35.853500000000004 27.687000000000005 30.137000000000004 513.6020000000002 105.46300000000001 31.027500000000003 469.91500000000008 472.00450000000006
decision_type=2 2 2 2 2 2 2 2 2 2 2 1 2 2 1 2 2 2 1 2 2 2 2 2 2 2 2 2 2 2
left_child=1 5 3 14 -4 6 7 -1 -6 10 11 13 -11 -7 -2 16 -13 21 19 -19 -21 22 23 -17 -23 -26 -27 -18 -29 -30
right_child=2 -3 4 -5 8 9 -8 -9 -10 12 -12 15 -14 -15 -16 17 27 18 -20 20 -22 24 -24 -25 25 26 -28 28 29 -31
leaf_value=0.079935488572557584 -0.16631996665376136 -0.10426666599838144 -0.14210368261707315 0.078939278733705487 0.038776421319783066 0.076063807313432236 -0.15123992359677052 -0.15999780810424194 -0.15384253896712718 -0.15835856248102712 -0.14793319746608269 0.11844238707146844 0.06841023288019088 -0.099439307270894853 0.0087078773115797127 -0.15878263702342521 -0.16661179984212637 -0.11640473603008261 0.12453975652976079 -0.19505223266978514 0.023694677641691884 0.13323286573282495 -0.13460666454176462 0.050945811759694482 0.17076285346009856 0.1004030404315728 -0.20394050890329224 -0.17091774131802412 0.074671569308551219 -0.17621129945429004
leaf_weight=43.796849101781845 16.890447676181793 252.65269690752029 35.156394332647324 535.20383271574974 133.15715509653091 18.272909000515938 63.975329875946045 19.212806776165962 14.164805367588995 11.928372509777544 66.916747391223907 18.990885555744171 136.69630251824856 94.022651076316833 127.49115061759949 29.639538675546646 40.170902796089649 127.89398396015167 70.037841826677322 14.411188304424284 153.01886306703091 111.87099505960941 41.654019922018051 239.33945240080357 51.52663466334343 16.093251645565033 41.815295994281769 16.109794437885284 35.743839591741562 8.9100954085588437
leaf_count=106 124 1692 270 1273 435 51 482 144 109 90 463 35 373 622 497 210 294 820 136 102 539 195 278 735 55 34 299 117 103 64
internal_value=-8.76704e-05 -0.0224762 0.0447043 0.0596681 -0.011024 -0.0084382 -0.0728331 0.0067754 0.0202564 -0.0023588 -0.00888905 -0.000651599 0.0502101 -0.0708812 -0.0117677 0.00710131 -0.0508489 0.0148464 -0.0146435 -0.0476516 0.0048665 0.0351016 0.00605277 0.0278353 0.0758755 0.0172414 -0.119361 -0.0827011 -0.0272278 0.0246112
internal_weight=2586.77 1724.7 862.064 679.585 182.478 1472.05 126.985 63.0097 147.322 1345.06 1196.44 1129.52 148.625 112.296 144.382 1017.23 119.926 897.301 365.362 295.324 167.43 531.939 310.633 268.979 221.306 109.435 57.9085 100.935 60.7637 44.6539
internal_count=10747 8039 2708 1894 814 6347 732 250 544 5615 5152 4689 463 673 621 4016 613 3403 1597 1461 641 1806 1223 945 583 388 333 578 284 167
cat_boundaries=0 1 2 3
cat_threshold=2 1 1
is_linear=0
shrinkage=0.1


Tree=5
num_leaves=31
num_cat=1
split_feature=3 3 1 1 2 1 1 3 3 3 0 2 1 1 1 2 1 1 3 1 1 2 2 2 3 3 1 2 1 1
split_gain=214.027 165.872 59.2434 77.7137 64.4952 50.9053 49.1828 61.4728 71.2238 45.8485 95.9292 43.3588 42.3978 90.1961 41.2442 78.4919 40.5425 78.8131 57.6346 62.7691 63.7077 40.4909 40.2119 40.2087 54.1548 40.2822 37.114 36.5525 35.4264 42.0021
threshold=49.653500000000008 44.344000000000001 518.06100000000004 503.18500000000006 107.45100000000001 464.6040000000001 541.58000000000015 52.921000000000006 51.14050000000001 42.915500000000009 0 106.73150000000001 514.52650000000006 518.60800000000006 518.06100000000004 109.37650000000001 466.16700000000009 469.91500000000008 25.657000000000004 528.25700000000018 481.7770000000001 110.82050000000001 107.95350000000001 107.99850000000002 54.505000000000003 51.234000000000002 493.79200000000009 110.16150000000002 488.57800000000003 486.39600000000007
decision_type=2 2 2 2 2 2 2 2 2 2 1 2 2 2 2 2 2 2 2 2 2 2 2 2 2 2 2 2 2 2
left_child=1 5 3 11 -4 -1 7 8 -6 10 28 -2 -3 14 15 -14 -12 -18 19 20 -19 -5 -22 -13 25 -25 -11 -15 29 -7
right_child=2 12 4 21 6 9 -8 -9 -10 26 16 23 13 27 -16 -17 17 18 -20 -21 22 -23 -24 24 -26 -27 -28 -29 -30 -31
leaf_value=-0.18507301830171408 0.1034826206937673 -0.13785360287589563 -0.14274481837512612 0.076211433274062657 -0.16583878352688858 -0.17366597281579713 0.093695645289472565 -0.11091481939777251 0.11510957731991996 -0.15112312699931074 0.10476437714664009 -0.13989494054651616 -0.19787634992887768 -0.15113325895104679 0.20216972903547364 0.1686602781650938 -0.16322584932584336 -0.14903757533701811 0.0078818662107621382 -0.15001892252969579 0.10141811440507152 -0.1242092467545424 -0.11791094795995039 0.04563429659197079 0.059810666584079103 -0.17993291365210692 0.082799127116506957 0.0017683453435602559 -0.10783421745881086 0.124618013883789
leaf_weight=16.014542445540428 27.013429194688797 123.83033679425716 30.46944135427475 516.12386184930801 11.761324018239973 6.9027535617351559 53.500038683414459 45.092092782258987 38.762555524706841 7.3928905725479117 35.121828213334084 28.699085086584091 11.435312032699587 62.725990265607834 14.924669265747069 11.945347264409063 30.382938139140606 21.5555724427104 1006.8661445453763 50.641799353063107 40.408727839589119 10.281060844659804 10.539382830262182 12.203963242471216 53.224038779735565 22.537941627204418 82.158884838223457 20.825786605477333 123.62428677082062 14.934028178453444
leaf_count=122 61 974 254 1213 78 50 115 293 74 58 80 198 80 490 15 18 223 171 3988 404 99 60 64 40 158 164 187 115 873 28
internal_value=-0.00011529 -0.0206766 0.0408353 0.0545053 -0.010171 -0.00777384 0.0169184 -0.0260409 0.0497083 -0.005789 -0.0104154 -0.0106799 -0.0966446 -0.0547683 0.072294 -0.0106101 -0.00108583 -0.00428962 -1.62528e-05 -0.0645931 -0.00492557 0.0722971 0.0560466 -0.0371139 -0.00358131 -0.100697 0.0634878 -0.113022 -0.0870931 0.0303284
internal_weight=2541.9 1692.23 849.669 670.083 179.585 1446.54 149.116 95.616 50.5239 1430.53 1340.98 143.678 245.687 121.857 38.3053 23.3807 1195.52 1160.39 1130.01 123.145 72.5037 526.405 50.9481 116.665 87.9659 34.7419 89.5518 83.5518 145.461 21.8368
internal_count=10747 8039 2708 1894 814 6347 560 445 152 6225 5980 621 1692 718 113 98 5029 4949 4726 738 334 1273 163 560 362 204 245 605 951 78
cat_boundaries=0 1
cat_threshold=2
is_linear=0
shrinkage=0.1


Tree=6
num_leaves=31
num_cat=2
split_feature=3 3 1 2 1 2 1 1 2 1 1 2 1 0 3 0 1 3 1 1 3 1 3 3 1 1 1 2 1 1
split_gain=177.135 142.33 53.0687 91.7481 63.6914 55.8027 42.8171 40.7387 54.1162 50.0911 39.3155 39.0288 97.4853 94.789 57.0139 54.9795 57.7418 101.76 52.0014 88.2401 59.2921 88.0784 79.6728 70.9123 51.939 53.1281 74.066 112.453 104.51 71.3406
threshold=49.653500000000008 44.344000000000001 488.57800000000003 108.97250000000001 518.06100000000004 107.45100000000001 464.6040000000001 541.58000000000015 108.02750000000002 528.25700000000018 519.99200000000008 108.98750000000001 546.76050000000009 0 41.39950000000001 1 510.62400000000008 35.853500000000004 513.31650000000013 519.99200000000008 27.502500000000001 528.25700000000018 42.718000000000011 36.52450000000001 486.39600000000007 501.05750000000006 550.41300000000012 109.57950000000001 546.00950000000012 547.62100000000009
decision_type=2 2 2 2 2 2 2 2 2 2 2 2 2 1 2 1 2 2 2 2 2 2 2 2 2 2 2 2 2 2
left_child=1 6 3 -2 -4 -6 -1 8 -7 10 -10 12 15 14 -14 -8 17 -17 -18 -20 21 -21 23 -22 -13 -26 27 28 -27 -29
right_child=2 -3 4 -5 5 7 11 -9 9 -11 -12 24 13 -15 -16 16 18 -19 19 20 22 -23 -24 -25 25 26 -28 29 -30 -31
leaf_value=-0.17242452145785378 -0.16541900087736386 -0.090960682526703487 0.059020747698695121 0.12463529827058911 -0.13705869442932181 -0.16104143671429341 -0.068147235261348568 0.086153497806636864 -0.169824068292171 -0.17869528462953932 0.082726310641707504 -0.15744872492728465 0.11277586856328595 -0.12222857858179181 -0.19145920494027685 0.0078769444371466959 0.1387651330955689 -0.11929841162558824 -0.19582370946496622 0.16290787714010119 0.011333940610251862 -0.14409798179542452 0.14822994842976711 -0.17217228728179423 0.10300071561871681 0.06381776633897504 0.071265438800601127 -0.16889290920561062 -0.20688131747242677 0.10912445469504511
leaf_weight=15.496433235704897 31.336340740323067 235.68085721135139 609.90716090798378 16.726191177964211 28.653567984700203 22.021336123347282 107.68392793834209 52.422050565481186 6.9633747041225424 10.944672197103499 53.700229443609715 15.762246504426001 31.717305958271027 138.05208422243595 7.6443137228488913 363.53262436389923 47.959655046463013 76.085432283580303 16.874397836625576 60.841290891170502 84.688532263040543 11.040732011198996 30.354900777339935 28.027208141982555 75.723842337727547 110.83496822416782 122.04035148024559 61.494265452027321 16.368401437997818 10.859788626432417
leaf_count=122 237 1692 1626 31 254 170 676 115 52 78 145 123 65 989 55 1465 69 522 123 70 329 92 39 209 170 340 333 418 115 23
internal_value=-0.000148102 -0.0189455 0.0375238 -0.0644775 0.043772 -0.0094623 -0.00710209 0.0155706 -0.0239479 0.0182117 0.0537369 -0.00529486 -0.0159353 -0.0831984 0.0536912 -0.00150716 0.00846784 -0.0141335 0.0439805 0.0243717 0.0416577 0.115753 0.00443034 -0.0342956 0.0205798 0.0276424 0.00989841 -0.0276309 0.0289845 -0.127165
internal_weight=2501.44 1668.76 832.675 48.0625 784.612 174.705 1433.08 146.052 93.6296 71.6083 60.6636 1417.59 1004.5 177.414 39.3616 827.089 719.405 439.618 279.787 231.827 214.953 71.882 143.071 112.716 413.084 397.322 321.598 199.557 127.203 72.3541
internal_count=10747 8039 2708 268 2440 814 6347 560 445 275 197 6225 4703 1109 120 3594 2918 1987 931 862 739 162 577 538 1522 1399 1229 896 455 441
cat_boundaries=0 1 2
cat_threshold=4 2
is_linear=0
shrinkage=0.1


Tree=7
num_leaves=31
num_cat=1
split_feature=3 3 3 0 1 1 1 1 1 2 1 2 1 3 1 1 3 1 1 2 1 2 3 3 1 2 3 1 1 1
split_gain=146.334 120.707 52.5033 70.5202 46.1454 76.1702 44.4732 72.1012 54.1328 38.368 37.3171 36.4961 36.0528 33.7735 33.461 66.3929 44.077 49.4147 53.4408 32.2928 30.9054 42.0748 30.3548 71.5823 67.8994 29.1949 28.7237 31.7639 27.1138 29.0861
threshold=49.653500000000008 43.703500000000012 42.915500000000009 0 514.52650000000006 522.99550000000011 521.3995000000001 541.58000000000015 503.18500000000006 110.16150000000002 464.6040000000001 106.73150000000001 545.39700000000005 48.797000000000004 466.16700000000009 469.91500000000008 25.657000000000004 528.25700000000018 481.7770000000001 110.82050000000001 496.32900000000001 107.99850000000002 38.030000000000008 36.264500000000005 514.52650000000006 107.95350000000001 54.505000000000003 494.45400000000006 572.55600000000015 558.99750000000006
decision_type=2 2 2 1 2 2 2 2 2 2 2 2 2 2 2 2 2 2 2 2 2 2 2 2 2 2 2 2 2 2
left_child=1 2 3 22 -3 13 8 -8 11 -7 -5 -2 -11 -6 -12 -16 17 18 -17 -10 21 -13 23 -1 -25 -20 27 -23 29 -18
right_child=6 4 -4 10 5 9 7 -9 19 12 14 20 -14 -15 15 16 28 -19 25 -21 -22 26 -24 24 -26 -27 -28 -29 -30 -31
leaf_value=-0.11368077263205581 0.094827892164438571 -0.12750846216416892 0.078289510358574288 -0.16396019892725033 0.078126194873477328 -0.15081122159108623 -0.097448668363638066 0.05891392027300927 0.061172381507486329 -0.14677003480264075 0.096377545586782395 -0.1358493114912154 0.12410380250337812 -0.17017459785194447 -0.15231870292096669 -0.14221485870723635 0.0082275011397045898 -0.13924321078285196 0.088950991292336259 -0.11775360950339397 -0.14820864703678094 -0.16905213047898213 -0.15068592827667046 0.15440765329459644 -0.14358984588086512 -0.10059579380888317 0.068915404328886931 0.063860145851409422 0.15284875687864719 -0.094325643392306216
leaf_weight=61.245628818869591 26.110880494117737 117.04749719053507 70.146616898477077 14.164164103567598 47.803341448307037 53.667560502886772 61.391881510615349 56.750987887382507 549.37520191818476 8.4424771666526812 34.484667882323265 21.168772377073765 11.755642786622046 6.1869631409645072 29.250353746116161 20.317230939865112 951.96244545280933 45.518626488745213 39.705834656953812 10.275592893362044 20.268661767244339 13.174268260598184 40.674014642834663 25.146354697644711 10.986810997128485 10.2168917581439 48.160726651549339 10.539654463529585 12.605568885803221 28.483385652303696
leaf_count=469 61 1012 168 115 148 455 420 167 1440 68 80 160 47 46 223 171 3802 404 99 60 142 102 328 63 91 64 128 28 14 172
internal_value=-0.000161881 -0.0173901 -0.00602181 -0.0104861 -0.0821408 -0.0406084 0.0344079 -0.0223385 0.043998 -0.106597 -0.00261678 -0.011754 0.0108831 0.0496724 -0.000667777 -0.00360837 0.000314598 -0.0580819 -0.0054857 0.0578872 -0.036314 -0.0119387 -0.0781314 -0.0478262 0.0637972 0.0501595 0.0245558 -0.0655343 0.00712179 0.00524818
internal_weight=2457.03 1639.81 1394.91 1324.76 244.903 127.856 817.217 118.143 699.074 73.8657 1186.71 139.423 20.1981 53.9903 1172.55 1138.06 1108.81 115.759 70.24 559.651 113.312 93.0434 138.053 97.3788 36.1332 49.9227 71.8746 23.7139 993.051 980.446
internal_count=10747 8039 6263 6095 1776 764 2708 587 2121 570 5144 621 115 194 5029 4949 4726 738 334 1500 560 418 951 623 154 163 258 130 3988 3974
cat_boundaries=0 1
cat_threshold=2
is_linear=0
shrinkage=0.1


Tree=8
num_leaves=31
num_cat=1
split_feature=3 3 3 0 1 1 3 1 1 1 2 1 1 2 1 1 1 3 3 3 1 1 2 2 1 1 1 1 3 3
split_gain=121.118 103.83 43.4904 60.1485 41.7903 64.6226 40.4475 138.594 62.9181 38.0925 69.6159 37.0153 55.3446 34.2896 31.9188 31.5283 71.7372 34.6595 115.405 40.2387 29.523 29.3918 29.1216 83.7397 39.1455 38.6791 103.445 38.5669 37.5768 47.8282
threshold=49.653500000000008 43.703500000000012 42.915500000000009 0 514.52650000000006 522.99550000000011 60.406000000000006 510.62400000000008 502.98400000000009 488.57800000000003 108.97250000000001 521.3995000000001 541.94200000000012 110.16150000000002 464.6040000000001 514.31400000000019 512.82700000000011 57.352000000000011 55.81900000000001 57.208000000000006 545.39700000000005 515.93200000000013 108.90550000000002 106.98050000000002 487.2675000000001 466.16700000000009 471.24450000000007 501.05750000000006 40.086000000000006 32.449500000000008
decision_type=2 2 2 1 2 2 2 2 2 2 2 2 2 2 2 2 2 2 2 2 2 2 2 2 2 2 2 2 2 2
left_child=1 2 3 -1 -3 -6 9 8 -8 10 -2 15 -13 -7 -5 16 17 18 -11 -20 -15 -17 23 25 -24 -16 -27 -26 29 -25
right_child=6 4 -4 14 5 13 7 -9 -10 11 -12 12 -14 20 22 21 -18 -19 19 -21 -22 -23 24 28 27 26 -28 -29 -30 -31
leaf_value=-0.073394679884090985 -0.15651944995940822 -0.12235522211836214 0.072034360811694606 -0.15534287104601413 0.044874301689792472 -0.14462664166869718 -0.18151870207455897 -0.19215677535905684 0.092548614249543554 0.050296892201612445 0.1091943039620204 -0.077394394607465569 0.068002731731124574 -0.14038558233472048 0.13108011607013387 0.13218067497535893 -0.1758746322973499 0.10145876528710077 -0.26906054858596745 0.031421736863570915 0.10688240816038053 0.052760132201015435 -0.15088726816231238 -0.066489932866275442 0.1128880116016464 -0.151709915964961 0.027589927420421097 0.016105802314528198 -0.14966726725864368 0.0075996208023145556
leaf_weight=132.79296420514584 25.263345807790756 110.13701643794775 68.691746801137924 13.489562489092348 53.743522204458714 50.52784987539053 9.7413287758827192 34.025640442967415 59.784833699464798 236.98031949996948 16.171798020601273 55.161879107356071 49.827667221426964 7.9681643247604397 29.052385732531548 87.210143357515335 14.865847676992415 91.135815501213074 16.311059311032299 6.132075607776641 12.255196765065191 100.06056492030621 12.435513503849505 207.34292981773615 47.9319898635149 35.344716064631939 359.04456223547459 292.03348605334759 31.271246328949928 150.28302612900734
leaf_count=951 205 1012 168 115 194 455 77 291 121 666 31 357 125 68 45 125 91 183 125 18 47 293 102 1295 89 274 1287 1051 250 636
internal_value=-0.000202337 -0.015987 -0.00552866 -0.00959261 -0.0774855 -0.0377905 0.031544 -0.0267836 0.054149 0.0401833 -0.0528135 0.0460422 -0.00838943 -0.100584 -0.00240177 0.056382 0.0392841 0.0484081 0.0297714 -0.186961 0.00945686 0.0897455 -0.000630463 -0.0110451 0.0233768 0.0197242 0.0115213 0.0297512 -0.0445475 -0.0353557
internal_weight=2417.02 1614.35 1379.71 1311.02 234.632 124.495 802.672 103.552 69.5262 699.121 41.4351 657.685 104.99 70.7512 1178.23 552.696 365.425 350.559 259.423 22.4431 20.2234 187.271 1164.74 812.339 352.401 423.442 394.389 339.965 388.897 357.626
internal_count=10747 8039 6263 6095 1776 764 2708 489 198 2219 236 1983 482 570 5144 1501 1083 992 809 143 115 418 5029 3787 1242 1606 1561 1140 2181 1931
cat_boundaries=0 1
cat_threshold=2
is_linear=0
shrinkage=0.1


Tree=9
num_leaves=31
num_cat=2
split_feature=3 3 3 0 3 1 1 1 2 1 1 1 1 1 3 3 3 1 2 2 3 2 3 1 1 1 0 3 3 1
split_gain=100.623 90.524 47.7804 50.2727 33.5172 117.259 52.9484 31.7018 59.3907 30.6346 45.6584 30.3619 57.9252 36.3752 32.8358 27.9214 62.3082 56.301 27.6875 37.9012 90.0448 37.568 27.5999 27.5059 26.2517 67.5526 46.0836 34.7556 50.8025 98.1495
threshold=49.653500000000008 43.522000000000013 42.915500000000009 0 60.406000000000006 510.62400000000008 502.98400000000009 488.57800000000003 108.97250000000001 521.3995000000001 541.94200000000012 514.52650000000006 522.99550000000011 545.39700000000005 45.589500000000008 38.030000000000008 36.264500000000005 514.52650000000006 106.95250000000001 107.95350000000001 50.813500000000005 108.27450000000002 48.797000000000004 464.6040000000001 514.31400000000019 512.61000000000013 1 52.921000000000006 57.208000000000006 507.81050000000005
decision_type=2 2 2 1 2 2 2 2 2 2 2 2 2 2 2 2 2 2 2 2 2 2 2 2 2 2 1 2 2 2
left_child=1 2 3 15 7 6 -6 8 -2 18 -11 -3 22 -14 -15 16 -1 -18 -9 20 -20 -21 -13 -5 25 26 -23 -28 29 -29
right_child=4 11 -4 23 5 -7 -8 9 -10 10 -12 12 13 14 -16 -17 17 -19 19 21 -22 24 -24 -25 -26 -27 27 28 -30 -31
leaf_value=-0.10326162957967266 -0.14893246901732346 -0.11073638404595157 0.083814936302840232 -0.14820869956219845 -0.17009157182005408 -0.18047265866139975 0.086062106895417073 0.11539607495104885 0.10106952845375916 -0.07069293384866096 0.062509734221914609 0.065005015220995943 -0.14673208550511987 0.16706891235662624 -0.084988841740296833 -0.14091704603604438 0.1452194565110492 -0.13509602909360205 0.11462581142536582 0.10749766344458425 -0.15422502195226903 -0.19102505038764661 -0.16217646048715084 -0.00059263476535107947 0.076861613363037914 -0.21166815741151446 0.085056137257459308 0.027013575197220391 0.10842502469867339 -0.22929431577730025
leaf_weight=56.731000363826752 23.962185345590115 109.00939851254225 58.253987491130829 12.762458786368368 9.3748612478375417 32.675118006765842 57.958475366234779 60.713746562600136 15.746913641691206 54.393092758953571 48.838709160685539 47.862574800848961 48.352652929723263 8.1823791861534136 14.030482888221739 37.288468822836876 25.329181373119354 9.9914640933275205 21.944841176271439 98.816390462219715 28.815765172243118 8.9736372381448763 6.020264543592929 1154.2392800152302 111.4668590053916 12.170781418681143 93.666906103491783 54.682292625308037 31.394141919910908 20.557154551148415
leaf_count=469 205 1035 126 115 77 291 121 102 31 357 125 149 454 21 113 328 63 91 37 183 188 69 46 5029 260 84 203 178 56 141
internal_value=-0.000208651 -0.0146934 -0.00478167 -0.00876295 0.029051 -0.0250331 0.0503977 0.036934 -0.0497925 0.0422614 -0.00767508 -0.0722043 -0.0384524 -0.0980691 0.00785971 -0.0679158 -0.0383443 0.0659241 0.0517515 0.0437428 -0.0379953 0.0533532 0.0396223 -0.00220698 0.0372818 0.0173588 0.0306784 0.0406109 0.0015702 -0.0430157
internal_weight=2374.21 1588.05 1354.6 1296.34 786.152 100.008 67.3333 686.143 39.7091 646.434 103.232 233.458 124.448 70.5655 22.2129 129.34 92.0516 35.3206 543.203 482.489 50.7606 431.728 53.8828 1167 332.912 221.445 209.274 200.3 106.634 75.2394
internal_count=10747 8039 6221 6095 2708 489 198 2219 236 1983 482 1818 783 588 134 951 623 154 1501 1399 225 1174 195 5144 991 731 647 578 375 319
cat_boundaries=0 1 2
cat_threshold=2 1
is_linear=0
shrinkage=0.1


Tree=10
num_leaves=31
num_cat=4
split_feature=3 3 3 0 1 1 1 3 0 1 1 1 0 2 3 2 2 1 3 3 1 1 3 3 3 1 1 3 1 0
split_gain=83.9158 72.8899 39.8689 43.2238 32.922 28.9706 40.7453 42.8595 45.2372 35.7514 27.323 70.1875 27.236 28.4284 25.5893 25.4393 65.2748 36.9226 32.9362 38.5721 49.8461 93.6026 73.4213 37.7823 47.7269 32.5325 31.6397 40.8447 35.3331 47.0232
threshold=49.827500000000008 43.522000000000013 42.915500000000009 0 545.39700000000005 521.3995000000001 527.39150000000006 52.469500000000004 1 503.18500000000006 522.99550000000011 514.52650000000006 2 106.73150000000001 48.797000000000004 108.90550000000002 106.98050000000002 487.2675000000001 40.086000000000006 32.449500000000008 519.99200000000008 534.65500000000009 29.868500000000001 29.470000000000002 29.600500000000004 501.05750000000006 510.62400000000008 35.853500000000004 526.87050000000011 3
decision_type=2 2 2 1 2 2 2 2 1 2 2 2 1 2 2 2 2 2 2 2 2 2 2 2 2 2 2 2 2 1
left_child=1 2 3 -1 10 9 -7 -8 -9 12 11 -3 -2 -14 -13 16 26 -17 19 20 -18 22 -22 -23 -25 -19 27 -5 -28 -30
right_child=5 4 -4 15 -6 6 7 8 -10 -11 -12 14 13 -15 -16 17 18 25 -20 -21 21 23 -24 24 -26 -27 28 -29 29 -31
leaf_value=-0.064127888898144317 -0.14851323076033829 -0.10620378929848125 0.077826834023920516 0.00754635130502048 0.037013046442971542 -0.14669566639475626 -0.13992878446802989 -0.16181905374011563 0.077737439269089173 0.046516498898095129 -0.14558231430063925 0.058721773726859938 0.10649469468681293 -0.020770813872292522 -0.16058820794061884 -0.1405137128568803 -0.1683167043681825 0.10446586979844515 -0.14282936616836395 0.0051398781880849578 0.13069650380788664 -0.13819044213287873 -0.1871717731613356 0.17766208927871152 -0.06857034950133982 0.014573925815049019 0.097280375111561485 -0.14971991223014028 0.074480038101700077 -0.15676989802941649
leaf_weight=123.84288508445024 13.191170066595078 105.47018160670996 56.553039237856865 293.19250376522541 27.963923558592796 20.92166455835104 15.515823073685167 9.1438585519790667 57.157017722725868 525.13398694247007 47.028648801147938 47.694021284580231 21.627615407109261 93.146203525364399 5.988382212817668 13.693420633673666 35.892456814646721 46.707469597458839 29.566505365073681 152.31747323274612 41.778061598539352 65.217899210751057 8.796541213989256 9.5506231784820539 44.781147137284279 291.66338285803795 79.423011884093285 17.50020158290863 21.085555449128151 15.083419382572172
leaf_count=951 115 1053 126 1193 141 199 111 83 171 1489 470 149 41 456 48 127 275 89 250 657 76 593 62 25 282 1051 156 138 52 118
internal_value=-0.000204393 -0.0133084 -0.00435449 -0.00795703 -0.0648052 0.0272019 -0.0221596 0.00968603 0.0446991 0.0349669 -0.0786146 -0.0588261 -0.0124296 0.0032107 0.0342573 -0.0019923 -0.0117042 0.0204676 -0.0413868 -0.0330166 -0.0612275 -0.038634 0.075409 -0.0868791 -0.0252868 0.0269823 0.0153056 -0.00131189 0.0599707 -0.0219573
internal_weight=2336.63 1580.79 1346.65 1290.09 234.145 755.837 102.738 81.8167 66.3009 653.099 206.181 159.153 127.965 114.774 53.6824 1166.25 814.185 352.064 387.901 358.334 206.017 170.124 50.5746 119.55 54.3318 338.371 426.285 310.693 115.592 36.169
internal_count=10747 8082 6221 6095 1861 2665 564 365 254 2101 1720 1250 612 497 197 5144 3877 1267 2220 1970 1313 1038 138 900 307 1140 1657 1331 326 170
cat_boundaries=0 1 2 3 4
cat_threshold=2 1 1 4
is_linear=0
shrinkage=0.1


Tree=11
num_leaves=31
num_cat=2
split_feature=3 3 1 1 1 2 2 2 1 1 1 3 1 2 2 3 2 3 3 3 3 3 1 2 3 3 1 0 2 0
split_gain=69.6982 68.2619 32.2291 41.7509 31.7346 52.8784 28.4868 88.6074 51.6872 50.3134 32.1724 39.3054 76.4076 82.0703 71.0622 65.9 62.5332 39.4091 35.2944 41.5189 55.6153 50.385 34.568 32.5192 28.4088 72.7841 39.1872 64.1939 54.693 54.0796
threshold=49.653500000000008 43.703500000000012 514.52650000000006 518.60800000000006 518.06100000000004 109.37650000000001 108.81250000000001 108.16750000000002 486.39600000000007 500.29100000000005 507.94700000000006 30.137000000000004 547.62100000000009 109.52050000000001 109.73850000000002 36.417000000000009 109.41550000000002 40.086000000000006 34.617500000000007 36.029000000000003 39.790000000000006 40.360500000000009 514.52650000000006 108.83950000000002 42.718000000000011 40.086000000000006 526.87050000000011 0 104.87250000000002 1
decision_type=2 2 2 2 2 2 2 2 2 2 2 2 2 2 2 2 2 2 2 2 2 2 2 2 2 2 2 1 2 1
left_child=1 6 -3 4 5 -4 7 24 -8 -10 -11 14 13 15 -12 22 18 -17 -14 -20 -21 -22 -13 -24 25 26 27 -1 -29 -28
right_child=-2 2 3 -5 -6 -7 8 -9 9 10 11 12 16 -15 -16 17 -18 -19 19 20 21 -23 23 -25 -26 -27 29 28 -30 -31
leaf_value=0.075550771230705027 0.024672544364999695 -0.11053057990978339 -0.17772371598129513 -0.073203144789033267 0.17142865944281546 0.12564795094539247 -0.14144809344005643 -0.07840456239376592 0.093689661167752278 -0.18156440096032361 0.12946880275674164 0.099357727534823234 -0.16225384364649459 -0.16820559939732851 -0.17254636686420757 0.11323321821446948 0.1039582956287658 -0.12894546331758525 0.11025263297321788 -0.21175848473976983 0.16558512788537205 -0.13238986694849092 0.10281210541813679 -0.18669463537193187 0.090018293138925634 -0.14441253209555044 0.053541597848966532 -0.17181070683475586 0.00356219231830072 -0.099124784938483021
leaf_weight=133.36424142867327 754.10475414991379 91.034659132361412 10.867404192686083 76.303146980702877 14.511769115924833 12.190569981932638 20.002918869256973 175.24871104955673 81.86378288269043 8.8372280448675138 52.189555287361145 7.0673973262310019 14.468342304229735 45.643443323671818 9.1578584611415845 41.236238121986389 82.006151303648949 8.0273458883166295 25.205222487449646 14.191629871726034 13.407137893140318 9.8392074555158597 4.5279616788029697 27.109711602330208 34.212844558060169 34.69802625477314 33.987034432590008 18.689648665487766 366.61082293838263 73.127910561859608
leaf_count=341 2708 1012 80 647 15 22 185 1169 189 66 121 15 99 326 75 81 170 61 50 102 18 59 16 198 77 312 107 149 1662 615
internal_value=-0.000235021 -0.0124347 -0.0661747 -0.0307147 0.0555782 -0.0173335 -0.00418445 -0.0148629 0.0158025 0.0228745 0.00690053 0.0116043 -0.0036482 -0.0594016 0.0843844 -0.00294748 0.0431682 0.073771 -0.0214804 0.0110332 -0.0557666 0.0394648 -0.100594 -0.145261 0.00116672 -0.0034358 0.00438103 0.0157532 -0.00494457 -0.0506845
internal_weight=2293.73 1539.63 204.908 113.873 37.5697 23.058 1334.72 869.939 464.781 444.778 362.914 354.077 292.73 133.612 61.3474 87.9687 159.118 49.2636 77.1115 62.6432 37.438 23.2463 38.7051 31.6377 694.691 660.478 625.78 518.665 385.3 107.115
internal_count=10747 8039 1776 764 117 102 6263 4432 1831 1646 1457 1391 1195 697 196 371 498 142 328 229 179 77 229 214 3263 3186 2874 2152 1811 722
cat_boundaries=0 1 2
cat_threshold=1 4
is_linear=0
shrinkage=0.1


Tree=12
num_leaves=31
num_cat=0
split_feature=3 3 3 1 1 1 1 2 3 2 3 1 2 1 2 1 3 3 3 1 1 3 2 1 3 3 2 3 3 1
split_gain=57.2748 59.7872 27.9027 97.9999 42.1776 25.3535 43.811 28.4124 24.6469 41.7519 56.5617 24.5982 49.2088 24.3201 22.285 20.708 39.0834 32.7588 29.9677 31.5112 29.7614 71.1601 35.2969 89.4024 72.4546 72.2863 66.7526 51.6375 49.5725 73.527
threshold=49.653500000000008 44.344000000000001 60.406000000000006 510.62400000000008 502.98400000000009 514.52650000000006 518.60800000000006 110.16150000000002 24.008500000000002 105.944 21.781000000000002 518.06100000000004 109.37650000000001 472.4355000000001 110.82050000000001 472.80750000000006 24.863500000000005 31.027500000000003 34.617500000000007 472.00450000000006 476.48650000000004 27.502500000000001 108.76650000000002 505.45700000000005 33.58850000000001 31.570500000000003 108.20750000000001 27.502500000000001 42.718000000000011 513.03950000000009
decision_type=2 2 2 2 2 2 2 2 2 2 2 2 2 2 2 2 2 2 2 2 2 2 2 2 2 2 2 2 2 2
left_child=1 8 13 4 -4 -3 11 -8 9 10 -1 12 -7 -2 -15 16 -10 -18 19 -19 21 -17 23 24 25 -22 27 -25 29 -29
right_child=2 5 3 -5 -6 6 7 -9 15 -11 -12 -13 -14 14 -16 20 17 18 -20 -21 22 -23 -24 26 -26 -27 -28 28 -30 -31
leaf_value=0.069559981866726517 -0.14803127243947894 -0.10662800812588291 -0.16038612119889872 -0.17493497819162129 0.075385781040943053 -0.16557361293773154 -0.12629213910630696 0.020875009737050546 0.098698696301503241 -0.12215170093003305 -0.14787602849913531 0.16017581447695997 0.13414688008808204 0.034191827167477457 -0.10862942515826826 -0.1483386847228122 -0.14324438627605768 0.090989621451609326 -0.096295837883442287 -0.16546672984000746 -0.16582459477704234 0.085801829155838019 0.019250632208708207 0.11702126531189164 -0.1672001102167095 0.060393591524337355 -0.062770228796254643 0.068085809846710976 0.11672403283345288 -0.051975242829087977
leaf_weight=40.714226484298706 7.6136039569973937 81.884744077920914 8.8142317682504636 30.784124672412872 54.51601842045784 10.515996888279917 43.577696852385998 18.768677979707718 16.990621447563171 45.899529680609703 16.941716328263283 14.003700613975523 11.433758825063704 636.82722032815218 11.115850150585173 15.055479563772677 34.812261670827866 26.397879458963871 28.498177327215672 5.8535327017307273 21.341319598257542 94.170080229640007 452.3648149818182 53.279535129666328 63.817540809512138 41.7763417288661 111.51953326910734 79.548684746026993 36.596640005707741 142.17361027747393
leaf_count=106 68 974 77 291 121 80 490 115 35 482 144 15 18 2078 73 126 301 75 212 45 167 246 1727 108 513 125 730 250 61 894
internal_value=-0.000245987 -0.0114765 0.0223439 -0.0285734 0.0425713 -0.0655286 -0.0312924 -0.0819891 -0.00414133 -0.0509862 0.00566823 0.05662 -0.00944742 0.0296538 0.0317416 -0.000178694 -0.0410528 -0.0659002 -0.0215785 0.0444436 0.00395976 0.0535283 -0.00144133 -0.0184584 -0.0920642 -0.0160952 0.00362326 0.0273852 0.00889728 -0.00890019
internal_weight=2257.61 1507.94 749.671 94.1144 63.3303 180.185 98.2998 62.3464 1327.75 103.555 57.6559 35.9535 21.9498 655.557 647.943 1224.2 112.552 95.5619 60.7496 32.2514 1111.64 109.226 1002.42 550.053 126.935 63.1177 423.118 311.598 258.319 221.722
internal_count=10747 8039 2708 489 198 1692 718 605 6347 732 250 113 98 2219 2151 5615 668 633 332 120 4947 372 4575 2848 805 292 2043 1313 1205 1144
is_linear=0
shrinkage=0.1


Tree=13
num_leaves=31
num_cat=3
split_feature=3 3 2 2 1 3 1 2 3 3 1 1 1 2 0 3 2 1 3 3 3 3 0 3 3 1 0 1 1 2
split_gain=47.9798 33.263 28.1837 56.8621 66.2826 36.7341 39.7185 31.7092 31.4001 46.9613 29.1504 78.1814 66.4485 33.979 32.2416 36.6546 58.6909 54.2028 29.661 40.9298 28.8988 25.723 30.9081 23.8263 50.4805 41.9124 23.815 26.5217 53.9996 35.7893
threshold=50.702000000000005 43.522000000000013 107.89950000000002 106.98050000000002 541.58000000000015 51.415000000000006 520.35650000000021 108.27450000000002 52.921000000000006 53.425500000000007 514.31400000000019 510.4695000000001 515.93200000000013 109.69350000000001 0 57.208000000000006 109.20800000000001 505.94500000000005 57.352000000000011 58.576500000000003 50.813500000000005 42.915500000000009 1 38.030000000000008 36.264500000000005 514.52650000000006 2 545.39700000000005 522.99550000000011 108.85550000000002
decision_type=2 2 2 2 2 2 2 2 2 2 2 2 2 2 1 2 2 2 2 2 2 2 1 2 2 2 1 2 2 2
left_child=1 21 3 5 20 -2 -7 -4 -9 -10 11 14 -12 -14 -11 16 -16 -18 -13 -20 -5 22 23 24 -1 -26 -3 28 29 -28
right_child=2 26 7 4 -6 6 -8 8 9 10 12 18 13 -15 15 -17 17 -19 19 -21 -22 -23 -24 -25 25 -27 27 -29 -30 -31
leaf_value=-0.091119034101155336 -0.18095110045425114 -0.10761138824129078 0.076993002811670486 0.094465899992740035 0.085376088893496307 0.077518632840827259 -0.12449883487798036 0.064483439028892697 -0.218956233515154 0.11412032551563643 0.12932535605790982 -0.22476375288424061 0.0081164753419599427 -0.2106586408458905 -0.22455307817055817 0.071049355245670728 -0.20961011807489494 0.071909749679316612 0.12933831032876528 -0.21316178802775432 -0.14732156977723462 0.065484980005590179 -0.0011576767283050706 -0.12953437391511904 0.1321545822029393 -0.12567776784288137 0.037629748189648815 0.062880425742632362 -0.14946567308980538 -0.060126722063972932
leaf_weight=50.145656205713749 7.1338710337877265 46.184082418680191 129.64506760239601 5.4266366511583319 19.663445964455605 84.612095952033997 10.997209787368773 107.49692887812853 9.4373603016138059 28.208801791071892 50.532256677746773 20.953436106443405 29.379234544932842 9.3613960072398168 15.510102480649946 34.97134256362915 8.9249819293618184 29.264285989105701 7.1996177583932859 6.7701274901628494 55.494565092027187 52.097839869558811 1114.8741851262748 31.59779092669487 25.101088464260101 8.419506333768366 69.222881779074669 27.691152170300484 37.418675966560841 81.595536477863789
leaf_count=469 56 505 310 12 48 201 125 293 72 49 72 149 119 78 119 86 71 67 10 50 468 126 5144 328 63 91 365 123 422 656
internal_value=-0.000274561 -0.00997503 0.0220523 -0.0113738 -0.0742589 0.0379489 0.0542821 0.0346184 0.0192734 -0.000126621 0.00843988 -0.0182266 0.0537845 -0.044749 0.0210017 -0.00862211 -0.0605076 0.00611745 -0.149514 -0.0366468 -0.125784 -0.00333962 -0.00625443 -0.055552 -0.0276114 0.0673938 -0.042435 -0.0284947 -0.0419367 -0.0152583
internal_weight=2215.33 1544.35 670.983 183.328 80.5846 102.743 95.6093 487.655 358.01 250.513 241.076 151.803 89.2729 38.7406 116.88 88.6707 53.6994 38.1893 34.9232 13.9697 60.9212 1282.24 1230.14 115.264 83.6663 33.5206 262.112 215.928 188.237 150.818
internal_count=10747 8292 2455 910 528 382 326 1545 1235 942 870 601 269 197 392 343 257 138 209 60 480 6221 6095 951 623 154 2071 1566 1443 1021
cat_boundaries=0 1 2 3
cat_threshold=4 2 4
is_linear=0
shrinkage=0.1


Tree=14
num_leaves=31
num_cat=1
split_feature=3 3 1 1 1 2 1 3 1 1 1 1 3 1 1 3 0 1 1 1 1 1 2 3 3 1 1 2 1 1
split_gain=40.6218 43.1732 28.4703 28.5985 39.3671 23.9477 23.0637 22.286 75.457 34.2136 20.7099 42.1958 33.4574 28.4371 43.1845 58.6482 20.7821 57.6207 68.3256 48.9891 46.1327 68.5837 91.0411 43.1171 49.193 33.2208 85.763 63.9935 54.2727 52.4551
threshold=49.827500000000008 44.344000000000001 514.52650000000006 518.60800000000006 545.39700000000005 110.01800000000001 464.6040000000001 60.406000000000006 510.62400000000008 502.98400000000009 466.16700000000009 469.91500000000008 25.657000000000004 522.99550000000011 519.99200000000008 20.850000000000005 0 536.79450000000008 521.86750000000018 558.99750000000006 510.62400000000008 482.39550000000003 109.01950000000001 27.687000000000005 38.445000000000007 534.65500000000009 545.39700000000005 109.37650000000001 533.11100000000022 546.76050000000009
decision_type=2 2 2 2 2 2 2 2 2 2 2 2 2 2 2 2 1 2 2 2 2 2 2 2 2 2 2 2 2 2
left_child=1 6 -3 -4 -5 -6 -1 -2 9 -9 -8 -12 13 14 15 -13 17 18 20 25 21 23 -23 -14 -25 28 -27 29 -18 -28
right_child=7 2 3 4 5 -7 10 8 -10 -11 11 12 16 -15 -16 -17 19 -19 -20 -21 -22 22 -24 24 -26 26 27 -29 -30 -31
leaf_value=-0.14370875667965285 0.025995392659663882 -0.10216756253605618 0.052288991013247868 -0.12611121257974742 -0.12420464518409176 0.091338595544911319 0.07743036100451936 -0.15561905573998625 -0.16321952292223352 0.066049373099393197 -0.13163270145786715 0.06300088368557559 -0.13212247567589216 -0.12524190742661809 0.15350647327875344 -0.13744131371813872 0.0076207776619873829 0.092700871154845307 -0.17280026279660091 -0.16842754652341535 0.095269517533697168 -0.1708044708919142 0.059626248734786773 0.0567724459120338 -0.14096716459878192 -0.11600296198176573 0.09108657370902655 0.072123306470850412 0.16242247079276198 -0.063446790008053297
leaf_weight=11.618032421916721 623.93147448450327 76.417985498905182 34.666817247867584 37.615686409175396 7.0465129017829922 19.198582276701927 31.868926025927067 8.0575103014707548 28.008228205144405 51.25501924008131 25.45692140609026 25.292052388191223 15.552393168210982 37.295804627239704 12.23522102832794 34.521976433694363 329.11917605251074 88.551875129342079 20.940757006406784 18.345776706933975 56.963786765933037 46.547326244413853 27.144464172422886 163.35884539037943 13.63078625500202 79.768851891160011 26.756498545408249 86.947666570544243 24.32167586684227 122.67550668120384
leaf_count=122 2176 992 115 488 79 61 86 77 291 121 223 98 115 435 14 319 1578 206 161 159 131 367 77 492 126 541 77 222 29 769
internal_value=-0.000253911 -0.00972558 -0.0563612 -0.0208338 -0.0605285 0.0334677 -0.00344441 0.0193733 -0.0279433 0.0359361 -0.0021785 -0.00419937 -0.00156186 -0.0543613 -0.0176704 -0.0526854 0.00359005 0.0207612 0.00225009 -0.0072101 0.013592 -0.00388381 -0.085925 0.0275159 0.0415436 -0.00279298 -0.0263442 0.00391211 0.0182733 -0.0357769
internal_weight=2185.11 1473.86 174.946 98.5276 63.8608 26.2451 1298.91 711.252 87.3208 59.3125 1287.3 1255.43 1229.97 109.345 72.0492 59.814 1120.63 432.69 344.138 687.935 323.198 266.234 73.6918 192.542 176.99 669.589 316.149 236.38 353.441 149.432
internal_count=10747 8082 1735 743 628 140 6347 2665 489 198 6225 6139 5916 866 431 417 5050 1675 1469 3375 1308 1177 444 733 618 3216 1609 1068 1607 846
cat_boundaries=0 1
cat_threshold=4
is_linear=0
shrinkage=0.1


Tree=15
num_leaves=31
num_cat=2
split_feature=3 2 3 3 1 0 3 1 3 2 3 0 3 1 1 1 1 2 1 1 1 3 3 3 2 2 2 1 1 1
split_gain=33.8337 37.2374 46.8197 31.2292 46.0973 31.1808 35.0168 31.0431 65.3886 59.4506 48.9678 51.9748 28.908 25.3437 44.9789 81.7532 32.6834 49.0615 21.7358 19.3221 34.6085 23.1449 27.8677 64.5851 57.2538 62.8909 49.8162 40.2916 32.5892 43.8393
threshold=52.105000000000004 110.27350000000001 54.812000000000005 55.519500000000008 492.21850000000001 0 52.921000000000006 509.61100000000005 59.547000000000004 108.47050000000002 56.223000000000006 1 53.425500000000007 517.73350000000016 513.90000000000009 508.09650000000005 506.16750000000008 107.38150000000002 464.6040000000001 466.16700000000009 469.91500000000008 25.657000000000004 30.137000000000004 30.784500000000005 109.73850000000002 108.90550000000002 108.1915 473.34700000000004 554.62350000000015 534.31650000000002
decision_type=2 2 2 2 2 1 2 2 2 2 2 1 2 2 2 2 2 2 2 2 2 2 2 2 2 2 2 2 2 2
left_child=18 3 -3 5 -5 6 -2 9 10 -6 -9 -12 -8 14 15 16 17 -14 -1 -20 -21 -22 24 -24 25 26 27 -23 29 -29
right_child=1 2 -4 4 7 -7 12 8 -10 -11 11 -13 13 -15 -16 -17 -18 -19 19 20 21 22 23 -25 -26 -27 -28 28 -30 -31
leaf_value=-0.13571187134042031 0.11669913470622391 -0.20878499041547155 0.0073781002913648466 -0.15756119034143182 0.072353736714277236 0.10033753961310032 -0.18807495329258309 -0.15892131495606537 -0.15683091788263526 -0.17702091165723158 -0.21945139823592355 0.058939506044282053 0.14220331163264541 -0.14056200962874241 0.13502659339142936 -0.27278842262148567 0.13859595149279871 -0.15246244699957331 0.071214790732022373 -0.1252047122399593 -0.051992505604415644 -0.14781494461352518 -0.16261346547981437 -0.0056383378957435932 -0.1954499988703976 0.13200491553877933 -0.078288840251696745 0.068617505301400289 0.22829384231995645 -0.13362220442763095
leaf_weight=13.162446923553942 31.276000618934631 15.27425120025873 29.128017589449883 16.100737504661083 118.6452939286828 94.240112349390984 7.9167594388127318 14.036063730716704 26.604548301547766 10.397645905613897 7.1981968060135859 98.135997787117958 9.1981608867645281 9.7899116128683072 26.954785704612732 10.547280117869375 18.394668817520142 14.649789988994597 31.220197901129723 24.892102479934692 103.42320618033409 10.074845083057879 26.819045655429363 1154.5852085873485 10.856612622737883 55.377146646380424 46.947736717760563 85.407106563448906 10.543513186275957 12.256608724594114
leaf_count=150 51 125 110 144 292 201 60 90 290 71 53 275 12 100 36 80 23 105 86 235 866 82 229 6086 87 109 319 239 25 116
internal_value=-0.000286149 0.02088 -0.0669814 0.0284687 0.00689879 0.0566316 0.0246348 0.016527 -0.0150616 0.0522604 0.0165351 0.0399152 -0.00491224 0.0112832 0.0299246 -0.023741 0.038442 -0.0388098 -0.00774156 -0.00667034 -0.00824808 -0.00632807 -0.00298539 -0.00920183 0.0287437 0.0397768 0.00886638 0.0434595 0.0612684 0.0432368
internal_weight=2144.05 558.488 44.4023 514.086 291.118 222.967 128.727 275.018 145.975 129.043 119.37 105.334 97.4514 89.5346 79.7447 52.7899 42.2426 23.848 1585.57 1572.4 1541.18 1516.29 1412.87 1181.4 231.464 220.607 165.23 118.282 108.207 97.6637
internal_count=10747 2118 235 1883 1215 668 467 1071 708 363 418 328 416 356 256 220 140 117 8629 8479 8393 8158 7292 6315 977 890 781 462 380 355
cat_boundaries=0 1 2
cat_threshold=2 1
is_linear=0
shrinkage=0.1


Tree=16
num_leaves=31
num_cat=1
split_feature=3 3 1 1 1 1 3 1 2 2 1 1 2 2 3 2 2 3 3 1 2 3 3 2 1 3 2 0 1 2
split_gain=28.7837 37.6477 25.6048 24.3734 35.2785 20.9167 29.2221 31.4363 33.065 36.9211 24.3331 20.5413 43.8455 20.1797 19.6475 28.9923 18.2762 22.3801 22.1766 17.8279 14.3169 14.6259 39.4731 31.5594 45.731 23.6514 20.5471 30.0092 36.074 19.3919
threshold=49.827500000000008 44.344000000000001 514.52650000000006 518.60800000000006 545.39700000000005 521.3995000000001 52.469500000000004 527.39150000000006 109.06050000000002 107.45100000000001 503.18500000000006 518.06100000000004 109.37650000000001 110.01800000000001 53.425500000000007 110.39150000000002 106.98050000000002 59.123500000000007 54.505000000000003 464.6040000000001 110.82050000000001 55.519500000000008 56.223000000000006 107.89950000000002 511.27300000000008 55.81900000000001 108.27450000000002 0 509.21000000000009 108.45650000000002
decision_type=2 2 2 2 2 2 2 2 2 2 2 2 2 2 2 2 2 2 2 2 2 2 2 2 2 2 2 1 2 2
left_child=1 19 -3 11 -5 10 -7 -8 9 -9 14 12 -4 -6 15 -2 -16 18 -18 -1 21 -12 25 24 -24 -23 -25 28 29 -28
right_child=5 2 3 4 13 6 7 8 -10 -11 20 -13 -14 -15 16 -17 17 -19 -20 -21 -22 22 23 26 -26 -27 27 -29 -30 -31
leaf_value=-0.13441002425725346 -0.16245027886050681 -0.09863418575368936 -0.16052976460532342 -0.12351108876402075 -0.1212651163732224 -0.14212706848450019 -0.13258572215828635 -0.1240961958267898 -0.18598421982057189 0.095617227729497101 0.052165595888507749 0.14712550592806969 0.12549194859873064 0.082638912732327166 0.084850786427276337 0.047396701959953665 -0.1426780275661039 -0.15011221068425118 0.033015786162702468 -0.0013921226203700396 -0.089144776778927806 0.0021334920121943417 0.027511551782840173 0.093395763551752331 -0.17238636455368639 -0.23545223616878155 -0.0017443411801856018 -0.19081627867862844 0.063928880160247892 -0.2921753619962108
leaf_weight=10.157421484589575 18.792465679347519 70.859682910144329 10.331704668700697 34.559102922677994 6.4925831183791187 17.985474787652493 14.402773700654505 9.2534320503473264 6.2283747047185889 44.089617639780045 253.55665496736765 12.998546361923216 11.136608168482779 19.2268071398139 22.06332053989172 10.134300351142882 8.4989581778645498 11.053497374057768 46.443586260080338 1254.2962760776281 9.3381457775831205 7.5514283031225231 35.201106153428555 67.828531697392464 16.957637600600719 9.4129028022289258 4.5565467253327352 6.3185828626155844 62.11912102997303 4.6401101425290108
leaf_count=122 166 992 82 488 79 132 178 111 52 91 665 15 18 61 62 30 81 106 167 6225 60 26 104 139 163 69 16 50 160 37
internal_value=-0.000253026 -0.00833254 -0.0531665 -0.0191613 -0.0575143 0.0165793 -0.0278034 -7.70901e-06 0.0320461 0.0575035 0.023445 0.0479135 -0.0121571 0.0311655 -0.0174288 -0.0889318 0.00605935 -0.0202816 0.00583804 -0.00246066 0.0334594 0.035905 0.0166914 0.0292575 -0.0374784 -0.129694 0.053187 0.018057 0.0365632 -0.148279
internal_weight=2116.49 1430.06 165.605 94.7454 60.2785 686.427 91.9597 73.9742 59.5714 53.343 594.467 34.4669 21.4683 25.7194 116.986 28.9268 88.0594 65.996 54.9425 1264.45 477.481 468.143 214.586 197.622 52.1587 16.9643 145.463 77.6344 71.3158 9.19666
internal_count=10747 8082 1735 743 628 2665 564 432 254 202 2101 115 100 140 612 196 416 354 248 6347 1489 1429 764 669 267 95 402 263 213 53
cat_boundaries=0 1
cat_threshold=2
is_linear=0
shrinkage=0.1


Tree=17
num_leaves=31
num_cat=1
split_feature=3 3 1 2 2 1 1 2 2 2 1 3 1 3 3 2 3 3 1 1 1 2 0 3 1 1 3 3 2 1
split_gain=23.9855 21.7672 24.9499 20.6754 31.7685 23.8146 21.7599 28.6357 20.0996 41.0289 46.4337 28.7598 25.1145 22.7492 22.6364 19.4968 21.5057 31.2111 21.1639 57.8399 52.1791 27.1229 22.9741 28.14 39.798 75.343 22.1926 28.002 19.0786 41.2483
threshold=50.702000000000005 43.703500000000012 507.94700000000006 107.14750000000002 107.55250000000002 509.3540000000001 545.39700000000005 110.01800000000001 107.89950000000002 106.98050000000002 541.58000000000015 51.415000000000006 520.35650000000021 54.812000000000005 50.813500000000005 108.27450000000002 52.921000000000006 53.425500000000007 513.90000000000009 510.4695000000001 515.93200000000013 109.69350000000001 0 57.208000000000006 507.81050000000005 505.94500000000005 57.352000000000011 58.576500000000003 108.69550000000001 509.47450000000009
decision_type=2 2 2 2 2 2 2 2 2 2 2 2 2 2 2 2 2 2 2 2 2 2 1 2 2 2 2 2 2 2
left_child=1 -1 -3 -4 -5 -6 -7 -8 9 11 14 -2 13 -13 -11 -10 -17 -18 19 22 -20 -22 -19 24 25 -24 -21 -28 -25 -30
right_child=8 2 3 4 5 6 7 -9 15 10 -12 12 -14 -15 -16 16 17 18 20 26 21 -23 23 28 -26 -27 27 -29 29 -31
leaf_value=-0.0019710931414100908 -0.16775029162257848 -0.096149678392697335 -0.13053520268933391 0.095306905253145016 0.061129740196771046 -0.07377998065972606 -0.144861486190109 0.084199894893498786 0.062477897044363052 0.086719136716992953 0.072127478916084967 0.13130169532284408 -0.117089246255188 0.019785542086521894 -0.13646912707987546 0.053664765566802865 -0.18077270999418357 0.10060641934495446 0.11676551655597961 -0.19886218895698371 0.0030691766117251439 -0.20408534134726258 -0.17639076653799818 0.12841404295887546 -0.22457208782942423 0.10577648081787777 0.11907487966701345 -0.18750039766638402 -0.21779586922747668 0.13266752285480585
leaf_weight=1249.4341844543815 6.7541718631982794 52.406745862215757 14.79893536120653 25.511030443012714 25.214909642934799 79.679171070456505 7.2675838097929981 21.914339400827885 116.75310423970222 5.0062258914113036 17.334827646613121 30.708989635109901 8.4267536178231222 45.246434174478054 49.248096469789743 100.22713302075863 9.3486246317625028 25.320680901408195 45.938006155192852 20.32941709458828 27.765589367598295 8.1832480505108816 15.894929990172384 19.095574490725994 10.874540030956267 23.38560688495636 6.2481146231293661 5.6947332322597504 6.1608659774065 7.3825758695602417
leaf_count=6263 56 760 215 80 104 718 88 64 310 12 48 44 125 157 468 293 72 49 80 148 119 78 137 28 78 42 10 43 48 10
internal_value=-0.000246684 -0.00714457 -0.035646 -0.0174633 -0.00697787 -0.0264399 -0.0467232 0.0271535 0.0164102 -0.0136962 -0.0703513 0.0308074 0.0467004 0.0648718 -0.115875 0.027331 0.0149654 -0.00178048 0.00574776 -0.0178188 0.0461504 -0.0440866 0.0172501 -0.00824253 -0.0552724 -0.00840293 -0.135303 -0.0271101 0.0640263 -0.0267571
internal_weight=2087.56 1476.23 226.793 174.386 159.587 134.076 108.861 29.1819 611.328 162.725 71.5892 91.1363 84.3822 75.9554 54.2543 448.603 331.85 231.623 222.274 140.387 81.8868 35.9488 108.115 82.7941 50.1551 39.2805 32.2723 11.9428 32.639 13.5434
internal_count=10747 8292 2029 1269 1054 974 870 152 2455 910 528 382 326 201 480 1545 1235 942 870 593 277 197 392 343 257 179 201 53 86 58
cat_boundaries=0 1
cat_threshold=4
is_linear=0
shrinkage=0.1


Tree=18
num_leaves=31
num_cat=1
split_feature=1 1 3 1 0 1 2 1 1 3 1 1 3 1 3 3 2 1 1 3 3 1 1 3 1 1 2 3 2 2
split_gain=23.3108 21.8851 68.4833 60.5313 55.9039 54.5869 47.0194 44.7433 58.9581 41.4894 38.4364 46.3818 31.875 29.6671 26.2414 71.0808 23.6362 32.531 33.5006 28.0596 27.7543 22.3752 38.1563 31.9973 44.1381 41.2225 44.0817 38.9529 47.4245 34.6427
threshold=464.6040000000001 527.91750000000013 28.882500000000004 533.11100000000022 0 558.99750000000006 109.28350000000002 556.06450000000007 547.62100000000009 32.066500000000012 533.67250000000001 554.62350000000015 56.223000000000006 527.39150000000006 39.790000000000006 29.868500000000001 109.50050000000002 545.39700000000005 546.00950000000012 36.417000000000009 38.445000000000007 507.47300000000007 506.34300000000002 27.279500000000002 515.93200000000013 519.99200000000008 104.58200000000001 43.214500000000008 105.46300000000001 105.72800000000002
decision_type=2 2 2 2 1 2 2 2 2 2 2 2 2 2 2 2 2 2 2 2 2 2 2 2 2 2 2 2 2 2
left_child=-1 13 -3 -4 -5 6 10 8 9 -8 -6 12 -12 21 15 -13 19 -18 -19 -11 -21 22 -2 25 29 26 -23 28 -26 -25
right_child=1 2 3 4 5 -7 7 -9 -10 16 11 14 -14 -15 -16 -17 17 18 -20 20 -22 23 -24 24 27 -27 -28 -29 -30 -31
leaf_value=-0.1313075417675148 -0.0026001390228973485 -0.12685775625718221 -0.14025633618791294 0.065009891159675356 0.1373906650616192 -0.1811697470846737 0.14031461881642812 -0.22209364419527411 0.09198421910223975 -0.17911784105597509 -0.092702688485150078 0.16152276291134143 0.072004362192899185 0.14026775334745431 0.15991854084913359 -0.16692735289667116 -0.17016783124396473 0.15391365256305145 -0.13792029931823663 0.17484494702918479 -0.078827464498100311 0.14559471055876225 -0.13203406404222284 -0.19890925473311932 0.060568047630238576 0.12672094057158306 -0.1596819018322061 0.0039678590936777971 -0.12869725082388736 0.033870444265201499
leaf_weight=13.476147811859844 689.89485579356551 50.573055297136307 31.254046861082315 113.43986067175865 11.435871239751576 18.745448648929596 12.781479075551031 6.7708726152777663 97.103072971105576 5.3377484083175686 131.01896219328046 12.397415570914747 12.907196275889872 16.57245022803545 13.122348845005034 14.063071124255655 26.16164419054985 8.0750986933708173 7.669441655278205 11.673598766326906 6.8403304889798155 7.7052944898605373 23.553193520754576 6.493242807686328 17.313045315444469 53.226080641150475 12.250275827944277 157.53382082656026 56.263589978218079 415.15123726055026
leaf_count=173 3729 600 349 351 40 173 16 51 231 38 990 35 58 43 17 111 243 15 48 12 54 9 169 64 60 93 109 821 448 1597
internal_value=-0.000217027 0.000645852 -0.0155769 -0.00517042 0.00311539 -0.0146105 -0.00633663 0.0301547 0.0398787 -0.0245427 -0.0404822 -0.0515668 -0.0779319 0.00723511 0.0442985 -0.0130401 -0.0565863 -0.101817 0.0117562 0.0228822 0.0811208 0.00570343 -0.00687317 0.0180637 0.011034 0.0807656 -0.0418077 -0.0240893 -0.0841619 0.0302857
internal_weight=2060.8 2047.33 591.371 540.798 509.543 396.104 377.358 182.413 175.642 78.5393 194.945 183.509 143.926 1455.96 39.5828 26.4605 65.7579 41.9062 15.7445 23.8517 18.5139 1439.38 713.448 725.937 652.755 73.1817 19.9556 231.11 73.5766 421.644
internal_count=10747 10574 3432 2832 2483 2132 1959 708 657 426 1251 1211 1048 7142 163 146 410 306 63 104 66 7099 3898 3201 2990 211 118 1329 508 1661
cat_boundaries=0 1
cat_threshold=4
is_linear=0
shrinkage=0.1


Tree=19
num_leaves=31
num_cat=2
split_feature=1 1 3 1 0 1 2 1 1 3 3 1 1 2 3 2 3 1 2 0 3 3 2 1 1 3 3 3 1 3
split_gain=20.9237 24.0425 60.9544 52.9254 46.25 46.9673 39.1351 36.4653 48.8906 35.4001 32.2586 49.7901 43.1521 59.8176 33.1299 24.6959 23.5232 23.1845 22.166 23.3232 24.2582 28.062 19.8858 28.2845 27.2688 23.6581 27.5158 15.3269 28.58 27.4123
threshold=472.80750000000006 527.91750000000013 28.882500000000004 533.11100000000022 0 558.99750000000006 109.28350000000002 556.06450000000007 547.62100000000009 32.066500000000012 31.027500000000003 557.74300000000005 546.76050000000009 108.1915 56.223000000000006 109.13900000000002 35.75950000000001 527.39150000000006 108.21750000000002 1 24.863500000000005 19.932500000000005 109.50050000000002 545.39700000000005 546.00950000000012 38.560500000000005 38.030000000000008 41.39950000000001 545.39700000000005 34.031000000000006
decision_type=2 2 2 2 1 2 2 2 2 2 2 2 2 2 2 2 2 2 2 1 2 2 2 2 2 2 2 2 2 2
left_child=18 17 -3 -4 27 6 10 8 9 -8 12 14 -6 -14 15 -12 -17 -2 19 -1 21 -21 25 -24 -25 26 -11 29 -29 -5
right_child=1 2 3 4 5 -7 7 -9 -10 22 11 -13 13 -15 -16 16 -18 -19 -20 20 -22 -23 23 24 -26 -27 -28 28 -30 -31
leaf_value=0.11937963802476458 0.0084948870381313327 -0.12393835807574433 -0.13575573138542943 -0.0010205262892507233 0.13679264274340724 -0.17219844398035261 0.1342270062914466 -0.19954928425776827 0.084736024925809103 -0.083799033702763259 -0.1352926295080471 0.10793754329038024 0.12457139446383135 -0.13776426794461183 0.066146450042218169 -0.13924204217605485 0.045351308301675247 0.12853190459851302 -0.12521722955033082 -0.15929362222948928 -0.071298560050065712 0.065035379302635796 -0.16083500603131709 0.13828678715198614 -0.12575263815638296 -0.1766106443502235 0.16793276355724895 0.071682983430359962 -0.091456110853079017 0.13849727197710451
leaf_weight=10.95906201004982 1301.9628321044147 46.782545555382967 29.168653417378664 21.142642140388489 21.575215853750706 17.798783272504807 12.06212994456291 6.7804147377610198 94.980850845575333 6.9879937767982545 75.467425391077995 14.814557261765001 13.782282665371893 23.533371314406395 12.65874584764242 11.32576058059931 17.679803915321827 16.291764460504055 23.887106705456972 6.6973229125142089 65.633260004222393 33.315397128462791 24.972965832799673 8.0872893929481489 7.5749160647392264 4.7990352399647227 11.468214154243467 32.086790099740028 16.140274405479431 42.173903316259384
leaf_count=38 6280 600 349 81 56 173 16 51 231 40 701 33 49 216 58 77 61 43 286 51 501 116 243 15 48 52 12 110 105 55
internal_value=-0.000223625 0.00254108 -0.0145441 -0.00483419 0.00283574 -0.0135407 -0.0058785 0.0278895 0.0369113 -0.0228949 -0.0373244 -0.0647917 0.0242168 -0.0408724 -0.0866381 -0.105151 -0.0267266 0.00997837 -0.0374577 -0.0194797 -0.0338841 0.0274872 -0.0525585 -0.0947634 0.010586 0.0211884 0.0726206 0.0595583 0.0170848 0.0919095
internal_weight=2032.59 1892.1 573.845 527.062 497.893 386.35 368.551 177.714 170.933 75.9525 190.837 131.946 58.8909 37.3157 117.132 104.473 29.0056 1318.25 140.492 116.605 105.646 40.0127 63.8904 40.6352 15.6622 23.2552 18.4562 111.544 48.2271 63.3165
internal_count=10747 9755 3432 2832 2483 2132 1959 708 657 426 1251 930 321 265 897 839 138 6323 992 706 668 167 410 306 63 104 52 351 215 136
cat_boundaries=0 1 2
cat_threshold=4 1
is_linear=0
shrinkage=0.1


Tree=20
num_leaves=31
num_cat=2
split_feature=1 3 2 3 3 3 0 2 0 3 1 3 3 1 1 1 1 2 1 3 3 2 1 1 1 1 3 3 1 1
split_gain=19.5187 15.5623 27.7593 34.7195 21.9332 55.2751 24.1754 24.4541 23.7706 28.7819 23.4165 57.0674 21.523 20.017 67.7654 37.2778 29.5864 34.7176 18.7584 16.6896 16.1254 16.0749 22.2417 18.3968 15.0143 22.7596 14.896 53.8576 35.7381 28.2256
threshold=464.6040000000001 52.105000000000004 110.27350000000001 54.812000000000005 55.81900000000001 56.223000000000006 0 107.98450000000001 1 52.921000000000006 506.80250000000007 57.208000000000006 58.803000000000004 513.90000000000009 508.09650000000005 517.73350000000016 506.16750000000008 107.38150000000002 498.53950000000003 64.626500000000007 57.483500000000006 108.36950000000002 509.21000000000009 517.73350000000016 507.94700000000006 511.27300000000008 40.086000000000006 41.951000000000008 493.79200000000009 494.94550000000004
decision_type=2 2 2 2 2 2 1 2 1 2 2 2 2 2 2 2 2 2 2 2 2 2 2 2 2 2 2 2 2 2
left_child=-1 26 4 -4 8 -6 7 10 9 -3 18 -12 -8 14 16 -15 17 -11 -7 -20 -5 -9 -23 -24 -14 -26 -2 -28 -29 -30
right_child=1 2 3 20 5 6 12 21 -10 13 11 -13 24 15 -16 -17 -18 -19 19 -21 -22 22 23 -25 25 -27 27 28 29 -31
leaf_value=-0.12726997540876342 0.0020391272500116272 0.10712875437190733 -0.19435297140428948 0.038867950628732127 -0.18448414160972129 -0.13949227227670197 -0.16538191718706413 0.094040967719998925 0.086274593944924621 0.13050416003229801 0.099358912289791212 -0.17579260731551188 -0.14243037788290838 0.10674858269283793 -0.22536168663289791 -0.13699866870847904 0.12841131594519334 -0.12514798556352294 0.10586340582220562 -0.041216959079176912 -0.1587548847838719 -0.10360561037401056 0.090567203680667174 -0.077546032716390378 0.10271729474169562 -0.069089012571772287 -0.11735528001019087 -0.12179180591395931 0.085605901443059129 -0.0085399619671155842
leaf_weight=12.02356514520943 1038.0612460151315 27.639845579862595 13.516839653253554 22.034568652510647 14.800369620323179 5.3125997632741919 11.782245159149168 63.003154829144478 88.166600823402405 7.6670607328414944 11.777909740805624 20.93800038844347 7.0394084751605979 26.895203649997711 15.365600302815436 8.1835156567394716 15.753057181835173 17.292617302387953 25.618817545473576 11.039497673511503 5.0810079202055922 11.545317746698855 30.389891922473907 8.2836997061967832 15.901843354105951 14.968599844723938 50.197756044566631 25.66243314370513 35.073963679373264 345.90845312923193
leaf_count=173 5264 50 125 69 114 58 93 130 217 12 23 253 74 50 111 104 23 130 47 44 41 70 66 56 30 105 463 368 94 2290
internal_value=-0.00024064 0.000524984 0.0157971 -0.063428 0.0228048 0.00301815 0.0146978 0.0311012 0.0469356 0.0177397 -0.0133155 -0.0767365 -0.0473308 -0.00936412 -0.0464261 0.0498848 0.0211069 -0.0466173 0.0361206 0.0615708 0.00183672 0.0604006 0.0181963 0.0545581 -0.010641 0.0194111 -0.00458305 -0.0196303 -0.00756675 0.000127285
internal_weight=2006.92 1994.9 499.997 40.6324 459.365 252.401 237.601 187.909 206.964 118.797 74.6868 32.7159 49.6921 91.1571 56.0783 35.0787 40.7127 24.9597 41.9709 36.6583 27.1156 113.222 50.2189 38.6736 37.9099 30.8704 1494.9 456.843 406.645 380.982
internal_count=10747 10574 2095 235 1860 1163 1049 747 697 480 425 276 302 430 276 154 165 142 149 91 110 322 192 122 209 135 8479 3215 2752 2384
cat_boundaries=0 1 2
cat_threshold=2 2
is_linear=0
shrinkage=0.1


Tree=21
num_leaves=31
num_cat=2
split_feature=1 1 3 1 0 1 2 1 1 3 1 1 1 1 3 1 3 3 1 1 2 2 1 3 3 1 1 3 0 1
split_gain=17.2424 14.6871 54.7898 46.2385 38.8228 39.2621 33.4991 30.2998 40.4349 30.1291 27.7308 33.6136 24.669 62.2348 42.2122 21.3035 34.5763 58.3043 44.693 30.1806 28.0338 27.2294 26.071 20.9125 27.2133 68.6415 35.914 36.8377 41.2316 69.0071
threshold=464.6040000000001 527.91750000000013 28.882500000000004 533.11100000000022 0 558.99750000000006 109.28350000000002 556.06450000000007 547.62100000000009 32.066500000000012 533.67250000000001 554.62350000000015 546.76050000000009 545.39700000000005 56.223000000000006 507.47300000000007 29.246000000000006 33.889500000000005 519.99200000000008 506.34300000000002 104.87250000000002 104.58200000000001 509.78700000000009 21.781000000000002 27.687000000000005 465.30650000000009 469.91500000000008 33.58850000000001 1 471.60850000000011
decision_type=2 2 2 2 1 2 2 2 2 2 2 2 2 2 2 2 2 2 2 2 2 2 2 2 2 2 2 2 1 2
left_child=-1 15 -3 -4 -5 6 10 8 9 -8 -6 12 13 14 -12 19 18 22 21 20 -2 -17 -18 -22 25 -25 -26 -28 29 -29
right_child=1 2 3 4 5 -7 7 -9 -10 -11 11 -13 -14 -15 -16 16 17 -19 -20 -21 23 -23 -24 24 26 -27 27 28 -30 -31
leaf_value=-0.12439195610637284 -0.14288278193467074 -0.12142760344898602 -0.13210489419320545 0.055736834251248035 0.11953939153502979 -0.16141882423740986 0.12898577455467 -0.18266784129393498 0.078552970152111559 -0.048555495010475791 -0.13320957151737575 0.037729201332628116 -0.12000674860566263 0.097893295204874789 0.093979869300464092 0.1390039436977466 0.038463088552692114 0.017052497613415409 0.12292998911870737 -0.1174159278453044 0.085516896045454094 -0.08582745605228502 -0.16361018270821381 0.13316874235497819 -0.13415507904736765 -0.13257299400253272 0.045541158008552074 0.1500182427535848 0.0026171211766408023 -0.15367180341970627
leaf_weight=11.118100862950085 13.961735486984251 43.232531815767288 26.760979395359755 108.05063556134701 10.9363427311182 16.864752769470215 11.317007973790167 6.6632498055696479 92.905679740011692 61.512217551469803 45.267368204891682 38.535043478012085 54.629493229091167 25.036703303456306 9.9816005006432516 7.2313653230667141 8.382094278931616 592.69284556806087 62.438185021281242 23.719335798174143 27.599597930908203 21.117026127874851 26.793534964323044 12.656010270118712 18.496300540864468 41.899519853293896 174.93084528297186 9.239612549543379 337.92725719884038 39.339264191687107
leaf_count=173 130 600 349 351 40 173 16 51 231 410 458 163 478 70 42 9 26 2719 120 169 92 144 226 17 201 397 586 16 1861 429
internal_value=-0.000209202 0.000491606 -0.0133528 -0.00416365 0.00294417 -0.0123222 -0.00527463 0.0264146 0.0348206 -0.0209672 -0.0349035 -0.0446414 -0.0681685 -0.0328957 -0.0921642 0.00587638 0.0179695 0.00962877 0.0756532 -0.00654315 -0.00265316 -0.0284754 -0.115458 0.000303923 -0.00340275 -0.0709252 0.00294922 0.00746606 -0.00976654 -0.0959105
internal_weight=1981.24 1970.12 551.694 508.461 481.7 373.649 356.785 172.398 165.735 72.8292 184.387 173.45 134.915 80.2857 55.249 1418.42 718.655 627.868 90.7866 699.769 676.05 28.3484 35.1756 662.088 634.489 54.5555 579.933 561.437 386.506 48.5789
internal_count=10747 10574 3432 2832 2483 2132 1959 708 657 426 1251 1211 1048 570 500 7142 3244 2971 273 3898 3729 153 252 3599 3507 414 3093 2892 2306 445
cat_boundaries=0 1 2
cat_threshold=4 1
is_linear=0
shrinkage=0.1


Tree=22
num_leaves=31
num_cat=2
split_feature=1 2 1 1 3 1 1 1 1 1 1 0 1 3 1 2 1 3 1 0 1 2 3 1 1 2 3 1 1 3
split_gain=15.5128 18.4809 19.9509 16.4525 48.5086 25.008 48.8227 21.6881 20.467 22.7559 17.5142 16.0914 16.4165 28.4057 21.7738 21.5018 15.6227 48.958 40.6757 32.1394 34.1375 28.782 30.7751 45.3746 32.1933 48.0516 27.9525 26.5582 31.3572 26.4464
threshold=472.80750000000006 108.21750000000002 472.00450000000006 476.30050000000006 27.502500000000001 474.73600000000005 473.94850000000002 478.50700000000001 478.79800000000006 480.75650000000007 479.24950000000007 0 471.24450000000007 24.863500000000005 466.16700000000009 107.70050000000002 527.91750000000013 28.882500000000004 533.11100000000022 1 558.99750000000006 109.22450000000002 31.027500000000003 557.74300000000005 546.76050000000009 108.1915 56.223000000000006 556.06450000000007 550.41300000000012 32.803500000000007
decision_type=2 2 2 2 2 2 2 2 2 2 2 1 2 2 2 2 2 2 2 1 2 2 2 2 2 2 2 2 2 2
left_child=1 2 11 4 -2 6 -6 -5 -9 10 -10 -1 13 14 -13 -15 29 -18 -19 -20 21 22 24 26 -21 -26 -24 28 -23 -11
right_child=3 -3 -4 7 5 -7 -8 8 9 16 -12 12 -14 15 -16 -17 17 18 19 20 -22 27 23 -25 25 -27 -28 -29 -30 -31
leaf_value=0.11833072937498652 -0.13101246363711572 -0.11930281919609309 -0.15055560863040071 -0.086512827026957159 0.061528698267903838 0.12838219508387883 -0.21414945062632659 0.11419185200637505 0.016278834320788565 0.03977547312491525 -0.16800595544674601 0.072393815556497487 0.079688778181971801 -0.14234481649247593 -0.10217516673853362 0.028975263336267459 -0.11918314977560705 -0.1286619390550913 0.051043103335887054 0.12240680870785792 -0.15490954293280737 -0.0056426199725262451 -0.11304781355304548 0.097326843843472441 0.10899431675827172 -0.13026707252729683 0.055133515460845876 -0.17266918779907631 0.079677526885291172 0.00072928815509899487
leaf_weight=9.7946992740035075 14.275563664734362 21.07578044757247 10.149071916937826 28.633013620972633 45.391694508492947 38.600389994680882 7.4832578077912322 15.895365096628664 8.1463493295013922 215.21303735673428 14.054824352264403 27.212015971541405 14.751628659665583 27.639882013201714 9.6889633834362012 9.9677967280149442 39.817137077450752 24.828795745968819 106.28380996361375 21.015422143042088 15.86764534935355 104.52484365552664 81.460068061947823 14.545578233897684 14.022523716092108 20.9115085080266 11.246912673115729 6.7430172860622397 73.27200786024332 894.19994436576962
leaf_count=29 149 286 91 215 151 71 62 43 43 827 129 81 51 302 86 66 600 349 351 53 173 542 771 33 49 216 58 53 184 4633
internal_value=-0.000237067 -0.0335694 -0.0170233 0.00215362 0.0404316 0.0671871 0.0225127 -0.000212648 0.00125641 0.000178992 -0.100386 -0.00334169 -0.016693 -0.0357752 0.0265578 -0.096937 0.00153709 -0.0125069 -0.00392117 0.00267004 -0.0114695 -0.00492427 -0.0355167 -0.0668807 0.0246066 -0.0342275 -0.0926446 0.0221309 0.0295187 0.00830379
internal_weight=1946.71 130.28 109.204 1816.43 105.751 91.4753 52.875 1710.68 1682.05 1666.15 22.2012 99.055 89.2603 74.5087 36.901 37.6077 1643.95 534.539 494.722 469.893 363.61 347.742 163.202 107.253 55.9495 34.934 92.707 184.54 177.797 1109.41
internal_count=10747 992 706 9755 433 284 213 9322 9107 9064 172 615 586 535 167 368 8892 3432 2832 2483 2132 1959 1180 862 318 265 829 779 726 5460
cat_boundaries=0 1 2
cat_threshold=1 4
is_linear=0
shrinkage=0.1


Tree=23
num_leaves=31
num_cat=1
split_feature=1 3 3 0 3 3 1 1 1 1 2 2 1 3 1 1 3 3 2 1 1 3 1 1 1 3 1 3 1 1
split_gain=15.0094 12.5931 19.189 23.9516 27.8901 20.5331 24.1137 18.683 16.1533 12.3829 13.7914 19.1222 17.9714 12.0809 46.9104 19.459 11.3412 57.9222 18.7987 44.5431 55.1929 21.7576 39.9531 71.1156 50.3613 48.2734 63.2117 43.2524 35.5631 29.5225
threshold=464.6040000000001 50.552500000000002 44.344000000000001 0 50.427500000000009 49.827500000000008 511.65700000000004 514.52650000000006 543.40900000000011 514.72800000000018 107.42250000000001 109.37650000000001 519.76200000000006 60.406000000000006 510.62400000000008 502.98400000000009 42.125500000000009 40.360500000000009 109.71250000000002 489.32700000000006 555.06650000000002 35.598500000000008 510.62400000000008 514.31400000000019 489.32700000000006 36.029000000000003 542.23900000000015 38.445000000000007 555.80550000000005 543.0150000000001
decision_type=2 2 2 1 2 2 2 2 2 2 2 2 2 2 2 2 2 2 2 2 2 2 2 2 2 2 2 2 2 2
left_child=-1 2 16 -4 5 7 -7 -5 -8 -9 12 -12 -11 -3 15 -15 17 18 21 -20 -21 28 24 -24 27 -25 -27 -23 -2 -28
right_child=1 13 3 4 -6 6 8 9 -10 10 11 -13 -14 14 -16 -17 -18 -19 19 20 -22 22 23 25 -26 26 29 -29 -30 -31
leaf_value=-0.12234366654074635 -0.000568678456538371 0.018537397929862334 -0.11817177764105445 -0.083963744445276989 -0.27806829820707046 0.098352251543535718 -0.23879723633541405 0.12667873079231839 0.064001016366109387 0.13618617715131809 -0.12104468918058393 0.0069593033042222047 -0.11657141351880873 -0.13829399511729012 -0.14704074175002024 0.050499290025637744 0.029765458815088387 -0.11261275173270802 0.089160618318383594 -0.16568493807004267 0.085928974096979832 0.06635049395972803 0.1495901667000635 0.11780870943248284 -0.14693596258008509 -0.1441301027757379 0.16538918227597416 -0.13982106450021456 -0.13027226045503645 0.0023759616980681859
leaf_weight=10.017944663763044 628.88786797225475 492.27182784676552 29.090488001704216 43.774119850248098 4.0542441904544821 27.300447292625904 4.067767731845378 6.8584811538457862 3.1078255325555801 10.872468471527098 18.286619685590267 32.257051177322865 3.7948568202555171 6.2150949127972117 22.020439811050892 44.902235798537731 114.35373479127884 46.411993410438299 16.58677864074707 34.411534145474434 11.675969690084456 46.267010286450386 54.725400045514107 35.578515142202377 25.545979671180248 28.635839767754078 13.166623950004576 13.044237378984688 21.874842759221792 71.120268307626247
leaf_count=173 3353 1973 461 689 32 53 39 12 8 14 254 253 72 77 291 121 456 463 64 306 25 163 81 74 227 282 14 123 282 312
internal_value=-0.00026011 0.000379829 -0.00488177 -0.0349373 -0.0192525 -0.012272 0.055476 -0.0324344 -0.107652 -0.00113612 -0.0145789 -0.0393523 0.0707906 0.0129031 -0.0250196 0.0275449 -0.000137561 -0.00340067 0.00166038 -0.0513653 -0.10194 0.0052002 0.0280804 0.0521445 -0.0295513 0.016234 -0.0157691 0.0210075 -0.00492856 0.0278406
internal_weight=1921.18 1911.16 1345.75 183.464 154.374 150.32 34.476 115.844 7.17559 72.0695 65.211 50.5437 14.6673 565.41 73.1378 51.1173 1162.29 1047.93 1001.52 62.6743 46.0875 938.847 288.084 203.227 84.8572 148.501 112.923 59.3112 650.763 84.2869
internal_count=10747 10574 8112 1887 1426 1394 100 1294 47 605 593 507 86 2462 489 198 6225 5769 5306 395 331 4911 1276 763 513 682 608 286 3635 326
cat_boundaries=0 1
cat_threshold=4
is_linear=0
shrinkage=0.1


Tree=24
num_leaves=31
num_cat=2
split_feature=1 3 3 0 3 3 2 2 2 1 1 0 3 1 1 1 1 1 1 1 3 1 1 3 3 1 1 1 3 2
split_gain=13.3035 10.3558 16.3939 21.3063 21.2808 17.4988 16.1457 27.5739 20.0814 16.2662 18.3561 15.4078 12.7647 12.6755 27.2363 11.2935 22.4376 16.7956 29.6823 14.6303 42.2411 43.5401 40.0272 12.742 61.4659 20.945 18.0539 45.7707 35.0152 34.7672
threshold=464.6040000000001 50.552500000000002 44.344000000000001 0 50.427500000000009 49.653500000000008 107.96850000000002 107.81550000000001 109.37650000000001 514.52650000000006 516.64750000000015 1 45.673500000000004 511.27300000000008 548.42400000000009 521.3995000000001 527.39150000000006 528.25700000000018 541.58000000000015 513.90000000000009 58.010500000000008 520.97250000000008 512.82700000000011 57.352000000000011 55.81900000000001 492.21850000000001 509.61100000000005 508.7290000000001 52.105000000000004 110.39150000000002
decision_type=2 2 2 1 2 2 2 2 2 2 2 1 2 2 2 2 2 2 2 2 2 2 2 2 2 2 2 2 2 2
left_child=-1 2 -2 -4 5 6 7 11 -8 -10 -11 -5 -12 -7 -15 19 -17 -18 -19 22 -21 -22 23 24 26 -25 27 28 -3 -30
right_child=1 15 3 4 -6 13 8 -9 9 10 12 -13 -14 14 -16 16 17 18 -20 20 21 -23 -24 25 -26 -27 -28 -29 29 -31
leaf_value=-0.12002916718157873 -0.00015338821760451106 -0.094507569918939993 -0.11445023061784938 -0.12388444541701522 -0.23907958526247614 0.086886504024214647 -0.11889583607393422 0.34046296971338341 -0.1127459305941698 0.13652490695176625 0.040136368153045554 0.05271490795203241 -0.10960795666984846 -0.13582361337425899 0.12819934199746633 -0.13806768242715226 0.12842260770029015 -0.1356872924818166 0.036818835107172584 0.06566954047443023 -0.16445733572773577 0.1355307180666992 -0.16236839961545391 -0.14763713858376712 -0.14444697363921569 0.047167582358596138 0.076797022149735647 -0.23267150571291861 0.05435290591114729 -0.19198629535611911
leaf_weight=9.230410307645796 1147.2440969049931 23.679909039288759 27.134682338684797 7.0657941661775121 4.2323538586497298 25.540648974478245 31.094553815200925 2.6398348584771147 12.26460177451372 9.8406221866607648 12.766917869448664 16.424123633652933 10.273316375911234 9.4281662479043025 6.6723247766494742 14.252081885933874 8.9171628952026349 15.130962587893007 29.268267061561346 127.60074219107628 17.064328346401457 6.7527613230049601 13.637202672660349 5.7928494289517394 26.641998209059238 116.86001132428646 40.827215477824211 7.8972186669707289 99.010529641062021 6.0812148042023173
leaf_count=173 6225 154 461 117 32 61 523 34 216 13 104 122 128 66 10 199 13 178 123 333 183 19 101 77 189 364 97 59 317 56
internal_value=-0.000269455 0.000317905 -0.00450632 -0.0329813 -0.0180691 -0.0115738 -0.0338059 0.0340309 -0.0570557 -0.0144624 0.0221974 -0.00040638 -0.0266325 0.0430814 -0.0264079 0.0117238 -0.0266107 0.00318306 -0.0219701 0.0169901 0.0428505 -0.079403 0.00548773 0.0124925 -0.00281347 0.037967 0.0184456 0.00101422 0.0153455 0.0400983
internal_weight=1891.27 1882.04 1322.62 175.378 148.243 144.011 102.37 26.1298 76.24 45.1455 32.8809 23.4899 23.0402 41.6411 16.1005 559.414 67.5685 53.3164 44.3992 491.846 151.418 23.8171 340.428 326.791 204.138 122.653 177.496 136.669 128.772 105.092
internal_count=10747 10574 8112 1887 1426 1394 1257 273 984 461 245 239 232 137 76 2462 513 314 301 1949 535 202 1414 1313 872 441 683 586 527 373
cat_boundaries=0 1 2
cat_threshold=4 1
is_linear=0
shrinkage=0.1


Tree=25
num_leaves=31
num_cat=0
split_feature=1 1 1 2 3 2 1 1 3 2 1 1 3 3 2 2 2 1 1 2 1 3 2 1 2 1 1 1 3 3
split_gain=11.8168 10.2661 17.8631 18.5381 13.0809 11.8391 9.31743 25.3529 12.8506 17.6639 17.1349 24.5516 13.205 35.4745 31.3829 36.2781 27.1957 27.8909 17.9137 36.3865 33.7818 51.4721 47.2225 24.3945 40.3288 25.9923 22.4602 31.8485 22.5196 61.5348
threshold=464.6040000000001 572.55600000000015 558.99750000000006 111.30900000000001 59.123500000000007 111.30900000000001 466.16700000000009 469.91500000000008 25.657000000000004 107.99850000000002 481.7770000000001 522.99550000000011 30.012000000000004 30.784500000000005 109.76000000000001 108.90550000000002 108.1915 473.34700000000004 515.93200000000013 105.35150000000002 544.85300000000018 34.031000000000006 109.69350000000001 546.45950000000005 108.47050000000002 547.62100000000009 543.20900000000017 541.94200000000012 35.853500000000004 42.915500000000009
decision_type=2 2 2 2 2 2 2 2 2 2 2 2 2 2 2 2 2 2 2 2 2 2 2 2 2 2 2 2 2 2
left_child=-1 2 5 4 -4 6 -2 -8 9 10 -9 -12 14 -14 15 16 17 -10 19 -15 21 -20 26 -22 -25 -26 27 28 -23 -30
right_child=1 -3 3 -5 -6 -7 7 8 12 -11 11 -13 13 18 -16 -17 -18 -19 20 -21 23 22 -24 24 25 -27 -28 -29 29 -31
leaf_value=-0.11797026954913276 0.059416336474104464 0.090029008026409396 -0.13601472938353085 0.082118562295040345 0.078799262635456821 -0.15073791277395854 -0.10897399015946774 -0.11875391862973211 -0.1358869250642912 -0.1225291482912978 0.052563606866729777 -0.11344748969478841 -0.10884831763575674 -0.17807833930731076 -0.16056676332269282 0.11649980191630008 -0.063097128334353408 0.052433319289271009 -0.15582040237353142 0.013778929785007566 0.086382554531829636 0.072831866685220278 -0.11214183120682407 -0.15729317723050107 -0.097457328281206457 0.030635716641691214 -0.16352584497747893 0.098149549978985937 -0.13650325096885185 0.0042790208106898405
leaf_weight=8.4902953896671516 27.274212621152401 12.656580075621603 23.320658981800083 6.202247977256774 3.2269820198416701 5.1287686228752127 20.897930648177862 12.020781546831129 8.5427170246839506 18.635687112808228 38.535780385136604 11.587208863347767 29.098308388143778 9.9984918572008592 8.4338037669658643 43.614872097969055 35.838582508265972 99.051803939044476 29.991185076534748 872.14528639242053 43.540587075054646 28.556181598454714 46.310147983953357 14.441933847963808 17.738423369824886 148.12970652058721 8.4368596002459508 30.597601510584354 38.160545811057091 166.56230465508997
leaf_count=173 86 41 267 13 7 60 258 159 82 257 146 222 241 93 77 87 286 375 258 4304 142 107 424 156 117 550 76 78 431 1174
internal_value=-0.000264135 0.000273537 -0.000341839 -0.0735376 -0.109903 0.000980167 0.00141051 0.000522147 0.00182231 -0.0371368 -0.0115293 0.0141859 0.00369648 0.000477655 0.0281274 0.0366354 0.0123504 0.0374812 0.00266463 0.0116044 -0.0111111 -0.0305769 -0.0187881 0.0192041 0.0029821 0.0169371 -0.00291215 0.00222311 -0.0103589 -0.0219629
internal_weight=1867.17 1858.68 1846.02 32.7499 26.5476 1813.27 1808.14 1780.87 1759.97 80.7795 62.1438 50.123 1679.19 1483.71 195.482 187.048 143.433 107.595 1454.61 882.144 572.465 348.615 318.624 223.851 180.31 165.868 272.313 263.877 233.279 204.723
internal_count=10747 10574 10533 287 274 10246 10186 10100 9842 784 527 368 9058 8151 907 830 743 457 7910 4397 3513 2548 2290 965 823 667 1866 1790 1712 1605
is_linear=0
shrinkage=0.1


Tree=26
num_leaves=31
num_cat=1
split_feature=1 3 2 3 0 3 1 1 1 1 2 3 3 1 1 1 1 3 2 3 1 1 1 3 2 2 1 1 3 3
split_gain=10.5103 8.70118 25.421 13.4538 19.3562 19.1147 12.4374 11.9682 13.4679 18.4394 22.1958 9.92075 49.2365 37.9524 55.9309 46.8831 26.7263 38.627 21.3916 23.8775 16.0721 13.3337 30.9322 44.8421 42.1021 30.5151 25.1656 20.859 28.2895 39.1113
threshold=464.6040000000001 19.029500000000002 104.48200000000001 20.850000000000005 0 24.008500000000002 466.16700000000009 572.55600000000015 556.06450000000007 557.74300000000005 108.71050000000001 30.137000000000004 30.784500000000005 519.99200000000008 543.20900000000017 554.62350000000015 466.99850000000009 27.687000000000005 106.35850000000001 28.717500000000005 469.91500000000008 515.93200000000013 544.85300000000018 34.031000000000006 110.08800000000001 105.35150000000002 543.20900000000017 514.99550000000011 34.151500000000006 34.846500000000006
decision_type=2 2 2 2 1 2 2 2 2 2 2 2 2 2 2 2 2 2 2 2 2 2 2 2 2 2 2 2 2 2
left_child=-1 2 -2 4 -3 6 -5 8 11 -10 -11 13 -13 16 -15 -16 -7 -18 -19 -20 -14 25 23 -23 26 -22 -25 28 -27 -30
right_child=1 3 -4 5 -6 7 -8 -9 9 10 -12 12 20 14 15 -17 17 18 19 -21 21 22 -24 24 -26 27 -28 -29 29 -31
leaf_value=-0.11613582359733415 0.086399941365966348 -0.10925218545383814 -0.13626405319054322 0.041357916167253338 0.13502549873455608 0.12546617984947842 -0.1119665916920666 0.10473631130734296 -0.15563538497518403 -0.14242610568380906 0.023654369170373255 -0.14940531675176355 -0.13301461295865621 0.099906586002829867 -0.11616945901097105 0.11255266639112396 -0.12364135642639218 0.053788798919225084 0.035769328549515152 -0.16294390400622497 -0.16746629814752889 -0.14856128895559492 0.02154379557275608 -0.0016235500535973788 -0.1558990844981345 0.047238576275131089 -0.15138890614281816 0.080622680199914198 -0.14650027024906362 0.0035956485993287831
leaf_weight=7.7974552176892749 7.7443095222115543 4.1092643812298775 15.173171646893023 6.7909521162509945 15.401371508836748 10.946689724922178 23.947150051593781 11.147826775908468 12.301538590341805 10.653816005215047 32.886973038315773 21.940065324306488 8.8218940161168558 92.468205153942108 27.234069760888815 13.357410654425619 34.907305795699358 38.59545461833477 11.791980400681497 12.411577150225638 9.589848864823578 28.393255535513163 196.85464573651552 280.81544970907271 20.486569877713919 153.11881821602583 11.686711028218268 42.031781002879143 17.829528592526913 660.06170189380646
leaf_count=173 20 94 227 21 23 17 313 29 109 148 129 225 116 227 337 52 374 128 49 108 93 258 847 1945 240 483 108 123 114 3617
internal_value=-0.000282366 0.000210332 -0.0610211 0.000985371 0.0835766 8.5682e-05 -0.0780927 0.0014508 0.000792541 -0.047527 -0.0169832 0.002386 -0.000737355 0.0211436 0.0569506 -0.040904 -0.0227066 -0.0393074 0.00757024 -0.0661308 0.00154411 0.00237956 -0.0100256 -0.0282298 -0.0173137 0.00994432 -0.00760732 0.0118931 0.00841679 -0.000352093
internal_weight=1841.3 1833.5 22.9175 1810.58 19.5106 1791.07 30.7381 1760.33 1749.19 55.8423 43.5408 1693.34 1451.63 241.713 133.06 40.5915 108.653 97.7063 62.799 24.2036 1429.69 1420.87 538.237 341.382 312.989 882.632 292.502 873.042 831.01 677.891
internal_count=10747 10574 247 10327 117 10210 334 9876 9847 386 277 9461 8169 1292 616 389 676 659 285 157 7944 7828 3398 2551 2293 4430 2053 4337 4214 3731
cat_boundaries=0 1
cat_threshold=1
is_linear=0
shrinkage=0.1


Tree=27
num_leaves=31
num_cat=2
split_feature=1 1 3 3 1 1 1 3 0 1 1 1 1 1 1 1 1 3 1 0 1 2 3 1 1 2 3 3 3 1
split_gain=9.44994 15.8863 17.2508 14.0874 35.5592 23.7672 13.0899 34.2555 30.6408 17.2423 16.331 18.2224 15.1274 12.2586 11.5766 45.6978 9.07331 37.919 29.8023 22.8666 25.8746 20.9728 23.3832 31.8259 23.4435 35.4647 20.3628 19.9198 69.4962 28.3294
threshold=472.80750000000006 472.00450000000006 38.445000000000007 31.027500000000003 466.16700000000009 469.91500000000008 476.30050000000006 27.502500000000001 0 478.50700000000001 478.79800000000006 480.75650000000007 479.24950000000007 476.85050000000007 474.73600000000005 473.94850000000002 527.91750000000013 28.882500000000004 533.11100000000022 1 558.99750000000006 109.28350000000002 31.027500000000003 557.74300000000005 546.76050000000009 108.1915 33.695000000000007 32.803500000000007 35.466500000000003 486.39600000000007
decision_type=2 2 2 2 2 2 2 2 1 2 2 2 2 2 2 2 2 2 2 1 2 2 2 2 2 2 2 2 2 2
left_child=1 2 3 4 -1 -5 7 -2 14 13 -11 12 -12 -8 15 -9 27 -18 -19 -20 21 22 24 -24 -21 -26 -23 -13 -29 -30
right_child=6 -3 -4 5 -6 -7 9 8 -10 10 11 16 -14 -15 -16 -17 17 18 19 20 -22 26 23 -25 25 -27 -28 28 29 -31
leaf_value=0.052568413133781147 -0.12379335463654439 -0.12259968452491228 -0.12439316529213998 -0.13107159080545944 -0.11289889117913442 0.087565998533577008 -0.011371163229565015 0.082879072468497225 -0.15557233219378563 0.10476036912328041 0.016642380920644465 0.034414210482905189 -0.15997581506435571 -0.14609240014139904 0.11644445417584402 -0.19829380935888016 -0.11584417247745503 -0.1227811700554718 0.045204129945930684 0.10827270269825062 -0.14683553427308704 0.10639306245103466 -0.074540545400335223 0.086369683279784087 0.090111233250208658 -0.12371598578831772 0.0066395222185731398 -0.12596990878504463 -0.13131875944259136 0.0085957551432184059
leaf_weight=25.71184201259166 11.728952929377554 15.385956553742288 12.284471046179531 5.9794949479401103 26.243873577564955 29.507494747638702 13.296103049069645 38.555584330111742 6.2334828898310652 14.953878734260796 7.7745424993336227 202.55396811291575 12.889301519840954 13.727151315659283 36.393960997462273 6.7996785454452029 31.801864996552467 19.832347016781569 97.575805943459272 20.907933369278908 13.230550106614826 24.130982547998428 99.22800974920392 14.029619775712488 13.994860656559469 17.400961011648178 134.64405463263392 41.954540871083736 14.740866608917711 791.83540486358106
leaf_count=125 149 173 207 94 324 69 86 101 58 43 43 827 129 129 68 57 600 349 351 56 173 49 897 33 49 216 659 287 172 4174
internal_value=-0.000292454 -0.028021 -0.0134293 0.00215956 -0.0310124 0.050726 0.00158491 0.0367386 0.0581391 -0.000605178 0.000755038 -0.000242882 -0.0935252 -0.0798063 0.0744349 0.0407255 0.00101053 -0.0102765 -0.00289748 0.00256641 -0.00975828 -0.00416654 -0.029069 -0.054608 0.0262328 -0.0284013 0.0218003 0.00623774 -0.000488301 0.0060387
internal_weight=1815.33 115.113 99.7272 87.4427 51.9557 35.487 1700.21 99.7117 87.9827 1600.5 1573.48 1558.53 20.6638 27.0233 81.7492 45.3553 1537.86 486.777 454.975 435.143 337.567 324.336 165.561 113.258 52.3038 31.3958 158.775 1051.08 848.531 806.576
internal_count=10747 992 819 612 449 163 9755 433 284 9322 9107 9064 172 215 226 158 8892 3432 2832 2483 2132 1959 1251 930 321 265 708 5460 4633 4346
cat_boundaries=0 1 2
cat_threshold=4 4
is_linear=0
shrinkage=0.1


Tree=28
num_leaves=31
num_cat=1
split_feature=1 1 1 3 3 2 3 2 3 2 3 3 1 2 3 3 1 1 1 1 3 2 3 1 1 1 0 1 2 1
split_gain=9.14965 7.40041 13.0101 15.6056 33.3399 21.1495 10.2492 9.92827 6.74149 21.8638 12.7305 26.7189 25.3046 10.0451 9.37524 29.7978 27.4205 42.1088 37.3078 20.8747 33.4765 18.2482 13.338 12.5553 11.5544 15.0897 21.4085 10.0303 26.5946 45.9113
threshold=464.6040000000001 572.55600000000015 556.06450000000007 39.790000000000006 40.360500000000009 111.30900000000001 58.803000000000004 111.30900000000001 19.029500000000002 104.48200000000001 21.781000000000002 23.750000000000004 504.99650000000003 104.58200000000001 30.012000000000004 30.784500000000005 519.99200000000008 543.20900000000017 554.62350000000015 466.99850000000009 27.687000000000005 105.35150000000002 30.137000000000004 469.91500000000008 473.34700000000004 501.05750000000006 0 515.93200000000013 105.46300000000001 517.42200000000014
decision_type=2 2 2 2 2 2 2 2 2 2 2 2 2 2 2 2 2 2 2 2 2 2 2 2 2 2 1 2 2 2
left_child=-1 2 7 5 -5 -4 -6 8 9 -2 12 -12 -10 -13 16 22 19 -18 -19 -15 -21 -22 -16 -17 -23 -26 -27 -25 -29 -30
right_child=1 -3 3 4 6 -7 -8 -9 10 -11 11 13 -14 14 15 23 17 18 -20 20 21 24 -24 27 25 26 -28 28 29 -31
leaf_value=-0.11486251364130243 0.081590940535647569 0.081076095906908743 -0.14133457747988851 0.13726793812860033 -0.15799282102378842 0.072674832369649528 0.010249984948233939 -0.14562607520337612 0.12853797102514286 -0.13543506503256827 -0.1297616968074643 -0.15604411570762311 -0.1198834853535167 0.1213129862585588 0.0070954124589447456 -0.12631000445073348 0.094107159039559823 -0.11081500553341989 0.099919194961666805 -0.11691401892227722 0.12690921756817988 -0.12846689624893468 -0.14572973900303307 0.0092212593660878552 0.057538502173194839 0.067626706194784558 -0.17382411581196022 0.079764157855170326 -0.13630561642909925 -0.0064104113633345061
leaf_weight=6.9452407928183666 7.3148855343461063 11.225749745965002 23.208790997043256 11.313206128776075 8.9577577058225852 5.7648119032382956 6.0775744318962088 4.5952638536691657 18.830565035343174 12.703512713313101 15.434572782367466 3.9904575012624255 5.2417530566453925 9.7994593381881696 7.9851366505026844 7.5950001515448085 82.302609503269196 23.344484094530344 13.123835816979406 30.6226263679564 11.23600512742996 7.5382181778550139 20.051358267664909 868.16299256682396 23.209693595767021 6.3917477205395734 8.6309194043278641 32.227075448259711 28.895372122526169 466.59250309504569
leaf_count=173 20 41 313 16 87 13 22 60 30 212 201 45 110 17 43 116 214 332 51 368 17 91 225 4397 66 15 67 156 209 3020
internal_value=-0.000307516 0.000138864 -0.000374128 -0.048105 0.00758957 -0.0987536 -0.0899858 0.00116483 0.00155902 -0.056132 0.00224189 0.00119934 0.0744441 0.00242313 0.00280691 -0.000124537 0.0222167 0.0544718 -0.0349782 -0.0171041 -0.0325831 0.0127175 -0.102203 0.00191464 -0.0153149 0.00699517 -0.0710932 0.00261231 -0.0082603 -0.0139855
internal_weight=1789.31 1782.37 1771.14 55.3221 26.3485 28.9736 15.0353 1715.82 1711.22 20.0184 1691.21 1667.13 24.0723 1651.7 1647.71 1431.51 216.2 118.771 36.4683 97.4287 87.6292 57.0066 28.0365 1403.47 45.7706 38.2324 15.0227 1395.88 527.715 495.488
internal_count=10747 10574 10533 451 125 326 109 10082 10022 232 9790 9650 140 9449 9404 8166 1238 597 383 641 624 256 268 7898 239 148 82 7782 3385 3229
cat_boundaries=0 1
cat_threshold=1
is_linear=0
shrinkage=0.1


Tree=29
num_leaves=31
num_cat=1
split_feature=1 3 3 1 0 3 3 1 1 2 3 3 1 1 1 3 2 2 2 1 1 1 1 1 1 1 1 1 3 2
split_gain=8.16391 6.78968 22.3153 20.5532 25.1782 10.6166 9.05021 33.9073 19.3977 19.2571 10.6567 14.9803 50.3681 32.5025 29.8794 29.1833 13.9903 25.2275 13.3416 12.6623 26.0066 16.3883 45.4056 13.996 19.0326 13.7259 28.3629 12.9671 12.8755 22.8127
threshold=464.6040000000001 49.653500000000008 46.067500000000003 514.52650000000006 0 47.310500000000012 60.406000000000006 510.62400000000008 507.94700000000006 107.12550000000002 57.483500000000006 55.81900000000001 514.31400000000019 516.86150000000009 541.58000000000015 57.208000000000006 108.01250000000002 106.831 110.74300000000001 503.50550000000004 496.32900000000001 505.3205000000001 505.94500000000005 520.97250000000008 542.69150000000013 528.25700000000018 527.39150000000006 519.99200000000008 53.425500000000007 110.39150000000002
decision_type=2 2 2 2 1 2 2 2 2 2 2 2 2 2 2 2 2 2 2 2 2 2 2 2 2 2 2 2 2 2
left_child=-1 2 -2 -4 5 -5 10 8 9 -8 11 18 15 -14 -15 -13 17 -12 19 20 28 -21 -23 27 25 26 -25 -24 29 -3
right_child=1 6 3 4 -6 -7 7 -9 -10 -11 16 12 13 14 -16 -17 -18 -19 -20 21 -22 22 23 24 -26 -27 -28 -29 -30 -31
leaf_value=-0.11336840877249538 -0.00049599407579010686 -0.16684784945665623 -0.11150397892108399 -0.12313351348652642 -0.10870879255098823 0.066392360221947194 0.015493148052437717 -0.13918423633282992 0.1120831545387061 -0.173519323958605 0.10518903206879844 -0.16872312658797317 0.12481062763692093 -0.16225418162764782 0.088902057149491787 0.017393095082426726 0.067746271696641866 -0.081051663894087397 -0.11423445753712538 0.12286195065203549 -0.16107319809353512 -0.24000832547840145 0.032305693185816109 -0.14179008643307242 0.066401362278746268 -0.13863748235803816 0.12487653429753046 0.12652215546154563 0.050169795550975976 0.07037834263179131
leaf_weight=6.3628919385373583 1096.7077759429812 9.0886163860559481 35.764176357537508 3.3318469263613251 16.684668354690075 26.174754768610001 25.278123587369919 18.878359161317348 15.27050296962261 6.8511828780174246 11.479758940637113 27.847235687077045 22.902618765830994 10.746958933770658 8.4699766933917982 12.079460948705671 69.151866886764765 19.848688371479511 7.7136165611445895 16.995296575129032 11.155731379985808 6.4736589714884749 184.14065130054951 7.7179883643984803 16.20994671434164 14.389603659510611 8.2541571855545044 15.866592362523077 28.487897088751197 7.3174137324094763
leaf_count=173 6770 99 699 63 262 107 88 291 30 80 23 222 39 95 20 39 189 149 71 28 99 47 576 93 47 185 13 24 109 17
internal_value=-0.000300644 0.000107831 -0.0042574 -0.0545916 -0.0105264 0.0449913 0.00893892 -0.0258483 0.019291 -0.0248115 0.0134043 0.00634251 -0.0319408 0.044344 -0.0515556 -0.112415 0.0426308 -0.012807 0.015752 0.0188268 -0.0244263 0.0278041 0.02142 0.0282835 -0.0210892 -0.0677999 -0.00398091 0.0397799 0.0095292 -0.0610403
internal_weight=1767.64 1761.28 1178.66 81.9554 46.1913 29.5066 582.616 66.2782 47.3998 32.1293 516.338 415.857 82.0463 42.1196 19.2169 39.9267 100.48 31.3284 333.811 326.098 56.0497 270.048 253.053 246.579 46.5717 30.3617 15.9721 200.007 44.8939 16.406
internal_count=10747 10574 7901 1131 432 170 2673 489 198 168 2184 1823 415 154 115 261 361 172 1408 1337 324 1013 985 938 338 291 106 600 225 116
cat_boundaries=0 1
cat_threshold=2
is_linear=0
shrinkage=0.1


Tree=30
num_leaves=31
num_cat=0
split_feature=1 1 1 2 1 2 3 1 1 2 3 2 3 3 1 2 3 3 2 2 2 1 2 2 2 3 3 1 3 1
split_gain=7.29549 6.17514 11.5968 13.3307 16.5957 8.5103 7.57111 14.5883 14.5264 12.3691 5.85798 19.2519 11.158 23.5243 22.1192 8.67955 8.00669 25.5215 23.8462 19.4783 30.0397 26.3629 19.9573 17.1184 24.4969 19.5097 12.1845 11.3563 38.4141 11.1342
threshold=464.6040000000001 572.55600000000015 556.06450000000007 108.71050000000001 557.74300000000005 111.30900000000001 39.790000000000006 558.99750000000006 564.24250000000018 109.06050000000002 19.029500000000002 104.48200000000001 21.781000000000002 23.750000000000004 504.99650000000003 104.58200000000001 30.012000000000004 30.784500000000005 109.76000000000001 108.90550000000002 108.1915 519.99200000000008 106.35850000000001 105.944 105.12650000000001 27.502500000000001 30.137000000000004 534.31650000000002 29.470000000000002 469.91500000000008
decision_type=2 2 2 2 2 2 2 2 2 2 2 2 2 2 2 2 2 2 2 2 2 2 2 2 2 2 2 2 2 2
left_child=-1 2 5 -4 -5 10 8 -8 -6 -9 11 -2 14 -14 -12 -15 18 26 19 20 21 22 23 24 25 -17 -18 -23 -29 -19
right_child=1 -3 3 4 6 -7 7 9 -10 -11 12 -13 13 15 -16 16 17 29 -20 -21 -22 27 -24 -25 -26 -27 -28 28 -30 -31
leaf_value=-0.11203090758734227 0.076053213709801393 0.075287616027708198 -0.12902923800348889 -0.14849047866062948 -0.13789488734922745 -0.14108429797090224 0.13346482904393558 0.066920670022947243 0.092161624633175288 -0.17845160354027384 0.12382931511162008 -0.13285806070788406 -0.12668444466922932 -0.14959331379637228 -0.11802694615725176 -0.11616795761642547 0.0064417886206729258 -0.12364706558488828 -0.15226126506472182 0.089563235051760101 -0.068271350870695316 0.12429488545481529 -0.14769077632924307 0.072464816182859063 -0.12169923408066924 0.11854636344411636 -0.14117974367457045 -0.12010221265648231 0.16512188213403683 0.0023926168754358421
leaf_weight=5.8225984815508118 7.0800374597311047 10.852839350700377 14.305991549044846 7.5485410727560511 6.9410748295485991 4.2009167224168769 10.64672175422311 4.5702509023249132 4.5398308485746384 3.7320219650864601 17.659878313541416 11.70182724483311 14.281978225335477 3.7570763044059268 4.8117152210324994 5.0027930587530163 7.9776830747723606 7.0448349844664326 7.6535270810127249 40.442003451287746 36.156251784414053 33.375729501247406 8.5577641911804658 28.297458369284868 16.148252125829458 12.122905910015104 18.691169951111078 9.1370493080467003 9.7719371765851957 1369.8190615978092
leaf_count=173 20 41 256 66 61 60 16 13 9 30 30 212 201 45 110 81 43 116 78 111 391 56 87 91 183 22 225 127 11 7782
internal_value=-0.000282303 9.23265e-05 -0.000380497 -0.0467576 -0.015767 0.00106828 0.0171569 0.055983 -0.0469249 -0.0433786 0.00142597 -0.0541066 0.00205783 0.00109196 0.072042 0.00222266 0.0025769 -0.000128992 0.0209534 0.0276149 0.0118154 0.0354699 -0.00460009 0.015288 -0.0333374 0.0499812 -0.0970204 0.0892156 0.0272982 0.00174772
internal_weight=1742.65 1736.83 1725.98 52.2844 37.9784 1673.69 30.4299 18.949 11.4809 8.30227 1669.49 18.7819 1650.71 1628.24 22.4716 1613.96 1610.2 1403.53 206.666 199.012 158.57 122.414 70.1292 61.5714 33.274 17.1257 26.6689 52.2847 18.909 1376.86
internal_count=10747 10574 10533 451 195 10082 129 59 70 43 10022 232 9790 9650 140 9449 9404 8166 1238 1160 1049 658 464 377 286 103 268 194 138 7898
is_linear=0
shrinkage=0.1


Tree=31
num_leaves=31
num_cat=2
split_feature=1 3 3 0 3 3 1 1 3 2 1 3 3 1 1 1 1 1 0 2 1 1 1 2 1 1 3 1 1 1
split_gain=6.52628 5.75199 13.2558 18.3482 16.714 13.8247 16.7634 13.5117 11.0092 29.3165 10.7593 10.731 45.3348 16.6151 17.7214 62.0342 14.3407 26.1732 30.1304 18.1153 18.8325 13.5371 19.3394 11.6083 37.5772 38.6532 16.5483 33.135 58.8701 45.507
threshold=464.6040000000001 50.552500000000002 44.344000000000001 0 50.427500000000009 49.827500000000008 511.65700000000004 514.52650000000006 46.067500000000003 107.96850000000002 543.40900000000011 42.125500000000009 40.360500000000009 493.79200000000009 498.53950000000003 522.26300000000003 530.69500000000005 544.85300000000018 1 109.43050000000001 546.45950000000005 495.9070000000001 493.79200000000009 109.71250000000002 489.32700000000006 555.06650000000002 35.598500000000008 510.62400000000008 514.31400000000019 489.32700000000006
decision_type=2 2 2 1 2 2 2 2 2 2 2 2 2 2 2 2 2 2 1 2 2 2 2 2 2 2 2 2 2 2
left_child=-1 2 11 -4 5 7 -7 8 9 -5 -8 12 23 -13 -15 -16 -17 18 -18 20 -19 22 -14 26 -25 -26 -2 29 -29 -28
right_child=1 -3 3 4 -6 6 10 -9 -10 -11 -12 13 21 14 15 16 17 19 -20 -21 -22 -23 -24 24 25 -27 27 28 -30 -31
leaf_value=-0.11083251408220221 -0.0049994155722492325 0.0089271137717219871 -0.11105326033439507 0.27241359293184425 -0.21166672444631873 0.08723730835835658 -0.2034752531365138 0.00022503976395063356 -0.10596790337714297 -0.11074138061063372 0.057837858113144396 -0.12591402165987195 -0.11672539062428587 0.13228218158282515 -0.20293723850936854 0.13105314394647952 0.12121788485467742 0.11889151101363223 -0.15454329698941657 0.13323787360121447 -0.10220537112585736 -0.13833703272671102 0.15160895159582202 0.095726528098943123 -0.15072357811266981 0.073672975399186463 0.021144236261162637 0.13888415969065332 0.013516320394889265 -0.14246413272134029
leaf_weight=5.3225565841421476 570.65448296815157 513.9302801117301 24.048633331432939 3.0544295310974103 4.2406755983829489 24.128226108849052 3.7609541267156592 63.408716220408678 28.412196185439825 5.7678292356431484 2.71173495054245 6.4303991980850688 6.7630216740071756 17.239582538604736 10.796030543744562 18.074183210730553 5.7476741075515747 6.788261651992797 12.755018737167122 22.616631537675858 8.908059708774088 31.027688685804605 4.455294132232666 14.366495311260222 29.725574497133493 10.348799206316469 55.964244265109301 51.786147758364677 135.35947086662054 24.418508112430573
leaf_count=173 3635 2462 461 23 32 53 39 605 549 117 8 83 98 24 94 25 10 13 114 34 59 360 5 64 306 25 286 81 682 227
internal_value=-0.000271817 7.0774e-05 -0.00371033 -0.0305579 -0.0162699 -0.00995641 0.0489025 -0.0278527 -0.0756678 0.021914 -0.0939981 0.000391354 -0.00307576 0.0300313 0.0397742 0.021162 0.0534679 0.0287865 -0.0688809 0.0759536 -0.00658657 -0.104299 -0.0101578 0.00171494 -0.0430313 -0.0927755 0.00462126 0.0251427 0.0482076 -0.0285564
internal_weight=1723.01 1717.69 1203.76 159.533 135.485 131.244 30.6009 100.643 37.2345 8.82226 6.47269 1044.23 934.87 109.356 102.925 85.6859 74.8898 56.8156 18.5027 38.313 15.6963 42.246 11.2183 892.624 54.4409 40.0744 838.183 267.528 187.146 80.3828
internal_count=10747 10574 8112 1887 1426 1394 100 1294 689 140 47 6225 5769 456 373 349 255 230 124 106 72 463 103 5306 395 331 4911 1276 763 513
cat_boundaries=0 1 2
cat_threshold=4 4
is_linear=0
shrinkage=0.1


Tree=32
num_leaves=31
num_cat=1
split_feature=1 3 2 3 3 0 3 1 1 3 3 2 2 3 1 1 1 3 1 3 1 1 3 3 3 1 1 1 3 1
split_gain=5.84405 5.25371 17.1631 9.76721 13.1015 11.206 9.56741 7.73965 9.71966 11.7511 24.9693 15.5662 7.5031 7.48782 21.3034 33.7737 28.132 21.0449 17.0926 27.1206 13.9211 19.0769 17.1976 11.3054 11.1084 13.214 9.84357 8.50136 25.1593 47.6577
threshold=464.6040000000001 19.029500000000002 104.48200000000001 20.850000000000005 23.750000000000004 0 21.781000000000002 572.55600000000015 556.06450000000007 39.790000000000006 40.360500000000009 111.30900000000001 104.58200000000001 30.012000000000004 519.99200000000008 543.20900000000017 554.62350000000015 30.784500000000005 466.99850000000009 27.687000000000005 473.34700000000004 476.48650000000004 28.717500000000005 30.137000000000004 28.320000000000004 512.61000000000013 469.91500000000008 549.12350000000004 36.029000000000003 552.8610000000001
decision_type=2 2 2 2 2 1 2 2 2 2 2 2 2 2 2 2 2 2 2 2 2 2 2 2 2 2 2 2 2 2
left_child=-1 2 -2 5 6 -3 -5 8 12 11 -11 -10 -6 14 18 -16 -17 23 -14 -20 -21 -22 24 -15 25 -23 -19 -28 -29 -30
right_child=1 3 -4 4 7 -7 -8 -9 9 10 -12 -13 13 17 15 16 -18 26 19 20 21 22 -24 -25 -26 -27 27 28 29 -31
leaf_value=-0.10975783238027509 0.071126277782136746 -0.10558478830836998 -0.12931363957290518 0.023407955498883044 -0.14432667159175491 0.11949375495599071 -0.12259275788490559 0.091426605475567149 -0.13527418627741236 0.1254804481165637 -0.082792153903344545 0.060423645982570107 0.1176552706171375 0.0075466857960140247 0.086806752457997072 -0.10664542789432022 0.082739555967316719 -0.12160840619629715 -0.11098674879391911 -0.1232141234505761 0.10119784133949992 -0.16991834384878624 -0.15206748492911384 -0.13651797258772627 0.12485321192428052 0.058924263328582228 -0.00054950519124759875 0.075786840027614655 -0.19000417029277647 0.036824501633110754
leaf_weight=4.860792505554854 6.8735052272677448 2.6811808478087169 11.286903586238621 6.4494805950671461 3.5098488964140406 12.639927685260771 14.760397417470811 9.3910094648599607 18.915126863867048 10.045626416802408 13.48113447986543 5.1769952848553649 8.6302610635757429 7.957974515855315 75.654968854039907 20.496814044192433 12.705485749989746 6.5035370439290991 27.492145121097565 6.6976585462689391 21.06479999423027 4.3928945511579567 7.7198999524116507 17.26474392414093 6.9807053804397574 5.9285539388656616 1249.2239582892507 54.528802737593651 12.64967957139015 34.594148769974709
leaf_count=173 20 94 227 43 45 23 248 29 262 16 109 13 17 43 214 332 51 116 373 91 39 35 65 225 11 15 7403 160 124 131
internal_value=-0.000265987 4.7876e-05 -0.0534494 0.000627018 -0.000105554 0.0801052 -0.078197 0.000903771 0.000382754 -0.044132 0.00613759 -0.093222 0.00172098 0.00204531 0.0202455 0.0499068 -0.0341737 -0.000557773 -0.0160717 -0.0304482 0.0114993 0.0310768 -0.0279545 -0.0910644 0.0274224 -0.0384731 0.00112386 0.00171468 0.0295068 -0.0239096
internal_weight=1700.56 1695.7 18.1604 1677.54 1662.22 15.3211 21.2099 1641.01 1631.62 47.6189 23.5268 24.0921 1584 1580.49 197.764 108.857 33.2023 1382.72 88.9069 80.2767 52.7845 46.0869 25.0221 25.2227 17.3022 10.3214 1357.5 1351 101.773 47.2438
internal_count=10747 10574 247 10327 10210 117 291 9919 9890 400 125 275 9490 9445 1243 597 383 8202 646 629 256 165 126 268 61 50 7934 7818 415 255
cat_boundaries=0 1
cat_threshold=1
is_linear=0
shrinkage=0.1


Tree=33
num_leaves=31
num_cat=4
split_feature=1 3 3 0 3 3 2 0 3 2 1 1 2 3 3 1 1 1 1 1 0 2 1 1 1 0 2 3 3 1
split_gain=5.23836 5.04639 10.9901 16.2586 13.6452 12.1494 13.4829 20.2854 16.1488 15.2972 12.551 20.3002 11.2172 9.51782 38.8353 14.5691 15.5846 52.8687 12.4124 22.7965 26.1359 15.6005 23.8703 11.6688 16.8991 10.4325 18.7963 16.4514 25.7411 21.8785
threshold=464.6040000000001 50.552500000000002 44.344000000000001 0 50.427500000000009 49.488500000000009 107.96850000000002 1 45.908500000000011 109.37650000000001 546.45950000000005 514.52650000000006 107.39950000000002 42.125500000000009 40.360500000000009 493.79200000000009 498.53950000000003 522.26300000000003 530.69500000000005 544.85300000000018 2 109.35450000000002 546.45950000000005 495.9070000000001 493.79200000000009 3 107.64050000000002 38.030000000000008 36.264500000000005 514.52650000000006
decision_type=2 2 2 1 2 2 2 1 2 2 2 2 2 2 2 2 2 2 2 2 1 2 2 2 2 1 2 2 2 2
left_child=-1 2 13 -4 5 6 7 8 -5 -8 11 -11 -10 14 25 -15 -17 -18 -19 20 -20 22 -21 24 -16 26 -2 28 -28 -30
right_child=1 -3 3 4 -6 -7 9 -9 12 10 -12 -13 -14 15 23 16 17 18 19 21 -22 -23 -24 -25 -26 -27 27 -29 29 -31
leaf_value=-0.1087933550302454 -0.1216038158950898 0.0082962554118764919 -0.10716019857017384 -0.11635206607529154 -0.19249633541899575 0.036751172043650152 -0.11633340419981167 -0.11863023199467695 0.077824471370769491 -0.10969767099994475 -0.14241809156059068 0.062727306578667263 0.27276555518719675 -0.12314528101683818 -0.11488405675504734 0.1283504646103156 -0.18999858677400983 0.12611683424614184 0.11880600161912486 0.11679611816923452 -0.14759453567651515 0.12047556281812442 -0.16437177050453566 -0.1334000330542042 0.14439488147197185 0.0047836740610082166 -0.061656316680893566 -0.12961095849916629 0.12071392012472765 -0.11673586512385448
leaf_weight=4.4352252949029198 18.483908507972956 512.46426602080464 22.435323841869831 3.2453866414725807 4.1971896141767493 39.611853217706084 24.500691371038556 6.5655179200693992 11.150598643347619 9.8218478430062515 6.4734160229563704 22.401443239301443 4.0143939070403567 5.9253796339035025 6.2095175534486753 16.058746099472046 10.395561955869196 16.968190997838974 5.3032630681991577 6.2497012317180616 12.051602035760881 23.76670553535223 5.8418015092611313 28.720397476106882 4.2236399054527283 788.76720206253231 23.317840598523617 9.1765997186303121 23.111477814614776 4.6633482538163653
leaf_count=173 266 2462 461 55 32 172 501 131 61 216 66 171 21 83 98 24 94 25 10 13 114 43 50 360 5 4534 264 113 51 78
internal_value=-0.000259274 2.79214e-05 -0.00361339 -0.0284583 -0.01508 -0.00925263 -0.0299198 0.0322832 0.086102 -0.0545028 -0.0153549 0.0101712 0.129428 0.000187995 -0.00307817 0.029062 0.0383949 0.020467 0.051642 0.0278941 -0.0661884 0.0734287 -0.0190453 -0.100497 -0.00992054 0.0013186 -0.0333865 -0.0063313 0.0158106 0.0808465
internal_weight=1680.55 1676.12 1163.65 154.418 131.982 127.785 88.1733 24.9759 18.4104 63.1974 38.6967 32.2233 15.165 1009.23 906.674 102.561 96.6356 80.5768 70.1813 53.2131 17.3549 35.8582 12.0915 39.1536 10.4332 867.52 78.7532 60.2693 51.0927 27.7748
internal_count=10747 10574 8112 1887 1426 1394 1222 268 137 954 453 387 82 6225 5769 456 373 349 255 230 124 106 63 463 103 5306 772 506 393 129
cat_boundaries=0 1 2 3 4
cat_threshold=4 2 4 2
is_linear=0
shrinkage=0.1


Tree=34
num_leaves=31
num_cat=1
split_feature=1 1 1 1 2 3 2 1 3 3 3 3 3 3 1 3 1 3 1 0 3 1 1 2 2 3 2 2 2 2
split_gain=4.77281 34.316 34.0582 31.4792 16.2696 38.9372 27.2137 25.718 57.1032 43.981 23.5679 15.9952 18.3875 58.9508 22.8382 19.9141 41.8661 18.7444 13.4351 21.9428 18.3451 17.8796 13.3901 14.9183 13.0197 11.8349 24.4816 11.3893 20.6894 12.1665
threshold=499.49150000000003 500.29100000000005 502.98400000000009 494.94550000000004 108.86450000000001 31.121000000000006 108.444 482.93900000000008 53.425500000000007 38.445000000000007 37.915500000000002 35.853500000000004 33.247000000000007 32.066500000000012 480.75650000000007 34.151500000000006 476.48650000000004 31.401500000000002 486.39600000000007 0 45.752500000000005 494.45400000000006 474.73600000000005 106.87800000000001 104.87250000000002 23.750000000000004 104.58200000000001 105.12650000000001 105.90250000000002 106.70450000000001
decision_type=2 2 2 2 2 2 2 2 2 2 2 2 2 2 2 2 2 2 2 1 2 2 2 2 2 2 2 2 2 2
left_child=3 -2 -3 4 6 -6 7 9 -9 10 11 12 13 14 17 -14 22 24 19 -7 -20 -22 23 -17 -1 26 -4 -26 -29 -30
right_child=1 2 25 -5 5 18 -8 8 -10 -11 -12 -13 15 -15 -16 16 -18 -19 20 -21 21 -23 -24 -25 27 -27 -28 28 29 -31
leaf_value=-0.12392594951647425 0.11160910134646895 -0.13428261528776769 0.12184931489425131 -0.10069294054788334 -0.14670576065735111 0.086770509614966823 -0.1367061846678462 -0.14572483375413889 0.061468188318918017 -0.12423645772742703 0.17962273315481206 -0.13839579205443006 0.11444512569464116 -0.18593492448228427 0.11442649668484113 -0.13664576277049692 -0.19588537756561356 -0.26079684876853121 0.11979167872975616 -0.13172510902521345 -0.16482910338917828 0.07619144830766994 0.14912474149878396 0.058497086817722643 0.084164632513877582 0.0038807229715286926 -0.12291321281313974 -0.10304180827166586 0.051742212314447623 -0.11564161703404026
leaf_weight=6.8393834754824629 28.375134073197842 18.501456245779991 5.2717825770378139 34.666637379676104 10.065717758610843 10.322058682329953 16.521180977113545 34.489941868931055 21.652550712227821 22.372864393517375 9.1988160759210569 6.4948220439255229 35.49441596865654 15.399134755134581 21.873858526349068 4.9846808314323452 7.8292901813983908 2.6668688766658297 42.156130105257034 8.2858842695131898 4.9829273410141441 8.050580371171236 11.366650283336638 18.299123903736472 20.430537901818752 1156.4035153836012 18.175374189391732 15.171339426189659 38.231863215565681 4.8989258101209989
leaf_count=111 129 252 9 301 137 59 239 369 69 375 12 63 60 111 45 31 55 29 73 117 63 25 13 72 99 6910 431 202 188 98
internal_value=-0.000268107 0.00291715 0.000343494 -0.00929752 -0.00133838 0.0377936 -0.0117826 -0.0048497 -0.0658164 0.00932039 0.0229533 0.0160899 0.0210208 -0.00267264 0.0229564 0.0591591 0.0129642 0.000281507 0.0629587 -0.0105229 0.087734 -0.0159547 0.0601539 0.0167202 0.00841806 0.00245459 -0.0678816 0.0199146 -0.00260026 0.0327302
internal_weight=1659.47 1226.73 1198.35 432.746 398.08 83.8633 314.216 297.695 56.1425 241.553 219.18 209.981 203.486 125.512 110.113 77.9742 42.4797 88.2389 73.7976 18.6079 55.1896 13.0335 34.6505 23.2838 85.572 1179.85 23.4472 78.7327 58.3021 43.1308
internal_count=10747 7731 7602 3016 2715 474 2241 2002 438 1564 1189 1177 1114 883 772 231 171 727 337 176 161 88 116 103 698 7350 440 587 488 286
cat_boundaries=0 1
cat_threshold=4
is_linear=0
shrinkage=0.1


Tree=35
num_leaves=31
num_cat=1
split_feature=1 1 3 3 2 0 2 1 1 1 2 2 3 1 1 2 3 2 2 1 2 3 1 1 1 1 3 3 3 3
split_gain=4.48641 8.51642 11.222 20.4887 13.5978 7.32048 5.97308 4.53131 4.37784 12.2957 5.22049 6.52777 4.44334 29.2696 16.8666 15.8139 14.3275 12.0995 19.2069 10.5981 8.21556 31.7405 7.94237 30.6368 24.8635 34.4018 32.8222 26.1526 18.7307 16.0986
threshold=572.55600000000015 556.06450000000007 39.790000000000006 40.360500000000009 111.30900000000001 0 111.30900000000001 464.6040000000001 466.16700000000009 469.91500000000008 106.19450000000002 107.06750000000001 60.406000000000006 510.62400000000008 507.94700000000006 107.12550000000002 57.483500000000006 108.01250000000002 106.831 503.89900000000006 108.50350000000002 58.010500000000008 509.61100000000005 509.21000000000009 511.87950000000006 512.61000000000013 54.317500000000003 57.208000000000006 55.81900000000001 54.177500000000002
decision_type=2 2 2 2 2 1 2 2 2 2 2 2 2 2 2 2 2 2 2 2 2 2 2 2 2 2 2 2 2 2
left_child=1 6 4 -4 -3 -5 7 -1 10 -10 -9 -12 16 14 15 19 22 18 -18 -14 -19 -22 23 28 26 -26 -24 -28 29 -11
right_child=-2 2 3 5 -6 -7 -8 8 9 12 11 -13 13 -15 -16 -17 17 20 -20 -21 21 -23 24 -25 25 -27 27 -29 -30 -31
leaf_value=-0.10779566437185178 0.067102055208203323 -0.13023144498350256 0.11991209251257284 0.0034568211074969464 0.055887116082697197 -0.14664269888104292 -0.12892062003158952 0.081739410907486446 -0.094579698602014997 -0.0072442351365219568 0.088825390262331147 -0.1264770734458997 0.10820141426503604 -0.13671758542984302 0.10889083991351706 -0.16539231240806168 0.099540791036548504 0.093352649413043387 -0.070849400228346071 -0.032403209147579985 0.093030779139983408 -0.19480889103137275 0.080709646141157151 -0.14933390497803339 -0.18547916859806224 0.0026767976212232524 -0.18311574919789847 0.10550993775031603 -0.11321995149992932 0.055419599110501455
leaf_weight=3.8290951675735405 9.8268785327672941 18.676728589460257 9.4229764789342898 6.3190371356904507 4.9700422510504714 6.6883829934522492 3.554525025188922 13.720242857933046 13.474665881134568 501.791802784428 2.509540192782878 3.2088002674281597 7.8639300614595475 16.982397794723511 13.909543693065642 6.2773152478039256 10.173301510512831 39.939416401088238 18.917178429663181 16.841730736196041 13.908733807504179 5.2873497605323783 77.850997399538755 15.146756537258623 9.8515451401472074 712.98215612210333 9.2805088534951192 4.7442617714405051 15.609702482819555 44.644724739715457
leaf_count=173 41 313 16 36 13 73 60 39 258 3391 8 39 22 278 30 80 23 87 143 66 35 39 274 112 102 4665 69 9 120 133
internal_value=-0.000263057 -0.00066959 -0.0430488 0.00762225 -0.0911133 -0.073724 0.000564508 0.000856042 0.00112021 0.000530819 0.0482831 -0.0319898 0.00136193 -0.0248926 0.0174097 -0.02366 0.00245947 0.0415383 -0.0112618 0.0123519 0.0675122 0.0137485 -1.75448e-05 -0.00899207 0.00634059 0.000112408 0.0553409 -0.0854802 -0.00520995 -0.0021245
internal_weight=1638.2 1628.38 46.0772 22.4304 23.6468 13.0074 1582.3 1578.75 1574.92 1555.48 19.4386 5.71834 1542 61.8749 44.8925 30.983 1480.13 88.226 29.0905 24.7057 59.1355 19.1961 1391.9 577.193 814.709 722.834 91.8758 14.0248 562.046 546.437
internal_count=10747 10706 451 125 326 109 10255 10195 10022 9936 86 47 9678 476 198 168 9202 327 166 88 161 74 8875 3756 5119 4767 352 78 3644 3524
cat_boundaries=0 1
cat_threshold=4
is_linear=0
shrinkage=0.1


Tree=36
num_leaves=31
num_cat=3
split_feature=1 1 3 1 1 3 3 1 3 3 1 1 2 1 0 3 2 2 3 2 3 0 1 3 3 3 1 1 0 3
split_gain=4.34403 32.1535 19.268 18.4094 17.6083 19.2747 33.6932 30.4937 26.0082 24.3658 18.368 15.9329 40.3115 21.1379 36.6057 21.4431 17.2188 12.3669 12.2298 39.8804 13.5332 30.3274 61.3983 27.3406 18.9734 52.146 18.9338 18.2036 57.2182 47.4748
threshold=521.3995000000001 520.12600000000009 26.289500000000004 518.60800000000006 522.13800000000003 30.137000000000004 32.961000000000006 543.20900000000017 31.027500000000003 30.784500000000005 554.62350000000015 541.94200000000012 108.48650000000002 522.99550000000011 0 53.157500000000006 106.64550000000001 108.17850000000001 31.121000000000006 106.42100000000001 34.151500000000006 1 482.39550000000003 34.998500000000007 33.247000000000007 32.066500000000012 473.94850000000002 509.61100000000005 2 58.355500000000006
decision_type=2 2 2 2 2 2 2 2 2 2 2 2 2 2 1 2 2 2 2 2 2 1 2 2 2 2 2 2 1 2
left_child=1 3 -2 18 -4 7 8 -6 9 -7 -9 12 13 -8 -15 16 -16 -12 19 -1 21 -20 24 26 25 -23 -22 28 -25 -29
right_child=2 -3 4 -5 5 6 11 10 -10 -11 17 -13 -14 14 15 -17 -18 -19 20 -21 23 22 -24 27 -26 -27 -28 29 -30 -31
leaf_value=0.013467052727102514 -0.11438781762356234 0.08633325015361179 -0.13520866955581728 -0.097720702661285713 0.090547375103339225 -0.12588383523034372 0.099950411484971469 -0.10436314932015976 -0.14247069997345993 0.10285154942229811 0.11641024936211353 0.014530360415841118 -0.12802516333756392 -0.13458747428721066 -0.12192074073148169 -0.10205085938840304 0.074761061175492791 -0.078233287160898779 0.088399768565018078 -0.098713773907495861 0.022408612856151599 0.082252849090516014 -0.15720663749248923 -0.12088375627230215 0.102388131428157 -0.16134985714994771 -0.17267886227307527 0.031926904819624298 0.0027657725486375175 -0.15509011925389457
leaf_weight=90.302810108289123 16.375335469841957 44.828586280345917 10.065514802932737 18.990229148417711 50.873620353639126 8.1084579601883906 18.286577112972736 17.182620309293274 31.565237525850534 10.941113196313379 9.3929969593882543 253.23451899643987 30.987789034843445 20.358513168990612 5.0103323739022008 11.164705129340289 39.885407002642751 5.0028083324432364 60.004267267882824 48.823652426246554 7.4334542248398092 24.666763189248741 20.120590962469578 41.587214908562601 29.282505728304386 13.65002455562353 15.041010007262228 280.54454853199422 373.82772936765105 14.263922501355408
leaf_count=651 490 169 127 210 136 132 56 263 336 35 20 1251 489 296 111 150 210 46 146 627 32 67 172 516 54 98 114 1201 2417 125
internal_value=-0.000235465 0.00341314 -0.00757669 -0.000166117 -0.00422637 -0.00165133 -0.0101521 0.0426344 -0.0867836 0.00549024 -0.0345545 8.3832e-05 -0.0290216 0.0033725 -0.019738 0.0219699 0.0528115 0.048768 0.00165095 -0.0259006 0.0060047 0.0336163 -0.00385805 0.00043775 0.0417854 -0.00452851 -0.108153 0.00387403 -0.00961279 0.0228783
internal_weight=1621.8 1083.37 538.436 1038.54 522.06 511.995 429.543 82.452 50.6148 19.0496 31.5784 378.928 125.693 94.7055 76.419 56.0604 44.8957 14.3958 1019.55 139.126 880.422 147.724 87.7199 732.698 67.5993 38.3168 22.4745 710.223 415.415 294.808
internal_count=10747 6599 4148 6430 3658 3531 3066 465 503 167 329 2563 1312 823 767 471 321 66 6220 1278 4942 537 391 4405 219 165 146 4259 2933 1326
cat_boundaries=0 1 2 3
cat_threshold=1 1 1
is_linear=0
shrinkage=0.1


Tree=37
num_leaves=31
num_cat=1
split_feature=1 1 3 3 1 1 1 1 0 3 2 1 1 1 1 3 3 2 2 1 1 1 3 1 3 3 2 1 2 1
split_gain=4.03636 12.7482 12.6096 10.3314 21.1482 10.3293 19.6 26.889 17.3701 11.0068 11.7081 10.4505 11.3784 12.6895 12.016 10.8916 15.2638 11.37 8.58641 7.58414 8.40074 6.92365 25.4727 20.5376 25.8952 10.903 21.648 9.24901 32.5482 13.3092
threshold=472.80750000000006 472.00450000000006 38.445000000000007 31.027500000000003 466.99850000000009 476.30050000000006 474.73600000000005 473.94850000000002 0 33.111500000000007 105.07200000000002 478.50700000000001 478.79800000000006 480.75650000000007 479.24950000000007 38.030000000000008 40.527500000000011 105.83550000000001 106.80550000000001 473.34700000000004 473.19100000000009 482.39550000000003 32.066500000000012 486.39600000000007 27.687000000000005 23.750000000000004 104.58200000000001 489.32700000000006 108.86450000000001 492.21850000000001
decision_type=2 2 2 2 2 2 2 2 1 2 2 2 2 2 2 2 2 2 2 2 2 2 2 2 2 2 2 2 2 2
left_child=1 2 3 4 -1 6 7 8 18 10 -8 15 -13 14 -14 17 -17 -7 19 20 -2 22 -15 24 -23 26 -25 28 -27 -29
right_child=5 -3 -4 -5 -6 11 9 -9 -10 -11 -12 12 13 21 -16 16 -18 -19 -20 -21 -22 23 -24 25 -26 27 -28 29 -30 -31
leaf_value=0.036859588395791378 -0.21680797785014644 -0.11490028274533076 -0.12017029725452606 0.050626231812516409 -0.11712853587019788 0.062906924101313072 0.1230229631459864 -0.14702305821127404 -0.14096085393472479 0.13526640405922499 -0.083294212413742325 0.093388023073042822 0.019165314892631194 0.12312752740241789 -0.15050657473821849 0.20995595138873219 -0.11629603895849668 -0.14411793742018431 0.10946614912361477 0.048130860836793472 0.032867653322943897 0.1210200004611694 -0.14734497863759285 0.11922279807089149 -0.14391457824596332 -0.1071429903778405 -0.11944442771039898 -0.082873577691196479 0.12871255306748389 0.0022424348310964817
leaf_weight=21.357138896360993 2.6345467679202565 12.424375062808393 8.5526798013597709 31.519853932783008 15.313434939831494 3.2493464946746888 5.1646982468664628 10.437783583998678 5.1180138885974875 22.228540454059839 5.884318932890892 12.935151360929011 6.7890308108180788 14.825107179582121 10.835586126893757 2.968986749649047 2.7737489696592093 14.451495971530674 16.509438525885344 15.903682749718428 2.7587653435766697 4.5701642036438015 4.5508662331849328 4.8446676135063198 19.140478394925594 8.3064064085483569 17.631610149517655 18.644734341651201 19.794043898582458 1250.3347257822752
leaf_count=165 28 173 207 163 284 27 15 130 64 39 32 43 43 29 129 3 51 134 51 51 23 8 57 9 207 88 469 159 29 7837
internal_value=-0.000255466 -0.0209273 -0.0057135 0.00864207 -0.027445 0.000970686 0.0344894 -0.00307087 0.0319335 0.0947191 0.0131457 -0.00107926 3.48825e-05 -0.000839975 -0.0851487 -0.0672906 0.0523758 -0.106114 0.0553389 0.0133794 -0.0890949 0.000250486 0.0596012 -0.000605619 -0.0928491 0.00105187 -0.0680007 0.00224844 0.0589944 0.000991851
internal_weight=1592.45 89.1675 76.7431 68.1904 36.6706 1503.29 86.6398 53.3622 42.9244 33.2776 11.049 1416.65 1393.2 1380.27 17.6246 23.4436 5.74274 17.7008 37.8064 21.297 5.39331 1362.64 19.376 1343.27 23.7106 1319.56 22.4763 1297.08 28.1005 1268.98
internal_count=10747 992 819 612 449 9755 433 347 217 86 47 9322 9107 9064 172 215 54 161 153 102 51 8892 86 8806 215 8591 478 8113 117 7996
cat_boundaries=0 1
cat_threshold=4
is_linear=0
shrinkage=0.1


Tree=38
num_leaves=31
num_cat=1
split_feature=1 1 3 3 2 3 2 1 3 3 2 2 2 1 2 1 3 2 3 3 3 0 1 2 1 3 2 1 2 3
split_gain=4.10063 7.29125 9.38789 17.6902 11.8159 6.67835 4.68085 4.05725 3.42949 23.5473 18.1221 21.591 21.7305 14.8804 19.3353 15.1713 33.0329 9.09876 13.2768 17.7041 7.77964 17.0448 7.74016 21.2614 18.6574 33.6103 29.7243 18.6472 27.2542 19.6018
threshold=572.55600000000015 556.06450000000007 39.790000000000006 40.360500000000009 111.30900000000001 59.123500000000007 111.30900000000001 464.6040000000001 30.137000000000004 30.784500000000005 109.73850000000002 108.90550000000002 108.1915 519.99200000000008 106.35850000000001 526.87050000000011 29.470000000000002 105.83550000000001 21.781000000000002 27.502500000000001 28.320000000000004 0 515.93200000000013 105.35150000000002 544.85300000000018 34.031000000000006 109.69350000000001 546.00950000000012 108.47050000000002 42.125500000000009
decision_type=2 2 2 2 2 2 2 2 2 2 2 2 2 2 2 2 2 2 2 2 2 1 2 2 2 2 2 2 2 2
left_child=1 6 4 -4 -3 -5 7 -1 10 -10 11 12 13 14 17 -15 -17 18 -9 -20 21 -13 23 -11 25 -24 -27 -26 -29 -30
right_child=-2 2 3 5 -6 -7 -8 8 9 22 -12 20 -14 15 -16 16 -18 -19 19 -21 -22 -23 24 -25 27 26 -28 28 29 -31
leaf_value=-0.10735043880732696 0.06605768081973877 -0.1277089077313309 0.11457455314411032 -0.1093751116375638 0.05100135053237756 0.065052530700242986 -0.12372812730715557 0.055498264305649629 -0.1281059402281812 -0.15348731326384421 -0.13242382670883338 0.11687373153024548 -0.068093129872933977 0.11220690609565304 -0.12692465063747377 -0.11275152035588265 0.14354360685773479 0.057120351927751938 -0.11796525635941682 0.028800000706422642 0.10844621018613908 -0.14701135939812551 -0.13753035686889323 0.0082268798968087586 0.087128439367885752 -0.0015988921931239357 -0.095097025851173425 -0.14879334991409143 -0.0073798792139070967 0.079863672473960423
leaf_weight=3.4639565213583401 9.2729781121015531 16.688323596492413 8.7763239592313784 9.7935327440500242 4.753532998263835 2.8291050344705573 3.0268339533358803 18.644407823681831 14.409628914669154 8.2153338063508254 8.3248765189200622 5.8898288011550903 34.762009155005217 28.350675068795681 11.141362372785805 11.513703143224122 8.9284870699048025 30.178906988352537 17.757580095902085 15.301466427743433 30.748469345271587 4.1883388608694059 24.29602899774909 783.45323298871517 30.446356186643243 239.10459432192147 39.639048006385565 11.191961182281373 108.82243795692921 33.737100757658482
leaf_count=173 41 313 16 102 13 7 60 74 225 93 134 12 452 73 167 325 11 119 332 71 68 51 258 4420 104 1866 424 142 493 108
internal_value=-0.000245717 -0.000637734 -0.041325 0.00553368 -0.0880899 -0.0702807 0.000504864 0.000751846 0.000998357 -0.000986693 0.0123717 0.0179162 0.00276297 0.0201312 -0.00332869 0.0648575 -0.000810104 0.0134885 -0.0119791 -0.0500346 0.083455 0.00720695 0.000445578 0.00654873 -0.00947089 -0.0247271 -0.0148949 0.0156284 0.00146979 0.0132665
internal_weight=1577.65 1568.38 42.8408 21.399 21.4419 12.6226 1525.54 1522.51 1519.05 1293.32 225.73 217.405 176.579 141.817 93.0237 48.7929 20.4422 81.8824 51.7035 33.059 40.8266 10.0782 1278.91 791.669 487.238 303.04 278.744 184.198 153.751 142.56
internal_count=10747 10706 451 125 326 109 10255 10195 10022 8133 1889 1755 1624 1172 763 409 336 596 477 403 131 63 7908 4513 3395 2548 2290 847 743 601
cat_boundaries=0 1
cat_threshold=4
is_linear=0
shrinkage=0.1


Tree=39
num_leaves=31
num_cat=1
split_feature=3 3 2 2 1 3 3 1 1 2 1 1 3 2 2 1 3 3 3 1 1 1 3 3 1 3 2 1 3 0
split_gain=3.93011 9.39953 10.0588 21.0362 19.6647 16.6853 20.8397 12.942 34.0228 11.0718 10.6784 17.9733 9.0119 8.00413 28.5732 27.1061 16.8324 15.7427 14.6284 12.6128 12.5317 30.7672 35.267 25.8771 20.5901 19.2638 17.7742 16.8428 27.9257 12.4141
threshold=50.702000000000005 44.344000000000001 107.14750000000002 107.89950000000002 528.82400000000018 50.262000000000008 49.488500000000009 510.4695000000001 548.42400000000009 109.37650000000001 546.45950000000005 514.52650000000006 50.552500000000002 107.89950000000002 106.98050000000002 541.58000000000015 50.813500000000005 51.415000000000006 54.317500000000003 511.27300000000008 513.90000000000009 510.4695000000001 53.611000000000011 57.483500000000006 515.93200000000013 58.576500000000003 110.1915 517.42200000000014 56.850000000000001 0
decision_type=2 2 2 2 2 2 2 2 2 2 2 2 2 2 2 2 2 2 2 2 2 2 2 2 2 2 2 2 2 1
left_child=1 -1 -3 4 -4 6 9 -8 -9 -5 11 -11 -7 14 17 16 -16 -2 -19 -20 21 29 -23 -24 -22 -25 27 28 -26 -15
right_child=13 2 3 5 -6 12 7 8 -10 10 -12 -13 -14 20 15 -17 -18 18 19 -21 24 22 23 25 26 -27 -28 -29 -30 -31
leaf_value=0.0002042748955490086 -0.13061980888925195 -0.11882983837825867 0.082558816874410468 -0.10136443180091007 -0.13016678380094077 -0.23029126541880338 0.10459405991926701 -0.20053961925277364 0.13327713408824329 -0.10869806517214818 -0.14097052666325746 0.054017295450270786 -0.056558562457098664 -0.12853129930296647 0.084056888231180682 0.062831742448494016 -0.12572201417823317 0.10319390197200062 0.029121025607737345 -0.12556977244055428 0.089892915603648649 0.12314657683952093 -0.18411665671206645 0.095124898089609652 -0.25071269341211927 -0.15844202209554184 -0.1694402435792306 0.040680640741772946 0.05372545350623275 0.023120646983756599
leaf_weight=922.96363622648641 5.7411717027425757 10.966533387079833 28.316176759079099 30.686687419656664 5.1333907805383197 6.6018940433859807 15.990461703389885 6.051467087119816 6.16230508685112 9.8859345223754662 6.1535787153989068 21.665923766791821 5.4509982466697693 5.5708321817219257 4.2401962894946328 12.340038873255251 39.05460125207901 24.413140347227454 33.749619584530592 6.2464312463998786 50.036511138081551 7.2903249263763419 22.052471123635769 7.6387989446520788 5.6252037584781629 4.9296030513942242 5.2477384116500607 65.698462091386318 6.4885015338659286 173.79604190029204
leaf_count=6347 56 280 166 719 101 55 46 59 11 242 66 176 24 75 12 48 468 86 131 109 128 12 172 18 41 45 71 276 21 686
internal_value=-0.00024488 -0.00360189 -0.0265525 -0.019431 0.0499125 -0.0407796 -0.026937 0.0453919 -0.0321166 -0.0567647 -0.0204671 0.00303477 -0.15172 0.00727811 -0.014393 -0.0679118 -0.105177 0.0280517 0.042195 0.004962 0.0149703 0.000385875 -0.0767543 -0.118849 0.0392174 -0.00432961 0.00868969 0.020703 -0.0876455 0.0184106
internal_weight=1556.19 1076.03 153.065 142.099 33.4496 108.649 96.5964 28.2042 12.2138 68.3921 37.7054 31.5519 12.0529 480.16 125.785 55.6348 43.2948 70.1504 64.4092 39.9961 354.374 221.278 41.9112 34.6209 133.096 12.5684 83.0599 77.8122 12.1137 179.367
internal_count=10747 8292 1945 1665 267 1398 1319 116 70 1203 484 418 79 2455 910 528 480 382 326 240 1545 1008 247 235 537 63 409 338 62 761
cat_boundaries=0 1
cat_threshold=1
is_linear=0
shrinkage=0.1


Tree=40
num_leaves=31
num_cat=2
split_feature=1 1 2 1 0 1 1 1 3 3 1 1 2 1 1 1 2 0 1 1 1 2 3 3 2 1 3 1 3 1
split_gain=3.61552 3.49409 24.2799 24.2116 24.0582 22.5583 16.0394 32.0245 10.8406 31.3618 10.6011 10.5362 24.5645 8.61772 17.0221 18.9977 20.2036 14.8018 11.277 8.47272 8.14056 8.06078 7.50378 13.2023 9 11.7862 24.6221 6.87303 36.885 9.6111
threshold=464.6040000000001 546.45950000000005 109.41550000000002 549.12350000000004 0 547.62100000000009 544.85300000000018 543.20900000000017 36.754500000000007 42.718000000000011 556.06450000000007 542.23900000000015 109.53850000000001 527.91750000000013 533.11100000000022 534.31650000000002 107.76150000000001 1 526.87050000000011 546.76050000000009 534.65500000000009 111.51950000000001 29.470000000000002 29.600500000000004 108.98750000000001 552.8610000000001 39.790000000000006 522.99550000000011 30.242500000000003 520.12600000000009
decision_type=2 2 2 2 1 2 2 2 2 2 2 2 2 2 2 2 2 1 2 2 2 2 2 2 2 2 2 2 2 2
left_child=-1 6 3 19 -5 -4 7 11 -8 -10 -7 13 -13 18 -15 -16 17 -17 27 -3 -18 -12 -6 -24 -25 -26 -27 29 -29 -2
right_child=1 2 5 4 22 10 8 -9 9 -11 21 12 -14 14 15 16 20 -19 -20 -21 -22 -23 23 24 25 26 -28 28 -30 -31
leaf_value=-0.10663357415439073 -1.2393928097006655e-05 0.0095607525739604612 -0.11766051979246483 0.069285508544325469 -0.11257681233171682 0.065549629235642504 0.11236760041878593 -0.12594981745488118 -0.22704660717784 0.078669308207953648 -0.11099892806461889 0.091652461500021376 -0.1325460673542905 -0.12077357250840944 0.091729697909527314 -0.11688266347644678 0.028582050378616181 0.043191916892691529 0.065155794687748944 -0.14105836167733316 -0.1316267253137447 0.085155081175476169 0.093894614368480622 -0.088130566363558177 0.047847408482367945 -0.17562593680224803 0.040392048704593432 0.078904165456053915 -0.13206508235989892 0.037006963385181051
leaf_weight=3.1866539409384123 985.52883130637929 4.4036187417805222 8.963386230170725 25.693124108016491 12.517676349729298 62.540023483335972 21.568327158689499 19.878628013655543 4.3491408526897457 14.688077898696063 6.4693704694509488 30.148005910217762 5.8324296344071618 16.57160490565002 15.040063833817838 7.1598834581673145 3.7741832882165935 29.898876838386059 28.285729218274355 24.588810659013689 19.865757776424289 3.0983375459909439 7.832545928657054 26.717325214296579 17.571776069700718 10.118062801659109 11.02694398909807 14.334197852760552 19.644964022561908 75.504929080605507
leaf_count=173 6257 26 75 108 371 175 69 210 32 67 61 96 72 378 84 119 36 170 127 365 307 7 21 391 59 85 48 53 283 422
internal_value=-0.000227294 -6.19571e-06 -0.0116223 -0.0367723 -0.0156 0.0319545 0.00195516 -2.0691e-05 0.0638244 0.00882709 0.0505524 0.0019794 0.0553099 0.000400892 -0.0289703 -0.00888378 -0.033814 0.0122649 0.00281456 -0.118181 -0.106049 -0.0474778 -0.0410239 -0.028799 -0.0434856 -0.0126774 -0.0629744 0.00120419 -0.0430672 0.00262197
internal_weight=1536.8 1533.61 221.541 140.47 111.477 81.0711 1312.07 1271.47 40.6055 19.0372 72.1077 1251.59 35.9804 1215.61 92.3104 75.7388 60.6987 37.0588 1123.3 28.9924 23.6399 9.56771 85.7843 73.2667 65.4341 38.7168 21.145 1095.01 33.9792 1061.03
internal_count=10747 10574 1792 1474 1083 318 8782 8614 168 99 243 8404 168 8236 1094 716 632 289 7142 391 343 68 975 604 583 192 133 7015 336 6679
cat_boundaries=0 1 2
cat_threshold=4 1
is_linear=0
shrinkage=0.1


Tree=41
num_leaves=31
num_cat=1
split_feature=1 1 3 1 1 1 0 3 2 1 1 1 1 3 3 2 3 1 1 2 1 1 1 3 1 3 3 2 1 2
split_gain=3.31509 11.0173 11.1718 8.65585 16.3912 22.7645 14.6682 9.77323 9.82044 8.77644 9.54701 10.9653 10.6286 9.03739 12.6438 9.79025 8.29418 19.046 11.1572 7.37258 5.8377 7.22902 5.7984 22.1252 18.0003 21.5881 8.55764 18.2818 8.16837 28.0131
threshold=472.80750000000006 472.00450000000006 38.445000000000007 476.30050000000006 474.73600000000005 473.94850000000002 0 33.111500000000007 105.07200000000002 478.50700000000001 478.79800000000006 480.75650000000007 479.24950000000007 38.030000000000008 40.527500000000011 105.83550000000001 31.027500000000003 466.16700000000009 469.91500000000008 106.80550000000001 473.34700000000004 473.19100000000009 482.39550000000003 32.066500000000012 486.39600000000007 27.687000000000005 23.750000000000004 104.58200000000001 489.32700000000006 108.86450000000001
decision_type=2 2 2 2 2 2 1 2 2 2 2 2 2 2 2 2 2 2 2 2 2 2 2 2 2 2 2 2 2 2
left_child=1 2 16 4 5 6 19 8 -6 13 -11 12 -12 15 -15 -5 17 -1 -18 20 21 -2 23 -13 25 -24 27 -26 29 -28
right_child=3 -3 -4 9 7 -7 -8 -9 -10 10 11 22 -14 14 -16 -17 18 -19 -20 -21 -22 -23 24 -25 26 -27 28 -29 -30 -31
leaf_value=0.049862235752847948 -0.20196735424819032 -0.11056780862592797 -0.1186010513434409 0.060918252848106924 0.11725133941231541 -0.14271012013390783 -0.13692047410228506 0.1283198439819728 -0.074833482532618373 0.087621001815300581 0.016489876519888425 0.11729615361825181 -0.14601310177460389 0.18852743274825046 -0.1150561694932319 -0.1357510708065896 -0.11903614276689321 -0.10040802879300892 0.067412906072851664 0.10192914778050428 0.042272035972151956 0.034254575161891614 0.11760096168808654 -0.14316134954268553 0.11613811942517878 -0.13820135743896253 -0.10139943151503195 -0.11855183330714421 0.00083519476960576913 0.12505459260143439
leaf_weight=16.723161451984197 2.521070634946228 11.479412307962773 7.752069558016955 3.1025998927652898 4.8186453953385371 9.4775623716413957 4.7017668802291146 21.021412789821625 5.945840660482645 12.326662123203276 6.7008948661386993 13.928630638867618 10.078661104664205 2.9622604846954337 2.5553447157144547 13.742919422686098 3.6336655681952861 17.017248639836907 27.492481902241707 15.868033394217489 15.218390729278326 2.6649382747709751 4.0525462627410915 4.2586663570255032 4.286169201135638 17.747000265866518 7.7897748816758421 14.711965699680148 1215.0978503627703 18.28522002696991
leaf_count=125 28 173 207 27 15 130 64 39 32 43 43 29 129 3 51 134 94 324 69 51 51 23 8 57 9 207 88 469 7996 29
internal_value=-0.000236189 -0.0195327 -0.00514203 0.000895576 0.0323944 -0.00304196 0.0292641 0.0886402 0.0111519 -0.00102092 2.42612e-05 -0.000795653 -0.0811177 -0.0631464 0.0479301 -0.0995286 0.00841722 -0.0259278 0.0456468 0.0508055 0.0110478 -0.0805798 0.000240967 0.0563084 -0.000554462 -0.0906476 0.00100405 -0.0656034 0.00202358 0.0574026
internal_weight=1517.96 84.098 72.6186 1433.86 82.2377 50.4518 40.9742 31.7859 10.7645 1351.63 1329.26 1316.94 16.7796 22.3631 5.51761 16.8455 64.8666 33.7404 31.1261 36.2724 20.4044 5.18601 1300.16 18.1873 1281.97 21.7995 1260.17 18.9981 1241.17 26.075
internal_count=10747 992 819 9755 433 347 217 86 47 9322 9107 9064 172 215 54 161 612 449 163 153 102 51 8892 86 8806 215 8591 478 8113 117
cat_boundaries=0 1
cat_threshold=4
is_linear=0
shrinkage=0.1


Tree=42
num_leaves=31
num_cat=1
split_feature=1 1 0 1 1 1 1 1 1 1 2 3 2 1 3 3 3 2 3 1 3 2 3 3 3 3 2 1 3 1
split_gain=3.19568 6.15335 7.41393 4.75303 3.5791 12.4601 3.74715 26.3387 27.7271 24.7528 13.1387 25.3309 21.049 15.4505 42.6688 30.0144 14.8155 12.818 13.4273 11.4999 11.1905 10.7832 9.21839 12.9452 30.6668 12.8502 25.9272 11.9065 18.7299 16.8908
threshold=572.55600000000015 558.99750000000006 0 564.24250000000018 557.74300000000005 556.06450000000007 499.49150000000003 500.29100000000005 503.18500000000006 494.94550000000004 108.86450000000001 31.121000000000006 108.444 482.93900000000008 53.425500000000007 38.445000000000007 37.915500000000002 110.66050000000001 56.223000000000006 514.99550000000011 35.853500000000004 104.87250000000002 21.781000000000002 33.247000000000007 32.066500000000012 34.151500000000006 106.831 471.24450000000007 27.502500000000001 465.30650000000009
decision_type=2 2 1 2 2 2 2 2 2 2 2 2 2 2 2 2 2 2 2 2 2 2 2 2 2 2 2 2 2 2
left_child=1 4 3 -3 5 6 9 -8 -9 10 12 -12 13 15 -15 16 20 -10 -19 -20 21 -1 -23 24 27 -25 -27 29 -29 -24
right_child=-2 2 -4 -5 -6 -7 7 8 17 -11 11 -13 -14 14 -16 -17 -18 18 19 -21 -22 22 23 25 -26 26 -28 28 -30 -31
leaf_value=-0.11915096179216877 0.060744334070685461 -0.10757100590690319 -0.12772455582808609 0.031882649380073791 0.058660359542990842 -0.12484295234681904 0.10129362353538168 -0.1159754671738583 0.0048501008238044478 -0.091680842895627765 -0.13476126047691647 0.058715765186837333 -0.13220096563285091 -0.13230295759726671 0.057842117068125087 -0.11839744690480068 0.14612212393667554 -0.13887634778674218 -0.092798258803871547 0.12591183215620047 -0.12980295116150625 0.10235488889148846 0.06089238519615503 0.096163947691402366 -0.14061376850386617 -0.1120078567065072 0.064962576748262765 -0.11225811458687507 0.063344645511402384 -0.12625662704697693
leaf_weight=5.5884324740618458 8.5476931780576688 3.3462786898016939 8.3188337907195091 9.0647880099713785 10.393733747303484 7.9802428651601067 26.822747722268105 19.898898271843791 1012.8761577559635 32.420124100521207 7.575936685781925 63.369383895304054 13.458996762987224 28.857146890833974 19.967641394585371 17.241139484103769 8.7970453426241857 12.766746809706094 4.7636496089398843 4.8537153899669647 5.3089246321469536 13.179938975721596 8.1675687963143009 30.600547723472118 14.93445687741041 12.077640317380427 26.318250463344157 6.9703701324760905 47.230832455679774 11.77521864697337
leaf_count=111 41 39 212 36 41 123 129 294 6601 301 137 337 239 369 69 375 12 166 40 9 63 54 69 60 111 80 91 145 144 249
internal_value=-0.000226087 -0.000574704 -0.0546781 -0.00571692 0.00018609 -0.000229107 0.000453977 0.00343612 0.00094853 -0.00817707 -0.000247817 0.0380552 -0.0102947 -0.00391088 -0.0545402 0.00796271 0.019372 0.00319594 -0.0716543 0.0175809 0.0132506 0.0175451 0.0220058 0.0153065 -0.00987901 0.0478225 0.00929555 0.0164542 0.0407618 -0.0496097
internal_weight=1503.47 1494.93 20.7299 12.4111 1474.2 1463.8 1455.82 1081.98 1055.16 373.84 341.419 70.9453 270.474 257.015 48.8248 208.19 190.949 1035.26 22.3841 9.61736 182.152 176.843 171.255 158.075 89.0784 68.9964 38.3959 74.144 54.2012 19.9428
internal_count=10747 10706 287 75 10419 10378 10255 7239 7110 3016 2715 474 2241 2002 438 1564 1189 6816 215 49 1177 1114 1003 949 718 231 171 607 289 318
cat_boundaries=0 1
cat_threshold=4
is_linear=0
shrinkage=0.1


Tree=43
num_leaves=31
num_cat=0
split_feature=1 1 1 1 1 3 3 3 3 1 3 2 3 3 3 1 1 1 3 1 1 2 3 3 2 1 2 3 3 1
split_gain=3.34107 3.24951 23.6794 15.0448 14.3134 14.6173 13.4848 23.834 22.5289 21.5302 17.8937 16.86 17.3818 14.9428 35.9939 18.7638 18.8696 31.1822 23.7627 15.4299 20.9493 13.7241 13.8745 31.116 13.7493 49.4605 13.6679 12.213 24.5095 11.3737
threshold=464.6040000000001 521.3995000000001 520.12600000000009 518.60800000000006 522.13800000000003 26.289500000000004 30.137000000000004 32.961000000000006 31.027500000000003 543.40900000000011 30.784500000000005 108.1915 29.470000000000002 36.621500000000005 38.030000000000008 552.8610000000001 549.12350000000004 546.00950000000012 34.031000000000006 552.8610000000001 549.12350000000004 107.49650000000001 38.560500000000005 42.125500000000009 108.48650000000002 545.39700000000005 104.96450000000002 44.344000000000001 52.469500000000004 545.39700000000005
decision_type=2 2 2 2 2 2 2 2 2 2 2 2 2 2 2 2 2 2 2 2 2 2 2 2 2 2 2 2 2 2
left_child=-1 2 3 -2 -3 -6 9 8 10 -7 -8 12 -11 15 -15 16 17 18 -9 20 21 26 -23 -24 27 -26 -16 -25 -29 -20
right_child=1 4 -4 -5 5 6 7 13 -10 11 -12 -13 -14 14 19 -17 -18 -19 29 -21 -22 22 23 24 25 -27 -28 28 -30 -31
leaf_value=-0.10687700158094889 0.0017938878483875272 -0.12807892628062439 0.078060620367643219 -0.09133578542676335 -0.11348756359202133 0.079146136213816692 -0.12076966770160454 -0.13118635627527961 -0.13465177065184478 -0.11390018356251044 0.090063693034526868 -0.11769243571572437 0.13042441137609617 -0.14354572539233321 0.050112481032893647 -0.0811657623882132 0.093762931858770826 -0.17019236031633156 0.0338999196604583 0.044585969242128598 -0.18286596802609231 0.097807787747671071 -0.14255369533952492 0.1127989342605311 -0.12755306448466242 0.075746708355706779 -0.11167398452962217 -0.13604244796469173 0.063500924954490987 0.15179437074025937
leaf_weight=2.9320039995945981 936.6991014033556 9.5288454219698888 40.584792165085673 17.673760270699859 11.952952892519532 46.142178354784846 6.4118784833699491 7.0514637045562258 27.106091387569904 4.4706809297204044 10.81604461558163 12.58763365074992 8.3506737500429136 19.742692509666085 6.8835226055234697 13.392178488895295 44.053936533629894 8.4970594644546491 28.309638941660523 52.660448957700282 7.3312695492058984 14.065303966403006 14.827542385086415 18.885958164930344 23.869927736930549 23.99831029959023 21.629942766390741 8.3352153180167097 23.537822041660547 11.510168790817259
leaf_count=173 6047 127 169 210 490 146 132 83 336 90 35 217 12 226 65 103 88 66 144 236 82 39 189 36 426 84 434 159 90 13
internal_value=-0.000234285 -2.31467e-05 0.00325055 6.92458e-05 -0.00672588 -0.00429871 -0.00148876 -0.0087599 -0.0778209 0.03844 0.0115959 -0.0354815 0.0452308 2.3529e-05 -0.0142985 0.0299547 0.0449226 0.00606272 0.0380151 -0.00248648 -0.0176602 -0.009898 0.00412588 -0.00748813 0.0128175 -0.0256306 -0.0726166 0.049076 0.0113177 0.0679781
internal_weight=1483.84 1480.91 994.958 954.373 485.949 476.421 464.468 392.916 44.334 71.5512 17.2279 25.409 12.8214 348.582 235.768 112.814 99.4223 55.3683 46.8713 216.025 163.365 156.034 127.52 113.455 98.6272 47.8682 28.5135 50.759 31.873 39.8198
internal_count=10747 10574 6426 6257 4148 4021 3531 3066 503 465 167 319 102 2563 2066 497 394 306 240 1840 1604 1522 1023 984 795 510 499 285 249 157
is_linear=0
shrinkage=0.1


Tree=44
num_leaves=31
num_cat=2
split_feature=3 3 0 3 3 1 3 1 3 2 2 2 1 2 2 2 3 3 1 1 1 1 1 0 2 2 2 2 3 3
split_gain=2.93619 8.2934 11.1068 9.15792 8.94535 11.7046 8.43517 7.9698 10.5007 15.1472 7.25565 16.369 10.8751 8.13284 8.99071 6.46874 6.11486 29.3231 10.4974 10.907 8.89962 12.1181 37.257 8.84838 13.6817 13.1688 16.5109 19.4701 9.6856 21.6592
threshold=50.552500000000002 44.344000000000001 0 50.427500000000009 49.827500000000008 511.65700000000004 50.427500000000009 514.52650000000006 46.067500000000003 107.96850000000002 107.42250000000001 109.37650000000001 516.64750000000015 110.01800000000001 110.44300000000001 110.08800000000001 42.125500000000009 40.360500000000009 495.9070000000001 493.79200000000009 493.79200000000009 498.53950000000003 522.26300000000003 1 107.64050000000002 107.88350000000001 108.86450000000001 109.34150000000001 38.030000000000008 36.029000000000003
decision_type=2 2 1 2 2 2 2 2 2 2 2 2 2 2 2 2 2 2 2 2 2 2 2 1 2 2 2 2 2 2
left_child=1 16 6 4 7 -6 -3 8 9 -4 -9 -12 -13 -14 -15 -7 17 23 19 -19 -18 -22 -23 24 -1 -26 -27 -28 29 -25
right_child=-2 2 3 -5 5 15 -8 10 -10 -11 11 12 13 14 -16 -17 20 18 -20 -21 21 22 -24 28 25 26 27 -29 -30 -31
leaf_value=-0.11901173404829207 0.0063044847774888241 -0.12571685125613494 0.17184123213092523 -0.16772905474055966 0.075726458327014745 -0.17995523429503368 0.074616234738205486 0.071103552009695245 -0.10203025412479705 -0.10705792021286248 -0.11295521502288859 0.11794612458852723 -0.12592066094370014 0.062392361809105394 -0.097321466805825665 0.042819268531200133 -0.11501011134379667 -0.10863903353497582 -0.12767621644929381 0.13189339920200568 0.12075772753978697 -0.1671361388426818 0.04652131230691741 0.0066569535105036317 0.078169014468106535 -0.12159165627260345 0.072638677264608972 -0.12446930057339245 0.032882540957077093 -0.055427567871847966
leaf_weight=14.556864332407711 466.17358517739922 15.804848696105184 3.909203861840072 3.7978863269090644 20.650916337966922 3.2122726878151289 2.4241596721112719 10.676224661059676 22.208144437521696 3.880209781229496 13.40559477265924 8.2169461697340029 5.2157555297017124 12.292757838964464 4.9413949670270076 2.1934674829244614 4.2573331575840703 3.9173244796693316 24.595011344179511 3.6341317296028137 13.240960001945494 9.5203736312687379 57.181611217558384 510.89006295707077 12.918905485421417 14.754915740340946 16.585807008668784 7.1812391448765984 104.83967326628044 63.136531027033925
leaf_count=266 2497 451 28 32 53 36 10 86 560 117 259 13 96 89 62 11 90 98 360 5 24 94 255 3650 57 223 79 147 525 474
internal_value=-0.000243564 -0.00331439 -0.0265723 -0.0150395 -0.00980595 0.0414358 -0.0990758 -0.0255611 -0.0669904 0.0329107 -0.00286141 -0.0207789 0.0195147 -0.0165124 0.016599 -0.0895608 0.000272822 -0.00250102 -0.0960122 0.00711699 0.0258702 0.0333727 0.016026 0.00153469 -0.0334213 -0.00920065 -0.0385013 0.0130823 0.00493302 -0.000171652
internal_weight=1460.21 994.041 132.83 114.601 110.803 26.0567 18.229 84.7462 29.9976 7.78941 54.7487 44.0724 30.6669 22.4499 17.2342 5.40574 861.211 777.01 32.1465 7.55146 84.2003 79.9429 66.702 744.864 65.9977 51.4409 38.522 23.767 678.866 574.027
internal_count=10747 8250 1903 1442 1410 100 461 1310 705 145 605 519 260 247 151 47 6347 5884 463 103 463 373 349 5421 772 506 449 226 4649 4124
cat_boundaries=0 1 2
cat_threshold=4 2
is_linear=0
shrinkage=0.1


Tree=45
num_leaves=31
num_cat=1
split_feature=1 1 1 1 3 3 2 0 1 2 2 2 3 2 3 1 1 3 3 1 3 3 1 1 3 3 3 3 1 2
split_gain=3.10227 21.8834 22.9521 19.2266 12.3833 10.1037 10.3062 9.99062 18.5152 26.6427 10.0205 12.8853 14.0072 12.9066 11.1359 10.1088 12.2576 18.6371 28.7312 23.6249 13.6344 14.82 10.508 10.3581 23.4426 9.40795 28.552 14.4969 13.5356 7.01921
threshold=499.49150000000003 500.29100000000005 502.98400000000009 496.32900000000001 33.452500000000008 58.803000000000004 104.87250000000002 0 470.51750000000004 110.82050000000001 108.86450000000001 109.34150000000001 51.415000000000006 110.05450000000002 21.781000000000002 471.24450000000007 476.48650000000004 53.425500000000007 33.58850000000001 482.39550000000003 39.256000000000007 34.846500000000006 470.51750000000004 492.21850000000001 54.505000000000003 31.401500000000002 33.111500000000007 27.502500000000001 475.85200000000003 106.42100000000001
decision_type=2 2 2 2 2 2 2 1 2 2 2 2 2 2 2 2 2 2 2 2 2 2 2 2 2 2 2 2 2 2
left_child=3 -2 -3 5 -5 6 -1 8 -8 -10 14 -12 13 -13 -9 22 20 18 19 -18 21 25 -16 24 -19 27 -27 -17 -28 -4
right_child=1 2 29 4 -6 -7 7 10 9 -11 11 12 -14 -15 15 16 17 23 -20 -21 -22 -23 -24 -25 -26 26 28 -29 -30 -31
leaf_value=-0.12049175610110481 0.092803553023604601 -0.12473365124296543 0.026502523111843243 0.12608904426041276 -0.14073387866334661 -0.12699258819507053 0.095310802094689062 0.090838547916695628 -0.133193059203154 0.052876327003066603 0.10387128982875574 -0.12444601386578198 -0.17893583166172242 0.070004627355262847 -0.028098106669503728 -0.11130892134203414 0.057680467103451982 0.12038248786914466 -0.1193882582202726 -0.14155876886747626 -0.12110339540469249 0.10528701368425182 -0.16954672184302866 0.10275749534201262 -0.16162076581093945 -0.18786322484853865 -0.036592184163351339 0.072584379146582903 0.13238605759538641 -0.00082668741518761952
leaf_weight=7.0263605415821067 26.128338597714901 14.511542534455655 104.38893447071314 1.959513366222384 15.481265384703873 6.4551168940961352 7.9320477126166216 12.806541863828896 24.079221659339964 11.309783438220618 23.251958470791578 4.2539274457376512 3.7042431533336631 17.276789482217282 26.828956313896924 4.971418257802724 26.51623216457665 5.8323553204536456 31.526651616208255 7.6737493127584449 5.6497702673077574 24.46704189479351 6.5303238946944466 15.19237959384918 5.9602441973984241 8.1139779537916201 11.098992019891739 31.133775923401117 8.2744373083114624 942.47894256236032
leaf_count=132 129 252 707 3 169 101 89 68 377 72 93 59 28 91 432 108 98 12 462 68 115 47 77 29 65 64 55 90 12 6643
internal_value=-0.000257679 0.00239277 0.0001671 -0.00837006 -0.110756 -0.00308488 -0.000671448 0.00192393 -0.0427773 -0.0737281 0.00881383 0.0501673 0.000683538 0.0315861 0.000192576 -0.00508958 0.00398313 -0.0217988 -0.050531 0.0129623 0.0294878 0.0391495 -0.0557877 0.0481729 -0.0221483 0.0137033 -0.0303788 0.0472636 0.0355788 0.00189846
internal_weight=1442.81 1087.51 1061.38 355.307 17.4408 337.866 331.411 324.385 43.3211 35.389 281.064 48.4869 25.235 21.5307 232.577 219.77 186.411 92.7016 65.7166 34.19 93.7094 88.0596 33.3593 26.985 11.7926 63.5926 27.4874 36.1052 19.3734 1046.87
internal_count=10747 7731 7602 3016 172 2844 2743 2611 538 449 2073 271 178 150 1802 1734 1225 734 628 166 491 376 509 106 77 329 131 198 67 7350
cat_boundaries=0 1
cat_threshold=1
is_linear=0
shrinkage=0.1


Tree=46
num_leaves=31
num_cat=1
split_feature=1 1 1 3 1 1 3 3 3 1 3 2 3 3 3 1 3 1 0 1 1 1 2 3 3 1 2 3 3 2
split_gain=3.06604 3.14035 19.7186 12.5422 12.6819 11.9306 11.8098 20.756 19.9528 18.5594 15.22 14.8468 15.095 13.3487 29.3649 15.2899 17.0104 19.3326 37.3974 14.5935 12.4213 17.4993 12.2878 11.7247 14.3506 11.1785 10.8855 11.0348 26.2777 12.421
threshold=464.6040000000001 521.3995000000001 520.12600000000009 26.568500000000004 522.13800000000003 518.60800000000006 30.137000000000004 32.961000000000006 31.027500000000003 543.40900000000011 30.784500000000005 108.1915 29.470000000000002 36.621500000000005 38.030000000000008 552.8610000000001 35.598500000000008 550.41300000000012 0 523.83100000000013 552.8610000000001 548.78600000000017 109.39750000000002 53.533500000000011 59.123500000000007 564.24250000000018 107.49650000000001 38.560500000000005 42.125500000000009 108.48650000000002
decision_type=2 2 2 2 2 2 2 2 2 2 2 2 2 2 2 2 2 2 1 2 2 2 2 2 2 2 2 2 2 2
left_child=-1 2 5 -3 -5 -2 9 8 10 -6 -8 12 -11 15 -15 16 17 18 -9 -20 21 26 -18 -4 -25 -17 -16 -28 -29 -30
right_child=1 3 23 4 6 -7 7 13 -10 11 -12 -13 -14 14 20 25 22 -19 19 -21 -22 -23 -24 24 -26 -27 27 28 29 -31
leaf_value=-0.10645498332664478 0.0018019156207760437 -0.10795973975354441 0.1053314488780862 -0.12224242060084019 0.075873880193887008 -0.083462163575442797 -0.11904461740147765 0.12832782879914817 -0.13095881940096921 -0.1125695656503236 0.080334476414267483 -0.11582188697508061 0.12431905985606072 -0.13728748995955681 -0.068517088379044605 -0.12855336107795332 0.11530180790212217 0.075795065723969615 0.13107557315720331 -0.1425613222595222 0.039147559197321519 -0.15827301422213413 -0.021371278024782257 -0.19521995936322464 0.061179340614711988 0.075494480255116361 0.087830303288099196 -0.14047270414688473 0.046771298148493415 -0.026962951645332592
leaf_weight=2.7131526111625126 906.79329590220004 11.948869973421095 28.863922353833914 8.9126589279621822 43.217653416097164 16.713223412632942 5.925607179291549 8.7541240453720093 25.28202988859266 4.0864128731191176 10.819657322019337 11.486765891313551 7.8715270534157753 17.871031582355499 25.824081417173147 9.6542425230145437 34.589000407606363 22.154708527028561 2.1598339676857021 19.965264469385147 50.966399384662509 8.3896367605775577 8.1230635941028577 3.1916940435767156 6.906540509313345 3.7191521376371375 13.616074562072752 13.07661128323525 47.195994508452713 44.282146024517715
leaf_count=173 6047 496 79 127 141 210 132 13 336 90 35 216 12 226 493 94 71 50 3 220 236 97 37 25 65 9 39 181 285 509
internal_value=-0.000251769 -4.91867e-05 0.00319883 -0.00684668 -0.0041495 0.000258843 -0.00175212 -0.00869161 -0.0748829 0.0370111 0.00978067 -0.034628 0.0433666 -0.000270505 -0.0143886 0.0283516 0.0423414 0.00451489 -0.046626 -0.115849 -0.00358787 -0.0178811 0.0893091 0.0728844 -0.0198594 -0.0718075 -0.00970141 0.00315169 -0.00787593 0.0110785
internal_weight=1425.07 1422.36 962.469 459.893 447.944 923.507 439.031 372.369 42.0273 66.6624 16.7453 23.4447 11.9579 330.341 221.222 109.119 95.746 53.0339 30.8792 22.1251 203.351 152.385 42.7121 38.9622 10.0982 13.3734 143.995 118.171 104.555 91.4781
internal_count=10747 10574 6426 4148 3652 6257 3525 3066 503 459 167 318 102 2563 2066 497 394 286 236 223 1840 1604 108 169 90 103 1507 1014 975 794
cat_boundaries=0 1
cat_threshold=4
is_linear=0
shrinkage=0.1


Tree=47
num_leaves=31
num_cat=3
split_feature=1 1 0 2 1 1 1 1 2 3 1 2 0 1 2 2 3 0 2 3 1 1 1 3 3 3 3 3 1 1
split_gain=2.79335 4.92323 6.89281 3.10579 3.00413 17.7608 20.5561 17.3737 9.85993 10.8407 9.92331 9.16832 8.90839 14.6569 25.188 13.0055 11.571 7.72791 7.55326 14.2977 12.7858 7.54723 12.7571 12.3246 12.6632 11.501 10.7609 25.2026 20.1947 10.4327
threshold=572.55600000000015 558.99750000000006 0 108.82850000000001 499.49150000000003 500.29100000000005 502.98400000000009 494.94550000000004 110.66050000000001 56.223000000000006 514.99550000000011 104.87250000000002 1 470.51750000000004 110.82050000000001 108.86450000000001 21.781000000000002 2 109.39750000000002 51.415000000000006 493.79200000000009 471.24450000000007 476.48650000000004 39.256000000000007 34.846500000000006 34.151500000000006 53.425500000000007 33.58850000000001 482.39550000000003 492.21850000000001
decision_type=2 2 1 2 2 2 2 2 2 2 2 2 1 2 2 2 2 1 2 2 2 2 2 2 2 2 2 2 2 2
left_child=1 4 3 -3 7 -6 -7 11 -8 -10 -11 -1 13 -13 -15 16 -14 -9 -17 20 -20 -18 23 24 25 -23 27 28 -24 -28
right_child=-2 2 -4 -5 5 6 8 17 9 10 -12 12 15 14 -16 18 21 -19 19 -21 -22 22 26 -25 -26 -27 29 -29 -30 -31
leaf_value=-0.11832631144095176 0.060900643875273774 -0.082950958385683546 -0.12862838333622631 0.028966231258795799 0.084960246602838407 -0.12235997799935672 0.0038142197432629922 -0.026705326814380839 -0.12899398261278625 -0.084870499621305509 0.12294471929205703 0.07930451710773094 0.095226841470200108 -0.13042829137355252 0.055969912701595764 0.098009507599652532 -0.051119112118930457 -0.1284514385210129 -0.11641424091645261 -0.1671763651138245 0.09386843630104387 0.023572410660046145 0.05290098457292805 -0.1183859218256918 0.099012383703525719 -0.15806003137525917 -0.025546473938540121 -0.11568030173479674 -0.13632107256443263 0.12076495200578226
leaf_weight=6.5201302934437981 7.4314370676875106 3.5304625239223251 7.1543713775463411 8.3302698805928213 25.657253976911306 13.391745952889321 979.28599204588681 14.057672914117575 11.780287349596621 4.7398317065089923 4.4596825242042542 8.0755870025604946 11.650278866291044 22.681102889589965 10.655271572992204 22.699583510868251 32.892620538594201 15.917506599798799 3.6177373235113981 3.5785923451185218 14.403632596135138 57.786351991817355 25.961483255028725 5.4721338953822842 23.427057310938835 3.7099856659770003 11.478825596161188 29.134317527525127 7.2056513950228682 8.4691452383995038
leaf_count=135 41 49 212 26 129 252 6807 98 166 40 9 96 55 361 68 100 519 203 85 28 32 298 98 129 47 31 95 455 68 15
internal_value=-0.000246295 -0.000571402 -0.0511075 -0.00434701 0.00012559 0.00279307 0.000713293 -0.00804294 0.00236102 -0.0654708 0.0158729 -0.00100087 0.00152465 -0.041569 -0.07085 0.00834942 -0.00172267 -0.0807348 0.0577299 0.0153998 0.0516548 -0.00721796 0.00114617 0.0270755 0.0364485 0.0126148 -0.0273513 -0.0478185 0.011792 0.0365718
internal_weight=1405.16 1397.72 19.0151 11.8607 1378.71 1039.31 1013.66 339.395 1000.27 20.9798 9.19951 309.419 302.899 41.412 33.3364 261.487 217.188 29.9752 44.2995 21.6 18.0214 205.538 172.645 90.3955 84.9234 61.4963 82.2494 62.3015 33.1671 19.948
internal_count=10747 10706 287 75 10419 7403 7274 3016 7022 215 49 2715 2580 525 429 2055 1810 301 245 145 117 1755 1236 505 376 329 731 621 166 110
cat_boundaries=0 1 2 3
cat_threshold=4 1 4
is_linear=0
shrinkage=0.1


Tree=48
num_leaves=31
num_cat=4
split_feature=2 2 1 3 0 1 1 3 3 0 1 2 1 3 1 1 1 1 3 1 3 1 3 0 3 0 1 3 2 2
split_gain=2.76987 12.821 12.7539 9.48129 14.1959 9.18667 15.844 13.8808 11.2157 9.89187 9.7153 8.83179 21.4574 23.3568 14.3915 23.2368 12.1977 10.7826 10.4512 10.9663 10.1911 8.77957 8.13788 17.9297 14.4209 13.3499 7.70811 7.50228 7.02413 11.3337
threshold=108.21750000000002 107.84800000000001 478.50700000000001 28.320000000000004 0 494.94550000000004 498.53950000000003 31.121000000000006 29.470000000000002 1 537.43850000000009 106.98050000000002 510.62400000000008 57.047000000000004 512.36850000000015 517.0485000000001 504.54900000000004 521.86750000000018 56.223000000000006 572.55600000000015 27.687000000000005 499.49150000000003 33.889500000000005 2 34.617500000000007 3 546.45950000000005 29.470000000000002 107.79650000000002 107.17550000000001
decision_type=2 2 2 2 1 2 2 2 2 1 2 2 2 2 2 2 2 2 2 2 2 2 2 1 2 1 2 2 2 2
left_child=1 11 -2 4 -4 7 -7 -5 9 10 -8 26 16 14 -14 -16 28 -17 19 20 -19 -10 23 27 -24 -26 -1 -3 29 -13
right_child=2 22 3 5 -6 6 8 -9 21 -11 -12 12 13 -15 15 17 -18 18 -20 -21 -22 -23 24 -25 25 -27 -28 -29 -30 -31
leaf_value=0.0072535131285782102 -0.087049080705318915 -0.037648481507007836 0.038306907146533738 -0.13239294706238627 -0.13420249981152879 -0.13450621142859703 0.056058148396010365 0.049087786078089286 -0.19373110426529705 0.11263847180177562 -0.12575760786624784 0.0060333173325865059 0.11505764767059226 -0.13231047803993995 -0.14730333405224538 0.07120046632792601 -0.1549550645254035 0.05802891328300222 0.1149139381719646 0.11143461835494101 -0.071747995926976088 -0.0042516722516619879 0.1422327209194319 -0.13488481000238442 -0.067253590421287118 0.040552574537005649 -0.14584874240681317 0.11249367953174601 0.073733623102014603 -0.1188798810119889
leaf_weight=339.08996254298836 18.228785966290161 5.8909109812229872 7.6255445703864098 4.5416780058294526 12.739544955547901 9.1685318090021592 8.7555580437183362 58.516616112552583 2.4554933533072463 15.635359436273575 4.4239278212189683 13.168136191088708 13.134857490658758 11.617915641516445 9.2191572561860067 27.198988445103168 14.538725540041922 7.6473984746262422 6.0734551250934592 5.131364941596984 28.986859628930688 594.65016997605562 12.368184078484772 9.008200366050005 12.90404741279781 104.57176966336556 3.3206048626452676 7.6496679456904531 4.317551868967711 16.199462862219661
leaf_count=2500 438 152 49 50 299 127 25 339 24 31 95 133 26 220 108 90 127 192 14 14 379 4011 27 116 152 553 64 37 32 323
internal_value=-0.000243557 0.00450361 -0.00444494 -0.00234926 -0.0696077 -0.000387313 -0.00400191 0.0360169 -0.00209027 0.0588454 -0.00497153 -0.00324058 -0.0228604 0.00171011 0.0176974 0.00251997 -0.0784019 0.0209272 -0.00765572 -0.0254795 -0.0446571 -0.00503087 0.0298942 -0.0255585 0.0395241 0.0287107 0.00576877 0.0471734 -0.0453611 -0.0628701
internal_weight=1388.78 652.037 736.741 718.512 20.3651 698.147 635.089 63.0583 625.921 28.8148 13.1795 499.644 157.234 109.01 97.3921 84.2572 48.2239 75.0381 47.8391 41.7656 36.6343 597.106 152.393 22.5488 129.844 117.476 342.411 13.5406 33.6852 29.3676
internal_count=10747 5259 5488 5050 348 4702 4313 389 4186 151 120 4222 1658 1043 823 797 615 689 599 585 571 4035 1037 305 732 705 2564 189 488 456
cat_boundaries=0 1 2 3 4
cat_threshold=4 1 1 1
is_linear=0
shrinkage=0.1


Tree=49
num_leaves=31
num_cat=2
split_feature=1 1 1 1 2 2 1 3 2 3 1 1 1 0 3 1 1 1 0 2 2 1 3 3 1 3 2 1 3 3
split_gain=2.75679 3.27014 3.82053 7.55068 6.87481 10.3592 18.687 16.8382 7.41183 4.94406 4.87703 11.7392 17.4112 8.02651 7.72711 5.71803 14.4887 17.8739 11.0959 20.7505 8.61852 15.387 12.7537 12.3858 13.3772 9.91213 7.2564 10.2562 6.60998 10.3381
threshold=464.6040000000001 465.30650000000009 472.80750000000006 472.00450000000006 108.21750000000002 107.70050000000002 471.24450000000007 21.781000000000002 104.96450000000002 38.316500000000012 476.30050000000006 474.73600000000005 473.94850000000002 0 33.111500000000007 499.49150000000003 500.29100000000005 502.98400000000009 1 110.82050000000001 108.09250000000002 494.94550000000004 37.683500000000002 33.58850000000001 482.93900000000008 38.030000000000008 106.70450000000001 476.85050000000007 46.175000000000004 59.897000000000013
decision_type=2 2 2 2 2 2 2 2 2 2 2 2 2 1 2 2 2 2 1 2 2 2 2 2 2 2 2 2 2 2
left_child=-1 -2 3 4 5 6 7 8 -3 -7 11 12 13 -4 -13 18 28 -18 19 -12 23 22 -22 24 -20 -25 -27 -28 -17 -30
right_child=1 2 10 -5 -6 9 -8 -9 -10 -11 15 14 -14 -15 -16 16 17 -19 20 -21 21 -23 -24 25 -26 26 27 -29 29 -31
leaf_value=-0.10617608530054601 0.06386449929116382 -0.077098039857750308 0.039675949724629046 -0.10683299828226592 -0.1191754764721253 0.1211021106628742 0.084544243314735673 -0.13705496062585243 0.12213575965634381 -0.012323694562615287 -0.12987892907422613 0.0075407223019481251 -0.1393420010634174 -0.12219962701140208 0.11832481865130103 0.11103082681327126 -0.12019130871751281 0.0017026802395477218 0.034264767162532121 0.042160434959333463 -0.12076356563872429 -0.06711784907073845 0.063644981328033465 -0.13076188432140343 -0.12525960540531439 0.05891826878408564 0.16427070530279161 -0.082860035282478109 -0.12589174879513251 0.11088455448510648
leaf_weight=2.4519043467007569 7.9596002623438826 3.0939734429121044 31.929746982641518 9.4897696962580067 5.1706970417872062 8.7662759553641063 10.41851421445608 15.458492511883376 4.7093847393989563 4.0649728002026668 20.618462204001847 9.91897225007415 7.9872540701180688 3.3881552238017312 17.236916564404964 17.477835390716795 12.174051070585845 1014.4373622923158 36.284570425748825 10.623036142438648 4.0868765879422417 14.999394239857791 45.548015218228102 14.961528491228817 6.1472420878708354 6.9336333889514234 1.8515516612678791 18.053192439489067 3.5174426510930052 3.8760083019733429
leaf_count=173 43 38 153 173 145 21 32 309 12 46 338 47 130 64 39 58 252 7350 162 62 78 147 209 171 76 59 3 286 60 11
internal_value=-0.000235612 -4.61724e-05 -0.000419335 -0.0248433 -0.00978853 0.00237202 -0.0267572 -0.0766069 0.043141 0.0788325 0.000728134 0.0263153 -0.00600733 0.0241467 0.0778598 -0.000735744 0.00208429 0.000257203 -0.0171994 -0.0713804 -0.00582874 0.0216391 0.048461 -0.0269059 0.0111539 -0.0655411 -0.0291826 -0.0598718 0.0775011 -0.00176204
internal_weight=1373.63 1371.18 1363.22 61.1721 51.6823 46.5116 33.6804 23.2619 7.80336 12.8312 1302.05 70.461 43.3052 35.3179 27.1559 1231.59 1051.48 1026.61 180.108 31.2415 148.866 64.6343 49.6349 84.2317 42.4318 41.7999 26.8384 19.9047 24.8713 7.39345
internal_count=10747 10574 10531 776 603 458 391 359 50 67 9755 433 347 217 86 9322 7731 7602 1591 400 1191 434 287 757 238 519 348 289 129 71
cat_boundaries=0 1 2
cat_threshold=4 1
is_linear=0
shrinkage=0.1


Tree=50
num_leaves=31
num_cat=1
split_feature=1 1 3 1 1 3 3 1 3 3 3 1 1 1 3 3 1 3 1 1 0 1 2 3 1 2 2 2 2 1
split_gain=2.51151 16.7738 10.5458 10.5391 10.089 9.91105 11.6156 9.65891 7.50979 17.7125 17.2495 14.4152 14.3747 13.1226 12.1912 25.5286 13.3202 14.9397 17.6124 34.6267 32.6753 12.6129 11.9114 12.0793 11.0978 18.1273 23.1361 11.0328 9.61161 8.69143
threshold=521.3995000000001 520.12600000000009 26.289500000000004 521.86750000000018 518.60800000000006 53.533500000000011 59.123500000000007 519.99200000000008 30.137000000000004 32.961000000000006 31.027500000000003 546.00950000000012 548.04050000000018 543.40900000000011 36.621500000000005 38.030000000000008 552.8610000000001 35.598500000000008 551.62200000000018 550.41300000000012 0 523.83100000000013 108.1915 29.470000000000002 541.94200000000012 108.48650000000002 107.93450000000001 109.39750000000002 109.44550000000001 543.20900000000017
decision_type=2 2 2 2 2 2 2 2 2 2 2 2 2 2 2 2 2 2 2 2 1 2 2 2 2 2 2 2 2 2
left_child=1 4 -2 -4 -1 -3 -7 -6 13 10 11 -10 -13 -5 16 -16 17 18 19 20 -11 -22 23 -15 25 26 -17 -19 -18 -26
right_child=2 5 3 8 7 6 -8 -9 9 14 -12 12 -14 22 15 24 28 27 -20 -21 21 -23 -24 -25 29 -27 -28 -29 -30 -31
leaf_value=0.0014501858608445166 -0.11048541979146452 0.10082418174401622 -0.15231502208148107 0.061169131094674138 -0.13300957891600532 -0.17952491760379374 0.056594634978414653 0.030242243518073825 -0.13785856201407809 0.12503348827057334 -0.12714462997599238 0.13551983948032884 -0.11511794661979245 -0.11076579137947279 -0.13328413271331319 -0.070385169483221016 -0.15274135323769866 0.11032702265894355 -0.19445467008760309 0.13387613591970113 0.12691210511164916 -0.13761518336975556 -0.11371198901237844 0.11507198200274792 0.064429701508494822 -0.12199931837576146 0.06626101374207341 -0.019274544419253973 0.020363024345831683 0.0001217131305428041
leaf_weight=869.76707450533286 9.5367925781756622 26.638632230460644 4.7480984088033429 42.404527477920055 10.776683224365117 3.0319381654262525 6.6597345266491175 5.4606012012809506 4.8441080972552326 8.088113009929657 23.027331905905157 8.4417980313301069 3.1391776045784345 3.5894874688237923 16.537815306335688 26.072340433485806 6.5330470688641054 33.719343390315771 4.0997757762670508 17.245941996574402 1.9951994419097925 18.662790484726429 10.093101555481551 6.961852177977562 26.326127484440804 18.243271829560399 23.612268321216106 8.1575575545430166 6.3015292510390282 104.20505522517487
leaf_count=6220 490 79 84 152 168 25 65 42 58 13 336 14 97 90 226 528 81 72 26 24 3 220 217 12 114 409 143 37 22 680
internal_value=-0.00023479 0.00272296 -0.00648334 -0.00416079 -7.82993e-06 0.06932 -0.0172729 -0.078108 -0.00249503 -0.00808155 -0.0712998 0.00699258 0.0675811 0.0293369 -0.000282587 -0.0139144 0.0276822 0.0410002 0.0041487 0.0218524 -0.0453551 -0.112066 -0.0360477 0.0382436 -0.00396723 -0.0367478 -0.00544501 0.0850808 -0.0677504 0.0130916
internal_weight=1358.92 922.335 436.586 427.05 886.004 36.3303 9.69167 16.2373 422.302 359.253 39.4524 16.4251 11.581 63.049 319.8 214.997 104.803 91.9687 50.0918 45.992 28.7461 20.658 20.6444 10.5513 198.459 67.9279 49.6846 41.8769 12.8346 130.531
internal_count=10747 6599 4148 3658 6430 169 90 210 3574 3103 505 169 111 471 2598 2100 498 395 286 260 236 223 319 102 1874 1080 671 109 103 794
cat_boundaries=0 1
cat_threshold=4
is_linear=0
shrinkage=0.1


Tree=51
num_leaves=31
num_cat=1
split_feature=3 3 1 1 2 1 1 3 3 1 1 3 1 1 3 1 3 0 1 1 3 1 1 1 1 2 1 3 2 1
split_gain=2.53 13.1817 17.6926 18.6845 11.0157 9.93777 10.1395 25.7946 18.0945 12.3918 6.17513 6.17229 30.061 25.0931 22.3373 19.6707 5.65912 24.2491 16.5099 16.4641 16.1198 12.6534 52.2239 23.9099 23.7432 22.1973 8.23042 7.86836 17.9952 7.03087
threshold=57.483500000000006 58.576500000000003 510.62400000000008 520.97250000000008 107.95350000000001 507.94700000000006 505.94500000000005 64.626500000000007 67.322500000000005 498.53950000000003 521.3995000000001 55.81900000000001 514.31400000000019 516.86150000000009 57.208000000000006 541.58000000000015 53.425500000000007 0 516.86150000000009 542.69150000000013 52.921000000000006 513.90000000000009 508.09650000000005 517.73350000000016 506.16750000000008 107.38150000000002 505.94500000000005 52.105000000000004 110.21550000000001 509.61100000000005
decision_type=2 2 2 2 2 2 2 2 2 2 2 2 2 2 2 2 2 1 2 2 2 2 2 2 2 2 2 2 2 2
left_child=11 4 5 -4 -2 6 7 9 -8 -3 -5 16 14 -14 -13 -15 20 21 -19 -20 27 22 24 -23 25 -18 -27 29 -29 -1
right_child=1 2 3 10 -6 -7 8 -9 -10 -11 -12 12 13 15 -16 -17 17 18 19 -21 -22 23 -24 -25 -26 26 -28 28 -30 -31
leaf_value=-0.013168014725797801 -0.073687365983799866 -0.0549291103946348 -0.14292310621763094 0.10466203430318506 0.076012114861807534 0.079464991316590294 -0.23957691227692168 -0.12708465058090324 0.032406458261345895 0.12102100209911704 -0.036526089479509818 -0.15143166856302881 0.11723510953292866 -0.1499865437191916 0.016743739176630943 0.081568129356616281 0.11887140245809663 0.097289962484986142 -0.17451926244393254 0.11064852392272324 -0.1267162952724902 0.092319774922809891 -0.20047430011990355 -0.13692581558926994 0.120215301037202 -0.17295597757660153 0.018740358603591311 0.080727400694766194 -0.11736120792447835 0.0042170993711996875
leaf_weight=387.91116027650423 5.6232792045921078 5.2648373376578155 16.595575517974797 4.9578093439340583 39.056737696751952 20.029073797166348 4.6039168983697873 8.4130482096225006 5.2186886221170425 16.697073191404343 8.2569264667108637 23.512388134375215 18.044329881668091 9.1322384364902955 11.892496839165686 6.132204793393611 5.2470633387565675 43.400681436061859 4.8843582198023778 3.4579110443592072 10.323687459575011 19.734092198312286 15.183217518031595 5.9127930290997019 14.355215370655058 9.3198753874748927 2.9482329487800589 27.092324391007423 5.5205202624201766 581.09798454260454
leaf_count=3725 42 91 216 19 124 54 33 74 15 34 159 222 39 95 39 20 12 122 76 10 84 50 116 102 26 109 9 89 37 4904
internal_value=-0.000230058 0.0127668 -0.00926862 -0.0722767 0.0571714 0.0219184 -0.0067551 0.0218053 -0.0950739 0.0788412 0.0164439 -0.00168296 -0.030787 0.0374048 -0.0949416 -0.0569638 7.68651e-05 0.0202004 0.0725248 -0.0563158 -0.00239781 -0.0170404 -0.0478408 0.0394681 0.0248747 -0.0532653 -0.126888 -0.00111646 0.0471961 -0.00274246
internal_weight=1339.82 134.717 90.0369 29.8103 44.68 60.2266 40.1976 30.375 9.82261 21.9619 13.2147 1205.1 68.7137 33.3088 35.4049 15.2644 1136.39 124.443 51.743 8.34227 1011.95 72.7005 47.0536 25.6469 31.8704 17.5152 12.2681 1001.62 32.6128 969.009
internal_count=10747 861 695 394 166 301 247 199 48 125 178 9886 415 154 261 115 9471 632 208 86 8839 424 272 152 156 130 118 8755 126 8629
cat_boundaries=0 1
cat_threshold=2
is_linear=0
shrinkage=0.1


Tree=52
num_leaves=31
num_cat=1
split_feature=1 1 3 1 1 1 3 3 3 1 2 1 0 2 1 1 2 3 1 3 3 3 3 3 2 1 1 1 1 3
split_gain=2.3163 14.2549 9.52928 9.0422 8.62776 8.67657 8.43244 8.67028 8.21056 7.42507 17.8792 10.148 8.78605 16.6179 11.3863 9.63701 8.26852 10.0247 14.2798 17.2195 10.6595 28.3088 8.2421 10.2512 8.4678 8.22516 12.4264 7.91221 8.37313 7.49007
threshold=521.3995000000001 520.12600000000009 26.568500000000004 521.86750000000018 518.60800000000006 519.99200000000008 53.533500000000011 59.123500000000007 27.031000000000002 526.87050000000011 105.51750000000001 522.46550000000013 0 107.45100000000001 527.39150000000006 558.99750000000006 109.22450000000002 31.027500000000003 557.74300000000005 56.223000000000006 36.621500000000005 35.75950000000001 33.695000000000007 34.617500000000007 109.37650000000001 546.76050000000009 554.62350000000015 542.23900000000015 556.06450000000007 43.703500000000012
decision_type=2 2 2 2 2 2 2 2 2 2 2 2 1 2 2 2 2 2 2 2 2 2 2 2 2 2 2 2 2 2
left_child=1 4 -2 -4 -1 -6 -3 -8 -5 10 11 -10 -11 -14 -15 16 17 25 19 20 21 -19 24 -24 -18 -16 -27 -25 -29 -12
right_child=2 6 3 8 5 -7 7 -9 9 12 29 -13 13 14 15 -17 22 18 -20 -21 -22 -23 23 27 -26 26 -28 28 -30 -31
leaf_value=0.0015267485036233866 -0.10394519351443182 0.096763353061183055 -0.14657147420436037 0.086941737989644358 -0.12949360341170355 0.028413652269611612 -0.16063402775563559 0.05029691501107774 0.12376882486849597 0.029079515986378521 -0.13251597549956137 -0.086814614288784175 -0.11350987180532957 0.11104653962482898 0.053457268515848581 -0.12610268360045393 -0.038487557479986403 -0.12172381730989897 0.067937086208910633 0.1014804925457725 -0.13917647828391438 0.097165188172315731 -0.12915524922350491 -0.11034701425352048 0.10675120826369462 -0.11094027859173057 0.051515795859313221 0.019916739236866283 -0.12594714517547309 -0.02961654972816204
leaf_weight=855.00865784683265 9.7677147202193719 24.659945383667946 4.4005655851215115 10.020618624985216 9.9449041672050935 5.3525831699371329 2.8458869680762273 6.1816398315131664 7.8380299210548383 79.828753798268735 16.099036129191521 3.2320093140006065 14.314594705123453 8.4921356029808504 22.828694820404053 6.580918855033814 5.3833698034286526 16.830023232847456 8.7782261371612531 5.2968218103051177 22.291537998244166 9.1048723049461824 5.6663018800318232 5.3283844916149965 15.784173237159846 10.164412632584574 8.7716471683233959 105.01226048357785 4.0886565512046209 12.618470854125915
leaf_count=6220 496 79 84 56 168 42 25 65 13 499 215 54 364 29 89 148 40 261 33 18 378 24 54 193 41 279 53 504 53 170
internal_value=-0.000182038 0.00266553 -0.00633268 -0.0040001 0.000194952 -0.0742419 0.0664921 -0.0161981 -0.0024485 -0.00472005 -0.0456821 0.0622869 -0.000123242 -0.00860914 -0.00284263 -0.00668195 -0.0034785 -0.0248679 -0.0502798 -0.0696683 -0.0884659 -0.0448792 0.0122787 0.00213782 0.0698138 0.0130396 -0.0356866 0.00863918 0.0144504 -0.087302
internal_weight=1322.52 903.994 418.522 408.755 870.306 15.2975 33.6875 9.02753 404.354 394.333 39.7875 11.07 354.546 274.717 260.402 251.91 245.329 104.066 62.3015 53.5233 48.2264 25.9349 141.263 120.096 21.1675 41.7648 18.9361 114.429 109.101 28.7175
internal_count=10747 6599 4148 3652 6430 210 169 90 3568 3512 452 67 3060 2561 2197 2168 2020 1135 714 681 663 285 885 804 81 421 332 750 557 385
cat_boundaries=0 1
cat_threshold=4
is_linear=0
shrinkage=0.1


Tree=53
num_leaves=31
num_cat=3
split_feature=1 1 0 1 1 3 2 1 1 3 1 1 3 1 1 3 1 1 2 2 0 1 1 1 2 3 3 1 0 3
split_gain=2.33722 3.27666 5.45805 2.73914 8.74362 3.23778 2.47488 13.2075 18.2566 30.1623 9.46299 11.0102 5.11114 13.1017 43.0039 30.8057 33.8139 25.3974 25.3458 19.7422 18.6239 46.2039 29.2094 19.7151 18.1582 15.7917 31.2282 15.0322 15.007 14.5843
threshold=572.55600000000015 558.99750000000006 0 557.74300000000005 556.06450000000007 39.877500000000005 110.36000000000001 511.65700000000004 509.47450000000009 51.415000000000006 514.99550000000011 515.93200000000013 52.105000000000004 510.90500000000003 513.6020000000002 34.374500000000005 494.45400000000006 517.42200000000014 106.04650000000002 109.37650000000001 1 499.49150000000003 499.93300000000005 470.51750000000004 106.831 40.527500000000011 50.262000000000008 515.25800000000015 2 43.703500000000012
decision_type=2 2 1 2 2 2 2 2 2 2 2 2 2 2 2 2 2 2 2 2 1 2 2 2 2 2 2 2 1 2
left_child=1 3 -3 4 6 -5 12 8 9 -8 -9 -12 13 15 25 20 24 18 -16 -20 21 23 -22 -1 -17 -15 -27 -21 -18 -26
right_child=-2 2 -4 5 -6 -7 7 10 -10 -11 11 -13 -14 14 17 16 28 -19 19 27 22 -23 -24 -25 29 26 -28 -29 -30 -31
leaf_value=0.080426502838028741 0.060443298413204331 -0.0034126629166671037 -0.12300026373633177 -0.010915962186830734 -0.1200795137027541 0.11013188869721478 0.031880795138401218 -0.17080657008504943 0.11147607053544482 -0.16571583619970109 0.094557710103213663 -0.077835575736847629 0.012305713134518732 0.11010718928142603 0.11335219378709947 -0.10047582780806903 -0.052957496497929503 0.004489977786539397 -0.14827092835915465 0.074661763024829061 0.0067308918356635238 0.12655402385229317 -0.1340353993463016 -0.13349983932296991 0.030053944850929926 -0.11197743690672107 0.11996938432565583 -0.15712579462720935 -0.14052848499348167 -0.12037517952245491
leaf_weight=6.3704876527190235 6.3265262655913821 11.218354752287269 5.784333781339229 4.038284879177807 6.0647047618404022 4.8799412325024605 28.171035738661885 7.2150992006063488 13.837309956550596 10.64392741397023 4.8212460726499584 15.997176064178346 316.83664491330273 50.333376726135612 6.3265047445893279 16.688655185513198 39.365857703611255 378.86210203636438 28.351731715723872 8.7980584166944009 130.47214993322268 35.762372763827443 16.618543189018965 13.305830379948018 65.350585329346359 10.990709751844408 12.301317811012266 4.1026999652385703 38.913746695034206 7.150162481237202
leaf_count=67 41 75 212 29 123 12 165 85 26 92 13 212 1874 108 17 229 544 3406 320 26 1053 64 207 182 497 159 23 45 533 308
internal_value=-0.000190239 -0.000485413 -0.0440965 9.27276e-05 -0.000293978 0.0553199 0.00027913 -0.016668 0.0128537 -0.0223046 -0.0721154 -0.0379118 0.0014312 -0.00252878 0.00802662 -0.0167948 -0.0485264 -0.00415835 -0.0730233 -0.101606 0.00944368 0.058838 -0.00917311 -0.0642381 -0.00642975 0.0786024 0.0105216 0.00094867 -0.0964901 0.0152183
internal_weight=1305.9 1299.57 17.0027 1282.57 1273.65 8.91823 1267.59 80.6858 52.6523 38.815 28.0335 20.8184 1186.9 870.065 500.067 369.998 167.469 426.441 47.579 41.2525 202.529 55.4387 147.091 19.6763 89.1894 73.6254 23.292 12.9008 78.2796 72.5007
internal_count=10747 10706 287 10419 10378 41 10255 593 283 257 310 225 9662 7788 4104 3684 2111 3814 408 391 1573 313 1260 249 1034 290 182 71 1077 805
cat_boundaries=0 1 2 3
cat_threshold=4 1 2
is_linear=0
shrinkage=0.1


Tree=54
num_leaves=31
num_cat=0
split_feature=1 1 1 1 3 3 3 3 1 2 1 3 1 1 3 1 3 3 2 1 1 1 1 1 3 2 2 1 2 1
split_gain=2.45502 2.75709 3.45987 6.46926 5.95983 10.0284 10.6778 9.57058 4.58896 25.6086 4.40643 10.1401 7.68862 14.6373 5.65403 4.53886 5.79393 6.52722 6.4814 5.5473 8.07933 8.34784 4.40235 10.2311 12.9459 5.12076 5.9993 5.08793 15.3768 6.85126
threshold=464.6040000000001 465.30650000000009 472.80750000000006 472.00450000000006 38.445000000000007 31.027500000000003 21.781000000000002 19.932500000000005 471.24450000000007 107.70050000000002 476.30050000000006 27.502500000000001 474.73600000000005 473.94850000000002 33.111500000000007 478.50700000000001 38.030000000000008 40.527500000000011 105.83550000000001 478.79800000000006 480.75650000000007 479.24950000000007 482.39550000000003 486.39600000000007 27.687000000000005 105.72800000000002 106.04650000000002 489.32700000000006 108.86450000000001 492.21850000000001
decision_type=2 2 2 2 2 2 2 2 2 2 2 2 2 2 2 2 2 2 2 2 2 2 2 2 2 2 2 2 2 2
left_child=-1 -2 3 4 5 6 7 -3 9 -7 11 -4 13 -13 -14 16 18 -18 -12 -17 21 -21 25 24 -24 -22 -27 28 -25 -29
right_child=1 2 10 -5 -6 8 -8 -9 -10 -11 15 12 14 -15 -16 19 17 -19 -20 20 22 -23 23 27 -26 26 -28 29 -30 -31
leaf_value=-0.10557867429937501 0.059539576089457993 -0.11796197620341252 -0.10950856892037371 -0.10340615082348942 -0.11397126406554384 -0.16581956863272454 -0.11668430786613111 0.11888781596576981 0.099101720783095926 0.1021531013515663 0.059221452755374486 0.033512878670614303 0.016442147804127307 -0.145337680900546 0.11467321552062171 0.075213996816812109 0.15120176299885985 -0.10904216859950688 -0.11587065603367355 0.017184313019483928 0.096285689382093628 -0.14771692271375633 0.11117435666464581 -0.087067924410404063 -0.12345735749185237 0.11711715900273867 -0.11642791223044635 -0.068830488063935116 0.11040908442467907 0.00080737760658175354
leaf_weight=2.2066115523921317 7.7282057283446184 2.5982102407142547 5.1324920067563644 8.7723109736107272 4.9604284106753758 5.4246210381388691 11.031137146055697 4.9684898555278778 9.216486878693102 10.409468974918125 2.6163627691566971 31.616707292385399 9.1840651631355303 5.3503041723743072 16.186770260334015 9.7446846757084113 2.5604251623153678 1.5454832585528491 11.014011304825543 5.2127114571630937 9.7967515140771848 7.468085905071348 2.8788999319076529 5.5936747696250704 12.838553447742013 1.7409725785255421 2.9871291797608137 14.321237771771846 13.362358395010231 1046.8529897474218
leaf_count=173 43 51 149 173 143 61 286 14 20 28 27 151 32 62 39 43 3 51 134 43 20 129 8 88 207 4 62 172 41 8290
internal_value=-0.000190614 -9.37449e-06 -0.000370212 -0.0243668 -0.0101028 0.0017014 -0.0539287 0.0375597 0.0430018 0.010348 0.000760286 0.025598 0.0367218 0.00762751 0.0791143 -0.000696266 -0.0508922 0.0532447 -0.0822616 8.96544e-05 -0.000562196 -0.0799308 0.000344217 -0.000380701 -0.0804809 0.0550367 -0.0304324 0.000784872 0.0521362 -0.000132431
internal_weight=1285.32 1283.11 1275.39 57.3812 48.6088 43.6484 18.5978 7.5667 25.0506 15.8341 1218 67.4703 62.3378 36.967 25.3708 1150.53 17.7363 4.10591 13.6304 1132.8 1123.05 12.6808 1110.37 1095.85 15.7175 14.5249 4.7281 1080.13 18.956 1061.17
internal_count=10747 10574 10531 776 603 460 351 65 109 89 9755 433 284 213 71 9322 215 54 161 9107 9064 172 8892 8806 215 86 66 8591 129 8462
is_linear=0
shrinkage=0.1


Tree=55
num_leaves=31
num_cat=3
split_feature=2 3 0 1 2 2 1 3 3 1 2 2 1 1 3 3 3 0 1 1 1 1 1 1 1 3 3 3 0 1
split_gain=2.21775 9.69256 9.60597 8.52491 8.28126 9.40318 16.9757 14.8709 14.0746 11.1735 9.98652 7.61009 7.42735 11.9031 11.064 7.87146 7.05287 9.3087 8.43267 13.8533 6.75459 6.73071 6.29167 9.14283 17.8117 5.72023 21.5769 13.314 13.1596 12.2233
threshold=108.21750000000002 28.320000000000004 0 520.65300000000013 107.70050000000002 106.98050000000002 510.62400000000008 50.813500000000005 47.310500000000012 541.58000000000015 107.17550000000001 107.29550000000002 486.39600000000007 490.11650000000003 54.505000000000003 55.12850000000001 29.470000000000002 1 533.11100000000022 537.43850000000009 546.45950000000005 556.06450000000007 492.21850000000001 494.94550000000004 499.49150000000003 51.415000000000006 43.214500000000008 64.626500000000007 2 510.62400000000008
decision_type=2 2 1 2 2 2 2 2 2 2 2 2 2 2 2 2 2 1 2 2 2 2 2 2 2 2 2 2 1 2
left_child=4 2 3 -2 5 20 10 8 11 -9 -7 -8 14 -14 -3 -16 17 18 -15 -20 25 -6 -18 -24 -25 26 28 -27 -1 -30
right_child=1 12 -4 -5 21 6 7 9 -10 -11 -12 -13 13 16 15 -17 22 -19 19 -21 -22 -23 23 24 -26 27 -28 -29 29 -31
leaf_value=-0.1147074886631194 -0.11828729005934485 -0.11532669539913439 -0.12642796510471807 0.10680090861610532 0.025831329828721224 -0.027529934760917557 -0.077640394118724448 -0.12443310199786053 0.090936966970810329 0.046236457128606488 -0.13439395032448073 0.020627975786921864 0.094078555418936047 -0.1696165456363482 0.11342941978619916 -0.094853072247401971 -0.12669224393056586 0.10421820269897153 0.12257457672615052 -0.12608702750402553 -0.14438781357423228 -0.11616174615807706 0.05053984393294432 -0.13778471993860941 -0.0038818274103296965 0.063753429190231067 -0.11865792433089416 -0.053711545915621141 -0.0013597513097245162 0.05067720912493108
leaf_weight=8.4501322694122791 2.7498773615807295 13.396956838550979 12.442783270264046 4.3353697545826435 166.01732630492188 16.101200070232153 12.111346348188816 13.85477977897972 20.42988808453083 5.3047174215316764 19.140178722795099 22.5602020858787 13.145238568074999 2.7394667714834222 4.814559042453765 2.9118696674704552 4.1700691990554324 14.040971711277962 5.9782554507255536 3.5833777077496052 2.9726131111383429 3.4068121095187953 29.820174008607864 10.114182841032742 557.74932693177834 41.692083070985973 14.272501725703476 12.554911164566873 171.59324844647199 61.254416484385729
leaf_count=196 41 413 386 20 1245 165 186 228 66 36 357 278 54 25 14 44 48 31 10 95 64 134 145 151 4011 241 355 85 1331 292
internal_value=-0.000180789 -0.00406756 -0.0735031 0.0194412 0.00429897 -0.00319432 -0.0284144 -0.0012907 0.0250969 -0.0771796 -0.0855696 -0.0136988 -0.00202075 -9.91037e-05 -0.060365 0.0349337 -0.00206981 0.0485774 -0.0149332 0.0293846 0.00563477 0.0229761 -0.00428655 -0.00343252 -0.00626676 0.0070742 0.000814022 0.0365674 0.00788066 0.0123294
internal_weight=1273.71 681.992 19.528 7.08525 591.716 422.292 109.502 74.2609 55.1014 19.1595 35.2414 34.6715 662.464 641.341 21.1234 7.72643 628.196 26.3421 12.3011 9.56163 312.79 169.424 601.854 597.684 567.864 309.817 255.57 54.247 241.298 232.848
internal_count=10747 5488 447 61 5259 3880 1316 794 530 264 522 464 5041 4570 471 58 4516 161 130 105 2564 1379 4355 4307 4162 2500 2174 326 1819 1623
cat_boundaries=0 1 2 3
cat_threshold=4 1 2
is_linear=0
shrinkage=0.1


Tree=56
num_leaves=31
num_cat=1
split_feature=1 1 2 1 3 1 3 3 3 1 1 1 3 3 3 3 3 2 1 2 2 3 1 3 3 1 2 0 1 1
split_gain=2.40394 16.3752 24.5772 10.9898 29.7688 10.4952 9.72986 9.81478 7.80446 8.7129 8.43952 13.7162 18.035 22.3421 8.37253 8.93735 8.33237 7.60567 16.6113 9.70111 7.18829 6.13823 5.9349 5.88114 30.5704 14.2596 10.3526 9.56607 14.5553 13.6169
threshold=515.93200000000013 517.42200000000014 106.67750000000002 514.99550000000011 53.425500000000007 517.73350000000016 55.328500000000012 57.483500000000006 53.611000000000011 541.58000000000015 521.3995000000001 519.99200000000008 51.040500000000002 47.310500000000012 59.123500000000007 59.897000000000013 26.289500000000004 105.90250000000002 522.46550000000013 106.64550000000001 109.55850000000002 50.917500000000011 514.72800000000018 31.027500000000003 32.961000000000006 546.76050000000009 108.1915 0 545.39700000000005 542.69150000000013
decision_type=2 2 2 2 2 2 2 2 2 2 2 2 2 2 2 2 2 2 2 2 2 2 2 2 2 2 2 1 2 2
left_child=3 2 -2 22 -5 -3 21 -8 10 14 11 12 13 -7 20 -16 -12 -18 -19 -20 -10 -4 -1 25 -25 -21 -27 -26 29 -29
right_child=1 5 6 4 -6 8 7 -9 9 -11 16 -13 -14 -15 15 -17 17 18 19 23 -22 -23 -24 24 27 26 -28 28 -30 -31
leaf_value=0.0021008284072764317 0.11948845588596797 0.080413619045579934 -0.12233761010956259 -0.16550870218907821 0.10535134671855594 -0.12193849008056833 0.036673879745073065 -0.14849992965910302 -0.14054567095830847 0.022226525752981244 -0.10841240888686893 0.087464193902876422 -0.28531321606692372 0.096221208435152708 0.10558956569552246 -0.10666199178653889 0.057781604219789763 -0.12532734622893477 -0.10776347296299243 0.060832275475054133 0.026160823472371982 -0.25799190036669906 -0.07103455943754286 -0.12383696240243547 0.042531583471858717 0.033073273363139193 -0.11217646921547511 -0.020867164528010615 0.013032545018096441 -0.1326542058009311
leaf_weight=701.67697780730668 5.4737862944602957 15.408387430012224 10.770906772464516 4.8232920840382603 25.560704365372658 7.6587045677006307 6.6039198487997037 5.0520626381039619 16.064314819872386 12.814276080578564 7.5733303502202025 26.911087911576033 2.2785746753215781 12.128252442926167 4.3221569024026385 3.6669444125145674 19.838458279147744 11.265337366610764 8.4393340805545431 42.792096640914679 3.0829383525997391 4.832039847970008 11.274065084755419 20.226214721798897 51.181383330374956 9.4853853052482027 10.166323071345685 50.584645722527057 131.82385508390144 13.888565216213463
leaf_count=5588 11 42 134 58 68 145 22 50 212 93 490 108 18 43 22 175 148 135 181 178 44 36 85 324 302 129 273 723 731 179
internal_value=-0.000182259 -0.00543818 -0.0738802 0.00345445 0.0623538 -0.000786409 -0.11271 -0.0435862 -0.0034702 -0.0457327 0.000490967 0.0395444 -0.0188984 0.0117807 -0.0778243 0.00816751 -0.00457896 -0.00245188 -0.00586743 -0.00189281 -0.113704 -0.164348 0.000944321 0.00081348 -0.00563256 0.0284485 -0.0420681 0.00402819 -0.00601096 -0.0449479
internal_weight=1257.67 514.333 32.7327 743.335 30.384 481.601 27.2589 11.656 466.192 39.9506 426.242 48.9766 22.0655 19.787 27.1364 7.9891 377.265 369.692 349.853 338.588 19.1473 15.6029 712.951 330.148 267.705 62.4438 19.6517 247.478 196.297 64.4732
internal_count=10747 4948 253 5799 126 4695 242 72 4653 546 4107 314 206 188 453 197 3793 3303 3155 3020 256 170 5673 2839 2259 580 402 1935 1633 902
cat_boundaries=0 1
cat_threshold=4
is_linear=0
shrinkage=0.1


Tree=57
num_leaves=31
num_cat=2
split_feature=1 1 0 2 1 1 3 1 1 3 3 3 3 3 1 1 1 3 2 3 1 3 2 1 1 1 3 0 1 2
split_gain=2.13624 2.78545 4.88102 2.3989 10.7598 16.6205 24.4342 8.04204 8.17178 7.94426 5.48329 4.10901 11.9437 10.1145 13.4707 23.7004 33.7745 13.856 13.7409 13.3149 12.4805 17.9183 12.7297 11.1479 9.63574 34.7683 25.8237 29.9157 18.5823 18.1779
threshold=572.55600000000015 558.99750000000006 0 110.36000000000001 511.65700000000004 509.47450000000009 51.415000000000006 514.99550000000011 515.93200000000013 31.121000000000006 50.262000000000008 52.105000000000004 52.921000000000006 53.425500000000007 516.19850000000008 513.90000000000009 510.62400000000008 57.483500000000006 107.95350000000001 62.339000000000006 541.58000000000015 57.483500000000006 109.41550000000002 520.97250000000008 510.62400000000008 513.6020000000002 34.374500000000005 1 517.42200000000014 106.04650000000002
decision_type=2 2 1 2 2 2 2 2 2 2 2 2 2 2 2 2 2 2 2 2 2 2 2 2 2 2 2 1 2 2
left_child=1 3 -3 11 5 6 9 -6 -9 -5 -11 24 -13 -14 15 16 -15 -18 -17 -19 21 -16 23 -23 26 -26 -1 -28 29 -27
right_child=-2 2 -4 4 7 -7 -8 8 -10 10 -12 12 13 14 20 18 17 19 -20 -21 -22 22 -24 -25 25 28 27 -29 -30 -31
leaf_value=0.0093980737048355578 0.060123777006894086 -0.0037331108662185929 -0.12138565359505063 -0.12617525973411992 -0.16226182284667368 0.10776541270778082 -0.15388225500290273 0.087873930976773734 -0.069740782582797811 0.0804109483490517 -0.024411529277572869 0.075773512849291319 -0.10275168902992962 0.022179796354356397 -0.1433655994090289 -0.082341118751216497 -0.1450797584056514 0.087542637584747035 0.10665665440023486 -0.13582894202542367 0.064643121488936098 -0.13617871276641155 0.099860648822855433 0.047923985877317464 0.071008425162773045 0.10755657472236818 -0.14448675052773638 -0.026026406329374158 0.0027032677217402063 -0.090706851341301103
leaf_weight=189.76958326320164 5.8468132577836505 10.909338283352554 5.2103344029746959 2.9795423215255168 6.8117214664816883 12.940968960523604 10.383553206920622 4.1807599514722851 15.429413001518695 15.809292748570444 7.2922412678599349 26.139575104229152 8.4340844373218697 153.92337641352788 16.618904832750559 4.292713724076747 19.113108173012737 6.4906376004219037 37.034998282790184 4.5318387746810913 9.1301717907190305 8.1767331873998064 7.517619101330637 5.5023723109625271 71.536086255684495 5.2666065245866767 25.580268098507077 127.95354648481589 378.32565910276026 37.925165466964245
leaf_count=1573 41 75 212 59 85 26 92 13 212 78 28 92 70 783 237 29 145 18 100 42 76 138 27 117 307 17 456 1638 3570 391
internal_value=-0.000179403 -0.000464846 -0.0417617 8.1211e-05 -0.0171433 0.0104042 -0.0241484 -0.0686537 -0.0361384 0.027502 0.0473226 0.00122364 0.0111203 0.00510103 0.00844121 0.0185915 0.00322569 -0.0935861 0.0870254 -0.00429553 -0.0402904 -0.0656254 -0.00467464 -0.062124 -0.002408 0.00654851 -0.0152714 -0.0457631 -0.00439104 -0.0665315
internal_weight=1241.06 1235.21 16.1197 1219.09 75.8275 49.4056 36.4646 26.4219 19.6102 26.0811 23.1015 1143.26 306.906 280.767 272.332 225.387 184.059 30.1356 41.3277 11.0225 46.9458 37.8156 21.1967 13.6791 836.357 493.054 343.303 153.534 421.517 43.1918
internal_count=10747 10706 287 10419 593 283 257 310 225 165 106 9826 1874 1782 1712 1117 988 205 129 60 595 519 282 255 7952 4285 3667 2094 3978 408
cat_boundaries=0 1 2
cat_threshold=4 1
is_linear=0
shrinkage=0.1


Tree=58
num_leaves=31
num_cat=1
split_feature=1 1 2 1 1 1 3 1 1 1 1 3 3 3 3 1 3 1 1 3 1 1 1 0 2 1 2 1 3 3
split_gain=1.78405 2.33378 4.67228 3.6527 2.32147 7.74036 2.81367 2.21079 2.28937 2.82891 5.68233 5.48039 9.48964 8.701 8.45827 3.92811 9.01577 6.39959 12.5457 5.41108 3.91857 12.3725 13.6328 8.99747 13.1318 9.8139 6.56454 10.5683 9.90531 9.09517
threshold=572.55600000000015 558.99750000000006 111.51950000000001 564.24250000000018 557.74300000000005 556.06450000000007 39.877500000000005 464.6040000000001 465.30650000000009 472.80750000000006 472.00450000000006 31.027500000000003 21.781000000000002 38.445000000000007 19.932500000000005 476.30050000000006 27.502500000000001 474.73600000000005 473.94850000000002 33.111500000000007 499.49150000000003 500.29100000000005 503.18500000000006 0 110.82050000000001 492.21850000000001 108.09250000000002 494.94550000000004 37.683500000000002 33.58850000000001
decision_type=2 2 2 2 2 2 2 2 2 2 2 2 2 2 2 2 2 2 2 2 2 2 2 1 2 2 2 2 2 2
left_child=1 4 3 -3 5 7 -6 -1 -9 10 11 12 14 -13 -10 16 -11 18 -18 -19 23 -22 -23 24 -17 -26 29 28 -28 -25
right_child=-2 2 -4 -5 6 -7 -8 8 9 15 -12 13 -14 -15 -16 20 17 19 -20 -21 21 22 -24 26 25 -27 27 -29 -30 -31
leaf_value=-0.1051835108429799 0.055713655304366116 -0.13525122209464982 0.078783355393111459 -0.024364167056821831 -0.0091647308427439868 -0.11832964045199733 0.10614106281524072 0.055795379853013798 -0.11646857876965136 -0.10859491716063652 -0.10029137553443837 0.042381350185039607 -0.11529792148559091 -0.11209048524960999 0.11710123449558017 -0.12283301971920541 0.032239532108247801 0.013958207917982851 -0.13946253775888651 0.11149575935702492 0.076770428537333582 -0.10002551475611635 0.0019253383623969427 0.009021129086329736 0.10242007688588524 -0.12602255625564149 -0.11824734634004896 -0.056791132693141615 0.058500231841500654 -0.060632498488410028
leaf_weight=1.9852948723128054 5.6873688139021388 4.6237831520847967 2.7849330008029929 8.3088885094039124 3.9795787483453733 5.5299935322254887 4.5198458172380924 7.42215771973133 2.3594146715477136 4.6833163425326338 7.9779404965229324 23.615249639377002 10.086461520753799 4.3123243332374832 4.5217273831367493 16.29567929496989 30.881243138574064 9.0794074535369891 4.9355652513913801 15.225999947637318 21.7275470495224 13.31726263836026 868.0363426967524 39.621236292645335 5.8968023397028428 2.7611104063689709 3.4398822095245114 13.393078054301439 40.525455786846578 35.58219943055883
leaf_count=173 41 204 7 76 29 123 12 43 51 149 173 109 286 143 14 338 151 32 62 39 129 294 6816 238 22 40 78 147 209 519
internal_value=-0.000163698 -0.000424736 -0.0387085 -0.0640093 7.59909e-05 -0.00029496 0.0521529 0.000254623 0.000431166 8.24171e-05 -0.0225235 -0.00870406 -0.0535282 0.0185292 0.0370145 0.00114448 0.025045 0.0354551 0.00857894 0.0750601 -0.000315911 0.00222265 0.00038486 -0.0148702 -0.0699562 0.029567 -0.00450074 0.0209801 0.0446714 -0.0239352
internal_weight=1223.12 1217.43 15.7176 12.9327 1201.71 1193.21 8.49942 1187.68 1185.7 1178.28 52.8731 44.8952 16.9676 27.9276 6.88114 1125.4 64.8055 60.1222 35.8168 24.3054 1060.6 903.081 881.354 157.515 24.9536 8.65791 132.562 57.3584 43.9653 75.2034
internal_count=10747 10706 287 280 10419 10378 41 10255 10082 10039 776 603 351 252 65 9263 433 284 213 71 8830 7239 7110 1591 400 62 1191 434 287 757
cat_boundaries=0 1
cat_threshold=1
is_linear=0
shrinkage=0.1


Tree=59
num_leaves=31
num_cat=4
split_feature=2 2 3 1 0 1 3 0 1 3 3 1 3 1 1 1 2 3 0 1 1 1 1 0 2 3 3 1 1 3
split_gain=1.85015 8.12164 19.2141 24.6725 14.5108 10.6832 10.3536 8.82536 8.74321 8.49323 10.2169 18.344 7.24882 11.6791 10.8911 9.64844 7.88787 8.1782 8.54311 6.97196 21.4484 14.221 17.2677 9.41136 9.33919 7.78815 19.6514 17.4459 11.1776 7.35571
threshold=108.21750000000002 108.66050000000001 58.010500000000008 511.27300000000008 0 510.62400000000008 58.010500000000008 1 516.19850000000008 57.352000000000011 55.12850000000001 514.31400000000019 54.505000000000003 486.39600000000007 489.32700000000006 493.79200000000009 110.66050000000001 52.105000000000004 2 515.67050000000006 519.99200000000008 521.3995000000001 527.13300000000015 3 108.89250000000001 31.027500000000003 32.961000000000006 542.23900000000015 547.40150000000006 33.695000000000007
decision_type=2 2 2 2 1 2 2 1 2 2 2 2 2 2 2 2 2 2 1 2 2 2 2 1 2 2 2 2 2 2
left_child=-1 2 3 -2 -5 -4 9 -8 -6 10 12 -12 13 -3 -15 -16 19 18 -18 23 24 -22 -23 -17 -21 28 -27 -28 -24 -29
right_child=1 6 5 4 8 -7 7 -9 -10 -11 11 -13 -14 14 15 16 17 -19 -20 20 21 22 25 -25 -26 26 27 29 -30 -31
leaf_value=0.0040454965838844278 -0.11881745207104843 -0.11325955423023798 0.10978292253481987 -0.081144213798177336 0.059536021677742683 -0.037938105618235927 0.021627182364070248 -0.15012883800147095 -0.030662620077900684 0.081624094291436203 -0.10475162238348819 0.055346766160438467 0.081879957487369981 0.10633873465636053 -0.12316808523701384 0.073090529601598425 -0.12949461777945434 -0.16754297817952568 0.035368704082147116 0.012094069524933632 0.10711174563908941 -0.13770398575191239 0.069483920121402129 0.012116711370475387 -0.15548575867622433 -0.12288683681670809 -0.1132049398138628 0.094121251599466341 -0.11151715062373252 0.0085250473205848269
leaf_weight=560.53377343132161 31.765928763546981 8.4424330117180926 13.936226621270182 20.236842071870342 25.273092813789845 7.5468696430325499 4.7251140046864748 8.154579930007456 18.696859456598759 13.601986177265642 21.975051748566329 10.613404635339974 12.038510099053381 10.452875077724455 5.9731211997568598 31.272918394766748 4.6926445164717743 5.0202790237963191 9.5191989000886679 4.5269522294402149 12.917465060949324 8.8485705256462079 29.976788563653827 132.85757432598621 12.531122110784052 12.789872062858192 11.497980614192782 10.780825034715233 3.8500297721475354 146.01872865483165
leaf_count=5259 512 307 34 425 91 50 29 106 244 52 180 44 38 41 106 161 93 62 58 18 37 121 131 953 152 192 306 30 101 814
internal_value=-0.000165199 -0.00379335 -0.0275971 -0.0467329 -0.0110695 0.0578895 0.00145145 -0.0871175 0.0211818 0.00364434 0.00155061 -0.0526108 0.00527425 0.00327797 0.00544733 0.00306713 0.00479217 -0.0578253 -0.0190679 0.00767409 -0.00271455 0.00509073 -0.000798778 0.0237345 -0.111013 0.00483796 -0.0033896 0.00569166 0.0488831 0.0144103
internal_weight=1211.07 650.534 117.456 95.9727 64.2068 21.4831 533.078 12.8797 43.97 520.198 506.596 32.5885 474.008 461.969 453.527 443.074 437.101 19.2321 14.2118 417.869 253.738 236.68 223.763 164.13 17.0581 214.914 181.087 168.298 33.8268 156.8
internal_count=10747 5488 1356 1272 760 84 4132 135 335 3997 3945 224 3721 3683 3376 3335 3229 213 151 3016 1902 1732 1695 1114 170 1574 1342 1150 232 844
cat_boundaries=0 1 2 3 4
cat_threshold=1 4 1 1
is_linear=0
shrinkage=0.1


Tree=60
num_leaves=31
num_cat=0
split_feature=1 1 2 1 1 3 3 3 3 1 2 1 3 2 3 3 1 1 3 2 3 1 3 2 1 1 1 1 1 3
split_gain=1.96833 1.9416 2.75699 2.21515 4.97971 4.92236 8.44399 7.52281 7.38338 4.00275 20.9761 3.503 7.87548 5.75158 11.9931 14.1402 6.94904 7.89909 6.61395 6.54387 3.48513 3.20742 5.07846 5.28429 4.57621 6.73747 7.4647 3.99638 8.43668 11.1876
threshold=464.6040000000001 465.30650000000009 106.19450000000002 472.80750000000006 472.00450000000006 31.027500000000003 21.781000000000002 19.932500000000005 38.445000000000007 471.24450000000007 107.70050000000002 476.30050000000006 27.502500000000001 105.35150000000002 33.111500000000007 30.919000000000004 474.73600000000005 473.50850000000008 34.617500000000007 106.80550000000001 55.016000000000005 478.50700000000001 38.030000000000008 105.83550000000001 478.79800000000006 480.75650000000007 479.24950000000007 482.39550000000003 486.39600000000007 27.687000000000005
decision_type=2 2 2 2 2 2 2 2 2 2 2 2 2 2 2 2 2 2 2 2 2 2 2 2 2 2 2 2 2 2
left_child=-1 2 -2 4 5 6 7 -3 9 10 -7 12 -5 -14 15 -15 17 19 -19 -16 -6 22 23 -13 -23 26 -26 -27 29 -29
right_child=1 3 -4 11 20 8 -8 -9 -10 -11 -12 21 13 14 16 -17 -18 18 -20 -21 -22 24 -24 -25 25 27 -28 28 -30 -31
leaf_value=-0.10472656135815368 0.10966496202045761 -0.11489886580011643 -0.014415640051158841 -0.10773933231343165 -0.12110334145386947 -0.15515890715140213 -0.11396315027840319 0.11555273552595285 -0.1107726019653502 0.093661069381558382 0.095229227454553936 0.051796426650606887 0.12556170338041475 0.023975811894567742 -0.040889348027794113 -0.17786045582206694 0.1076535672464498 0.073530117205345594 -0.16527062695637756 0.090739552619708175 0.097494714335886398 0.071571463907562763 0.057454333608676092 -0.10901132973629857 0.021040212493419044 0.054752319996936118 -0.14574816222797868 0.10976927096892103 0.00050471076802272833 -0.12098006696021553
leaf_weight=1.7977004955755536 3.838566541671752 2.1562258852645746 3.3565959129482508 4.251172896474599 6.5567682678811243 5.1493095327168765 9.1753426128998381 4.129069596529007 3.8264691104413933 8.5243127867579442 9.5526378042995912 2.5781578887254026 6.0481823086738578 8.9567952603101713 5.4297993965447011 5.6672351732850066 14.201801247894762 1.7116623073816288 3.5974083975888789 12.406871566548942 0.82061454746872176 8.8391533875837904 3.7245596246793857 9.8537120250985009 4.5154188796877843 13.231605319306253 6.6136653814464808 2.5817472934722892 1009.7622042440344 11.286900069564579
leaf_count=173 12 51 31 149 163 61 286 14 143 20 28 27 11 36 31 49 39 5 59 54 10 43 54 134 43 86 129 8 8591 207
internal_value=-0.000167104 -9.45982e-06 0.0517805 -0.000323882 -0.0209469 -0.00778617 -0.0527969 0.0364943 0.0179375 0.0391421 0.00753159 0.000582431 0.0236407 0.0332671 0.0225263 -0.0542416 0.0525861 0.0187977 -0.0882805 0.0506694 -0.0967878 -0.000755761 -0.044975 -0.0756625 -7.9755e-05 -0.000684088 -0.0780769 0.000146601 -0.00055924 -0.0780244
internal_weight=1194.14 1192.34 7.19516 1185.15 49.8908 42.5134 15.4606 6.2853 27.0527 23.2263 14.7019 1135.26 62.2709 58.0198 51.9716 14.624 37.3475 23.1457 5.30907 17.8367 7.37738 1072.99 16.1564 12.4319 1056.83 1047.99 11.1291 1036.86 1023.63 13.8686
internal_count=10747 10574 43 10531 776 603 351 65 252 109 89 9755 433 284 273 85 188 149 64 85 173 9322 215 161 9107 9064 172 8892 8806 215
is_linear=0
shrinkage=0.1


Tree=61
num_leaves=31
num_cat=1
split_feature=3 1 1 2 1 3 1 1 3 1 1 3 1 3 2 2 1 1 3 3 0 1 1 3 2 1 1 1 2 1
split_gain=1.74665 16.3132 11.3133 9.1145 9.9261 6.61472 6.38229 9.27595 5.37042 20.4434 18.4113 16.5715 13.459 5.13709 5.07789 6.34665 7.49657 4.68444 4.28527 4.27372 21.1527 11.2872 10.5589 10.0921 9.68705 8.99735 38.9061 19.9224 19.7819 16.0623
threshold=60.406000000000006 510.62400000000008 507.94700000000006 107.12550000000002 503.89900000000006 57.483500000000006 518.29650000000004 520.97250000000008 55.81900000000001 514.31400000000019 516.86150000000009 57.208000000000006 541.58000000000015 58.355500000000006 106.75750000000001 108.07950000000001 507.67200000000008 522.26300000000003 58.576500000000003 53.425500000000007 0 516.86150000000009 542.69150000000013 52.921000000000006 108.1915 513.90000000000009 508.09650000000005 506.16750000000008 107.38150000000002 517.73350000000016
decision_type=2 2 2 2 2 2 2 2 2 2 2 2 2 2 2 2 2 2 2 2 1 2 2 2 2 2 2 2 2 2
left_child=5 2 3 4 -2 8 13 -8 19 11 -11 -10 -12 -7 -15 16 -16 -9 -17 23 25 -22 -23 -1 -25 26 27 28 -21 -27
right_child=1 -3 -4 -5 -6 6 7 17 9 10 12 -13 -14 14 15 18 -18 -19 -20 20 21 22 -24 24 -26 29 -28 -29 -30 -31
leaf_value=-0.00072205977134893855 0.11237108233507609 -0.12225114697494109 0.1012557551637624 -0.15012883625779036 -0.035679502030440124 0.080049705745538116 -0.13964524297437891 0.11854477188728961 -0.13934177145271359 0.11259944751042623 -0.1379823455077781 0.012543842519544546 0.076426494699132999 0.10648742926437776 -0.13599970992172206 0.10500689177464372 0.029542980626243678 -0.022377492027958929 -0.012002987635189054 0.11736874925733774 0.094349912212701531 -0.14542690493931465 0.10797968952573159 0.091123617227483689 -0.15043312510932488 0.0852627715308798 -0.17803088521679911 0.11714026131431787 -0.12303465607748301 -0.12606414943795108
leaf_weight=890.95474875788204 6.2511493340134683 11.608045136090366 10.541048169136046 4.5382399624213567 16.43355742841959 24.959266243502498 4.909099679440259 3.6431570351123792 20.255071286112074 13.980924338102342 7.5641765333712083 11.130857408046721 4.7763910666108131 5.2988305911421802 5.7625605352222937 6.2886653766036016 5.2076506167650223 6.6911922879517078 6.2312863729894161 4.9125478565692964 37.119947116822004 4.1546620978042474 2.7213301658630371 2.0888260379433623 8.089993200846946 15.773413568735124 14.35223840177059 12.703496754169462 11.287370986770837 4.6590014677494755
leaf_count=8755 22 291 30 80 66 90 54 7 222 39 95 39 20 27 69 16 17 59 33 12 122 76 10 8 76 50 116 26 118 102
internal_value=-0.000159788 -0.0185726 0.0132965 -0.0207624 0.00511831 0.000640798 0.0306494 -0.026463 -0.00130041 -0.0309698 0.0340241 -0.0854763 -0.0549958 0.046847 0.0180611 -0.00188581 -0.0574152 0.0273017 0.0467701 0.000396773 0.0192253 0.0725502 -0.0451355 -0.0018532 -0.100863 -0.0176117 -0.0434442 0.0233859 -0.0501335 0.037076
internal_weight=1184.89 49.372 37.764 27.2229 22.6847 1135.52 68.9917 15.2434 1066.52 57.7074 26.3215 31.3859 12.3406 53.7483 28.789 23.4902 10.9702 10.3343 12.52 1008.82 107.684 43.9959 6.87599 901.134 10.1788 63.6881 43.2557 28.9034 16.1999 20.4324
internal_count=10747 489 198 168 88 10258 372 120 9886 415 154 261 115 252 162 135 86 66 49 9471 632 208 86 8839 84 424 272 156 130 152
cat_boundaries=0 1
cat_threshold=2
is_linear=0
shrinkage=0.1


Tree=62
num_leaves=31
num_cat=2
split_feature=1 1 0 1 1 3 2 1 3 3 3 1 2 0 1 1 3 3 1 2 1 1 3 1 3 3 3 3 3 3
split_gain=1.58175 2.033 4.14738 1.97671 6.92482 2.45261 1.84429 6.8335 4.07774 4.70302 7.91395 4.43728 2.39108 13.3323 17.0622 12.3755 18.2889 32.0625 12.01 10.2095 11.316 9.364 7.83256 6.86182 11.1626 12.3438 6.93647 15.3425 9.4 21.6443
threshold=572.55600000000015 558.99750000000006 0 557.74300000000005 556.06450000000007 39.877500000000005 110.66050000000001 492.21850000000001 56.223000000000006 52.105000000000004 50.552500000000002 514.99550000000011 109.37650000000001 1 504.99650000000003 546.76050000000009 36.029000000000003 35.598500000000008 499.49150000000003 108.1915 554.62350000000015 493.79200000000009 42.915500000000009 547.62100000000009 38.030000000000008 30.784500000000005 55.12850000000001 57.208000000000006 50.813500000000005 50.262000000000008
decision_type=2 2 1 2 2 2 2 2 2 2 2 2 2 1 2 2 2 2 2 2 2 2 2 2 2 2 2 2 2 2
left_child=1 3 -3 4 6 -5 12 -8 9 10 -9 -10 15 14 18 -1 17 19 22 20 -17 -15 -14 24 25 -23 28 -28 29 -26
right_child=-2 2 -4 5 -6 -7 7 8 11 -11 -12 -13 13 21 -16 16 -18 -19 -20 -21 -22 23 -24 -25 26 -27 27 -29 -30 -31
leaf_value=0.0017871766887017527 0.053515932886450894 -0.0030302574488533028 -0.11833577525336346 -0.0075323729258197376 -0.11660331041243842 0.10237181644939208 0.070511474481441891 -0.12328950396327854 -0.056751187538065455 -0.15728402021224855 0.060347219351085592 0.11206521761522843 0.08319237547449343 -0.11644971854099453 -0.13651745548006941 -0.10549377153530558 -0.12966505252473787 0.12585420316478993 0.11276495798964442 -0.097070585520558916 0.11119534908608289 0.055051113263021138 -0.16795784877621905 0.049581746003148033 0.023116917244811078 -0.11299287628956725 -0.11721540689235793 0.04313436782819588 0.061396325820129986 -0.16880439242577641
leaf_weight=790.76433582464233 5.4702342860400668 10.612593823112547 4.4180349535308752 3.9316944349557144 5.0927349915727964 4.1990324072539806 5.7967517757788327 5.1152138072066027 3.6816736357286564 5.2222335804253808 4.3361618965864182 2.6979892998933792 1.8655655905604378 5.1308109662495545 13.483269007876514 4.0522474152967316 17.911972226575017 12.542523622512816 6.990092933177948 23.757328111678362 5.9467303352430463 6.3924550758674767 3.7136085575912148 58.593996316194534 62.274790457449853 13.824812505394219 10.912642158567907 13.166521836072205 51.856156499125063 6.4884527996182433
leaf_count=7151 41 75 212 29 123 12 53 126 40 82 11 9 5 141 146 251 237 21 18 478 13 56 57 190 570 182 94 66 204 54
internal_value=-0.000131386 -0.000383335 -0.0369226 9.43447e-05 -0.000255582 0.0492265 0.000265772 -0.0256313 -0.052103 -0.0811219 -0.0390395 0.0146421 0.000892389 0.00939728 -0.0583818 -0.00164118 -0.0438618 -0.0106665 0.0254357 -0.0613923 0.0233786 0.0171204 -0.0839782 0.0201866 0.00974258 -0.0598594 0.0194674 -0.0295359 0.0292498 0.00500735
internal_weight=1170.24 1164.77 15.0306 1149.74 1141.61 8.13073 1136.52 26.85 21.0533 14.6736 9.45138 6.37966 1109.67 254.693 26.0525 854.975 64.2108 46.2988 12.5693 33.7563 9.99898 228.641 5.57917 223.51 164.916 20.2173 144.699 24.0792 120.619 68.7632
internal_count=10747 10706 287 10419 10378 41 10255 321 268 219 137 49 9934 1783 226 8151 1000 763 80 742 264 1557 62 1416 1226 238 988 160 828 624
cat_boundaries=0 1 2
cat_threshold=4 4
is_linear=0
shrinkage=0.1


Tree=63
num_leaves=31
num_cat=1
split_feature=1 1 2 1 1 2 2 1 3 2 1 3 2 3 3 1 1 3 2 1 1 1 0 2 2 1 3 3 1 3
split_gain=1.78268 1.66948 2.5271 1.97463 4.48878 4.41739 5.89355 11.952 8.94407 4.70131 2.98877 6.92639 5.18529 10.2189 12.0493 6.17084 6.7658 6.44683 5.68825 2.89666 9.36471 12.177 7.9775 10.3247 5.51748 7.97644 7.39831 7.39512 9.7398 6.81831
threshold=464.6040000000001 465.30650000000009 106.19450000000002 472.80750000000006 472.00450000000006 108.21750000000002 107.79650000000002 471.24450000000007 21.781000000000002 104.96450000000002 476.30050000000006 27.502500000000001 105.35150000000002 33.111500000000007 30.919000000000004 474.73600000000005 473.50850000000008 34.374500000000005 106.80550000000001 499.49150000000003 500.29100000000005 502.98400000000009 0 110.82050000000001 108.09250000000002 494.94550000000004 37.683500000000002 33.58850000000001 482.93900000000008 38.030000000000008
decision_type=2 2 2 2 2 2 2 2 2 2 2 2 2 2 2 2 2 2 2 2 2 2 1 2 2 2 2 2 2 2
left_child=-1 2 -2 4 5 6 7 8 9 -3 11 -5 -13 14 -14 16 18 -18 -15 22 -21 -22 23 -12 27 26 -26 28 -24 -29
right_child=1 3 -4 10 -6 -7 -8 -9 -10 -11 19 12 13 15 -16 -17 17 -19 -20 20 21 -23 24 -25 25 -27 -28 29 -30 -31
leaf_value=-0.10429439793414985 0.10865188630853145 -0.070263457593723211 -0.012836461422845807 -0.10699338951444058 -0.095924395154758091 -0.11692424152515601 0.072044643164253991 0.075345563597389142 -0.11225772816523211 0.11522941975074513 -0.11975852529167404 0.12284437094637682 0.021766095934266552 -0.036487682523633921 -0.16745627576571087 0.10385873713339869 0.090495682839633274 -0.15764683115748113 0.086858539727508677 0.068197848455237381 -0.11367925347914987 0.0011057752837722607 0.028092793315752953 0.029305015932200498 -0.11474893084885823 -0.049448972367048351 0.054466392387285727 -0.11995821408306873 -0.11906057365985778 -0.024254330741884943
leaf_weight=1.6407227807794686 3.5005871057510367 2.3251593522727552 3.3514376915991306 3.8657370591536155 6.7393944687210015 3.3864178423536933 9.1272406564094108 8.7780797611922008 12.89106673421338 3.313511461019516 14.122924420051278 5.5826376080512992 8.8422540277242643 5.488946106284863 5.4329814091324797 13.282512567937372 1.4861768409609784 3.5429753402713686 11.725500813219695 20.536328159272671 9.3414735598489624 868.34944386477582 32.856681575998664 6.9249812997877589 2.7788500916212788 12.35608256049454 36.803985551465303 11.242485951632259 5.2112949285656205 22.033908511977643
leaf_count=173 12 38 31 149 173 145 60 32 316 12 338 11 36 31 49 39 3 61 54 129 252 7350 162 62 78 147 209 171 76 348
internal_value=-0.000132082 1.58566e-05 0.0492299 -0.000277791 -0.0204496 -0.0076762 0.00247774 -0.020774 -0.0663086 0.0387397 0.00057464 0.0224221 0.0314551 0.0212106 -0.0502496 0.049925 0.017719 -0.0843176 0.0475287 -0.000666973 0.00144596 -0.000115909 -0.0138166 -0.0707151 -0.00410238 0.0206919 0.0425869 -0.0221527 0.00794831 -0.056588
internal_weight=1156.86 1155.22 6.85202 1148.37 46.5609 39.8215 36.4351 27.3078 18.5297 5.63867 1101.81 59.2497 55.384 49.8013 14.2752 35.5261 22.2436 5.02915 17.2144 1042.56 898.227 877.691 144.331 21.0479 123.283 51.9389 39.5828 71.3444 38.068 33.2764
internal_count=10747 10574 43 10531 776 603 458 398 366 50 9755 433 284 273 85 188 149 64 85 9322 7731 7602 1591 400 1191 434 287 757 238 519
cat_boundaries=0 1
cat_threshold=1
is_linear=0
shrinkage=0.1


Tree=64
num_leaves=31
num_cat=1
split_feature=3 1 1 2 1 3 1 1 2 2 3 3 1 1 3 1 1 0 3 1 3 1 3 1 1 2 3 3 1 1
split_gain=1.48622 14.561 9.90357 7.89732 8.5907 5.48146 5.14677 8.34042 4.60035 6.47216 5.18202 4.39384 17.1667 15.8278 14.3241 11.6973 3.96774 3.81829 23.1258 19.4693 14.9097 32.2986 26.9836 12.9362 18.4876 10.5725 8.07292 11.1785 10.044 31.9532
threshold=60.406000000000006 510.62400000000008 507.94700000000006 107.12550000000002 503.89900000000006 57.483500000000006 518.29650000000004 520.97250000000008 108.01250000000002 106.75750000000001 58.576500000000003 55.81900000000001 514.31400000000019 516.86150000000009 57.208000000000006 541.58000000000015 522.26300000000003 0 52.469500000000004 527.91750000000013 45.673500000000004 516.42800000000011 49.488500000000009 522.13800000000003 548.42400000000009 106.42100000000001 52.921000000000006 53.425500000000007 513.90000000000009 508.09650000000005
decision_type=2 2 2 2 2 2 2 2 2 2 2 2 2 2 2 2 2 1 2 2 2 2 2 2 2 2 2 2 2 2
left_child=5 2 3 4 -2 11 8 -8 9 -7 -10 17 14 -14 -13 -15 -9 19 20 25 -19 -22 -23 -24 -25 -1 -27 -28 29 -29
right_child=1 -3 -4 -5 -6 6 7 16 10 -11 -12 12 13 15 -16 -17 -18 18 -20 -21 21 22 23 24 -26 26 27 28 -30 -31
leaf_value=-0.1195665827547025 0.10915480251463981 -0.12003893534399963 0.09913901138722922 -0.1447374515892412 -0.031773538708953712 0.10467521415861425 -0.1353191179649561 0.11643152445173172 0.086935038999762029 -0.031014493911400459 -0.011958465984175512 -0.13377808017498535 0.11105093335691159 -0.13191270949546216 0.01036361888523476 0.074679665059747116 -0.01741874901421079 0.0040647881134171391 0.070936812260227203 -0.12340654695299738 -0.15382883220642232 -0.12420312103909199 0.10846256563515839 -0.12485634866213524 0.12484380696412403 0.011474259277836631 -0.14091538204738593 0.021738505159733617 0.048800106792005284 -0.16567293639899358
leaf_weight=7.5980143919587126 5.8322737514972749 10.708595122676341 9.7031864523887617 4.1975298351608208 16.742087565362453 4.7309373980388072 4.5862123090773812 3.3449604213237745 25.624111710116267 13.679792384617029 6.6799310669302931 18.537848634645346 12.592878311872484 7.0130906887352449 10.976389341056345 4.498784139752388 6.5538599267601967 607.09675452305237 48.342028916813433 14.300107945920898 19.533053055638447 12.077951323240994 17.438026335090402 7.4332964876666647 4.9328238666057587 175.20514426217414 7.9297650083899489 26.886577807366848 17.577626101672649 13.750052422285078
leaf_count=188 22 291 30 80 66 27 54 7 90 100 35 222 39 95 39 20 59 5532 242 470 522 303 48 121 11 1591 75 156 96 116
internal_value=-0.000134975 -0.0175137 0.0125864 -0.0187837 0.00463647 0.000611203 0.028733 -0.0238386 0.0437484 0.00385319 0.0664855 -0.00116252 -0.0290364 0.0335744 -0.0801716 -0.0511774 0.0278113 0.000362386 0.00414477 -0.0099375 -0.000685156 -0.047639 0.00188606 0.0529829 -0.0252514 -0.00341957 0.000236901 -0.0295291 -0.0143564 -0.0416751
internal_weight=1146.1 47.1837 36.4751 26.7719 22.5744 1098.92 65.1998 14.485 50.7148 18.4107 32.304 1033.72 53.619 24.1048 29.5142 11.5119 9.89882 980.101 716.854 263.247 668.512 61.4152 41.8821 29.8041 12.3661 248.947 241.349 66.144 58.2143 40.6366
internal_count=10747 489 198 168 88 10258 372 120 252 127 125 9886 415 154 261 115 66 9471 6779 2692 6537 1005 483 180 132 2222 2034 443 368 272
cat_boundaries=0 1
cat_threshold=2
is_linear=0
shrinkage=0.1


Tree=65
num_leaves=31
num_cat=3
split_feature=2 1 1 1 1 3 1 3 3 0 2 1 1 0 1 1 3 3 1 1 3 2 3 1 1 1 2 0 1 1
split_gain=1.51049 13.0476 16.9388 16.3033 19.2007 11.3198 28.0517 10.765 9.46908 20.0836 6.73049 7.66945 19.5968 8.98243 6.72519 7.96248 6.69757 8.80699 6.54223 9.83042 8.97577 16.2555 6.34113 6.73519 6.28979 6.03651 6.72244 13.9291 5.8459 9.20444
threshold=109.66850000000001 545.39700000000005 510.1810000000001 507.47300000000007 494.94550000000004 42.125500000000009 555.06650000000002 51.415000000000006 51.14050000000001 0 109.43050000000001 546.76050000000009 549.12350000000004 1 499.49150000000003 515.25800000000015 45.46200000000001 49.488500000000009 544.85300000000018 543.40900000000011 36.754500000000007 105.998 56.223000000000006 514.99550000000011 546.45950000000005 542.23900000000015 108.98750000000001 2 527.91750000000013 533.11100000000022
decision_type=2 2 2 2 2 2 2 2 2 1 2 2 2 1 2 2 2 2 2 2 2 2 2 2 2 2 2 1 2 2
left_child=10 2 3 4 7 6 -3 -2 -4 -10 11 18 -13 -14 -12 -16 -7 24 19 25 -20 -22 -11 -24 -18 28 27 -27 -1 -30
right_child=1 5 8 -5 -6 16 -8 -9 9 22 14 12 13 -15 15 -17 17 -19 20 -21 21 -23 23 -25 -26 26 -28 -29 29 -31
leaf_value=0.0023371563322388453 0.047663255419831942 -0.20244314204125 -0.11299118469850544 0.047814650991127916 -0.12671453250681483 0.1168883553649529 0.071743316182933489 -0.13863301698831107 0.099649514973440434 -0.17333463040095878 -0.077811142638172348 -0.12831536920500425 0.05499892670317176 -0.025753264568946083 0.07634678021497851 0.010617883903013632 0.077079953815605368 0.12255150066693946 0.08346460320082226 -0.12475299620656471 0.1097977228535237 -0.16086486642502384 -0.14578780612069747 0.027772410506429503 -0.13200378161125642 0.10888931804844199 0.10774914222815064 -0.13926113792495942 -0.12499053068884365 -0.013463242571222375
leaf_weight=669.36377601861022 18.693468885787301 5.8735272670164731 25.612789913546294 40.818812038749456 15.979906327091156 16.759480804204944 10.230924814939497 3.7187755331397048 8.3379576448351145 6.0055039599537858 5.5407670927233985 16.165343456435949 17.827677921392024 60.592243066057563 30.197420924901962 47.297713728621602 2.1986574828624708 4.5426079034805298 21.083109152503315 6.2379039339721194 4.1150341928005201 4.8156667556613684 3.7234517689794284 5.596521683037281 4.163060593418777 4.784808412194252 11.041440099477766 4.2901832349598426 8.8887805966660363 44.183720197528601
leaf_count=5998 178 61 513 176 230 30 30 51 62 68 94 369 108 987 130 269 5 11 90 105 13 49 51 39 56 17 31 62 265 599
internal_value=-0.000138091 -0.00875819 -0.0248213 0.00381636 -0.0429629 0.038397 -0.0282565 0.0167518 -0.0708559 -0.0252496 0.00141442 -0.00117217 -0.0280615 -0.00739538 0.0286207 0.0362304 0.0771992 0.0161987 0.00209353 0.000258558 0.0478727 -0.0361506 -0.0932021 -0.0415672 -0.0597429 0.00130873 0.055341 -0.00842329 -0.000195812 -0.0321422
internal_weight=1128.68 172.255 128.487 79.211 38.3922 43.7683 16.1045 22.4122 49.2762 23.6634 956.426 873.39 94.5853 78.4199 83.0359 77.4951 27.6638 10.9043 778.804 748.791 30.0138 8.9307 15.3255 9.31997 6.36172 742.553 20.1164 9.07499 722.436 53.0725
internal_count=10747 1561 1368 635 459 193 91 229 733 220 9186 8693 1464 1095 493 399 102 72 7229 7077 152 62 158 90 61 6972 110 79 6862 864
cat_boundaries=0 1 2 3
cat_threshold=1 4 4
is_linear=0
shrinkage=0.1


Tree=66
num_leaves=31
num_cat=0
split_feature=1 2 3 1 3 1 1 1 1 2 2 3 2 1 1 1 1 1 3 1 3 3 1 1 3 1 3 2 1 1
split_gain=1.62648 1.43776 6.52542 6.23201 4.9492 4.93823 6.45711 12.8356 8.90339 13.691 6.78094 8.32134 9.60665 7.1359 6.56906 6.16769 6.06557 5.97817 5.96033 5.33933 9.79418 6.209 18.9332 5.31151 11.0782 4.70786 3.71878 5.27153 3.34006 10.399
threshold=464.6040000000001 106.42100000000001 23.750000000000004 469.91500000000008 24.339500000000005 465.30650000000009 498.53950000000003 482.93900000000008 517.73350000000016 105.944 105.83550000000001 51.415000000000006 104.58200000000001 510.90500000000003 521.86750000000018 512.61000000000013 475.85200000000003 522.99550000000011 31.245000000000001 478.03650000000005 32.534000000000006 32.066500000000012 479.24950000000007 544.85300000000018 28.320000000000004 473.94850000000002 67.322500000000005 106.62350000000002 476.85050000000007 486.39600000000007
decision_type=2 2 2 2 2 2 2 2 2 2 2 2 2 2 2 2 2 2 2 2 2 2 2 2 2 2 2 2 2 2
left_child=-1 5 -3 -4 -5 -2 7 16 10 14 11 12 -8 -14 -10 -12 25 -16 -18 20 -20 -21 -23 24 -19 -7 28 -28 -6 -30
right_child=1 2 3 4 26 6 8 -9 9 -11 15 -13 13 -15 17 -17 18 23 19 21 -22 22 -24 -25 -26 -27 27 -29 29 -31
leaf_value=-0.1039182858896536 0.10841219900529486 -0.10595182607098917 -0.1152744548704453 0.088168901840673011 0.021994046611682579 -0.017948795036154843 0.11180251083609756 -0.12082507397501357 -0.13227111373769146 -0.12463898569351135 0.10412864056771856 0.075688677678569044 -0.13545826500766978 0.028186711706354357 0.11268409943957547 -0.010246001243832896 0.083626494574856214 0.092553832329578367 -0.18499892322059519 0.087225088345225812 0.060160762592095476 0.063265395954979348 -0.16448421175479716 0.098717400232184838 -0.12620736881188549 -0.12816706348689319 -0.22301263314343781 -0.019312952944840919 -0.08642882967909972 -0.00057424886063913317
leaf_weight=1.508119971724226 4.7910514175891867 5.9498769860947496 4.7390755792148402 6.2796040095854542 62.137116075959057 24.905082185752693 3.382495969533923 9.9890567571856064 2.4662262108176973 8.721029535867272 23.644617129117254 11.586888156831263 7.7670344337820989 4.0562715381383896 7.38575550913811 5.8890975117683402 11.995868215337394 3.8491267357021552 3.7643173187971106 9.24112516641617 2.8734742756932974 10.543521963059904 5.5829369388520709 3.9436568934470406 5.807579561136663 4.5895684212446204 1.7872880622744549 4.3933066269382834 14.350012592738493 836.3591919374885
leaf_count=173 17 451 187 66 568 354 9 157 40 185 70 37 111 28 22 40 64 26 27 24 18 31 55 24 153 108 12 52 395 7243
internal_value=-0.000138743 1.90736e-06 -0.00156021 -0.000892376 -0.000306554 0.00827304 0.00548342 -0.0144665 0.0243029 -0.0176647 0.0482746 0.0118462 -0.036802 -0.0793159 0.0221149 0.081322 -1.09733e-05 0.0402579 0.0235094 0.000976987 -0.0788702 0.0218702 -0.0155809 0.00092642 -0.03901 -0.0350995 -0.000911096 -0.0782183 -0.000387674 -0.00202247
internal_weight=1114.28 1112.77 935.995 930.046 925.307 176.776 171.985 83.485 88.4998 32.1734 56.3264 26.7927 15.2058 11.8233 23.4523 29.5337 73.4959 20.9861 44.0012 32.0054 6.63779 25.3676 16.1265 13.6004 9.65671 29.4947 919.027 6.18059 912.846 850.709
internal_count=10747 10574 8974 8523 8336 1600 1583 838 745 450 295 185 148 139 265 110 681 225 219 155 45 110 86 203 179 462 8270 64 8206 7638
is_linear=0
shrinkage=0.1


Tree=67
num_leaves=31
num_cat=1
split_feature=1 1 2 1 2 1 1 3 2 1 3 3 3 1 2 0 1 1 3 3 2 1 2 1 1 3 3 3 3 3
split_gain=1.29364 2.14599 3.45834 3.41945 1.85575 1.84367 6.13199 2.20144 1.66055 5.40975 3.40073 3.6429 5.99153 2.80354 1.83448 10.5579 14.1943 8.88912 15.4021 26.3409 8.89509 9.53468 8.37875 7.13177 5.74908 16.9393 14.2566 6.197 10.8829 5.56801
threshold=572.55600000000015 558.99750000000006 111.51950000000001 564.24250000000018 111.21950000000002 557.74300000000005 556.06450000000007 39.877500000000005 110.66050000000001 492.21850000000001 56.223000000000006 52.105000000000004 50.552500000000002 513.90000000000009 109.37650000000001 0 504.99650000000003 546.76050000000009 36.029000000000003 35.598500000000008 108.1915 554.62350000000015 109.64650000000002 493.79200000000009 550.41300000000012 38.030000000000008 30.784500000000005 55.12850000000001 57.208000000000006 34.998500000000007
decision_type=2 2 2 2 2 2 2 2 2 2 2 2 2 2 2 1 2 2 2 2 2 2 2 2 2 2 2 2 2 2
left_child=1 5 3 4 -3 6 8 -7 14 -10 11 12 -11 -12 17 16 22 -1 19 20 21 -19 -16 -17 25 26 -25 -27 -29 -26
right_child=-2 2 -4 -5 -6 7 -8 -9 9 10 13 -13 -14 -15 15 23 -18 18 -20 -21 -22 -23 -24 24 29 27 -28 28 -30 -31
leaf_value=0.0015428376150257246 0.050356947462347326 -0.11106228833715759 0.069737467432794353 -0.022968114891039473 -0.32056557147382619 -0.0046515421930639058 -0.1151337773047309 0.10092314417089641 0.063618946425044981 -0.11990826402128324 -0.045907441444674971 -0.15028706037852893 0.049857541357974933 0.097905124357283047 0.084212641463955851 -0.11327338779733392 -0.13068114110648463 -0.10480718990230325 -0.12218651939083772 0.12285431294439214 -0.089405778263680735 0.1084272939830293 -0.10742642402346628 0.054499887781058076 0.10523315238341091 0.030847085778245888 -0.12597492346615011 -0.10438490519402868 0.036418254284761184 0.026599533881112171
leaf_weight=754.13317247381201 5.0522361099719992 3.5212951266439614 2.4445955082774153 7.9882406671531498 0.48049710690975178 3.9393976498395196 4.6224328363314262 3.9610164426267147 5.26794489566237 4.4028846346773225 3.2472555935382834 4.6398402880877248 3.9386285617947578 2.326874690130353 7.6305316500365752 4.2085029714507973 12.032950710505245 3.3463467014953512 16.102639218792319 11.373645007610319 21.953869618475437 5.6165194669738412 3.2545176426647231 6.1699872417375472 13.161132015287874 123.24716662289575 15.062657483853398 9.9292230065912026 12.276064511388538 28.515844974666834
leaf_count=7151 41 200 7 76 4 29 123 12 53 126 33 82 11 16 31 141 146 251 237 21 478 13 49 56 26 860 200 94 66 114
internal_value=-0.000128887 -0.000361019 -0.0386646 -0.0607662 -0.136217 0.000148864 -0.000204384 0.0482802 0.000291263 -0.0258149 -0.0512054 -0.0792583 -0.0397496 0.0141259 0.000884707 0.00865624 -0.0558301 -0.00136766 -0.0389561 -0.00726498 -0.0551332 0.0288148 0.0269145 0.0156087 0.0182119 0.00990595 -0.0735308 0.0220858 -0.0265427 0.0514312
internal_weight=1103.85 1098.8 14.4346 11.99 4.00179 1084.36 1076.46 7.90041 1071.84 23.8234 18.5555 12.9814 8.34151 5.57413 1048.01 235.489 22.918 812.526 58.393 42.2904 30.9167 8.96287 10.885 212.571 208.362 166.685 21.2326 145.452 22.2053 41.677
internal_count=10747 10706 287 280 204 10419 10378 41 10255 321 268 219 137 49 9934 1783 226 8151 1000 763 742 264 80 1557 1416 1276 256 1020 160 140
cat_boundaries=0 1
cat_threshold=4
is_linear=0
shrinkage=0.1


Tree=68
num_leaves=31
num_cat=1
split_feature=3 1 1 2 1 3 1 1 3 1 3 1 2 3 1 1 3 1 1 0 3 1 3 1 3 1 1 2 3 1
split_gain=1.24788 12.9254 8.69612 6.95888 7.30058 4.45493 4.26727 7.35578 4.17426 4.31197 7.04144 5.21447 4.51553 3.61721 14.6334 13.5504 12.1308 10.2257 3.51236 3.49329 19.16 16.2993 12.6731 26.7348 22.7273 10.5663 14.1841 8.76318 6.02511 9.90228
threshold=60.406000000000006 510.62400000000008 507.94700000000006 107.12550000000002 503.89900000000006 57.483500000000006 518.29650000000004 520.97250000000008 58.355500000000006 506.51600000000002 59.897000000000013 492.56050000000005 108.07950000000001 55.81900000000001 514.31400000000019 516.86150000000009 57.208000000000006 541.58000000000015 522.26300000000003 0 52.469500000000004 527.91750000000013 45.673500000000004 516.42800000000011 49.488500000000009 522.13800000000003 548.42400000000009 106.42100000000001 52.921000000000006 508.26950000000005
decision_type=2 2 2 2 2 2 2 2 2 2 2 2 2 2 2 2 2 2 2 1 2 2 2 2 2 2 2 2 2 2
left_child=5 2 3 4 -2 13 8 -8 -7 11 -11 12 -10 19 16 -16 -15 -17 -9 21 22 27 -21 -24 -25 -26 -27 -1 29 -29
right_child=1 -3 -4 -5 -6 6 7 18 9 10 -12 -13 -14 14 15 17 -18 -19 -20 20 -22 -23 23 24 25 26 -28 28 -30 -31
leaf_value=-0.11753821045387719 0.10488977298569245 -0.11814042174132942 0.097066194375323656 -0.1399803307442595 -0.027913783233944802 0.072545123233217296 -0.1315640402020459 0.11458327556448625 -0.16380542182717986 -0.092354718180598372 0.065692695612179192 0.082965227961058124 0.07276018947935449 -0.12935594393134317 0.1097249338616972 -0.12682690967636415 0.0069597330276594486 0.072157238702226761 -0.015868092797814495 0.0039478273623182797 0.067498233886497561 -0.12112461577139499 -0.14614969311732201 -0.12142670345492435 0.10477773830512489 -0.11886727873264616 0.11999246164540762 -0.024728662628498311 -0.027019849622282162 0.026104782842767783
leaf_weight=6.6033435054123393 5.4669718816876474 9.7827661875635368 8.9276597499847394 3.923585091251879 17.046243920922279 22.088709130883217 4.2726577203720799 3.0641666948795301 1.8475587610155373 7.2677829116582853 4.6051321476697922 11.136804156005381 1.4324666857719419 16.730159885250036 11.297122895717623 6.4456515144556743 10.705768391489981 4.3091462329030037 6.3230080232024193 582.33029762713704 44.50215569883585 12.47785199980717 18.01652917091269 10.513800685992463 15.626869153231384 6.3393863877281529 4.0900557637214661 57.74178424035199 63.622232862515375 113.93533492274582
leaf_count=188 22 291 30 80 66 90 54 7 43 46 13 55 5 222 39 95 39 20 59 5532 242 470 522 303 48 121 11 749 443 842
internal_value=-0.000130068 -0.0164082 0.0117336 -0.017083 0.00433542 0.000571637 0.0265631 -0.0227938 0.0404993 0.0135742 -0.0310531 0.0503269 -0.0604915 -0.00106491 -0.0274129 0.0332411 -0.0761642 -0.0470995 0.0267139 0.000328452 0.00406148 -0.00967135 -0.000370925 -0.0464434 0.00267765 0.0527541 -0.025195 -0.00392236 -0.000733887 0.00900749
internal_weight=1092.47 45.1472 35.3645 26.4368 22.5132 1047.33 62.0383 13.6598 48.3785 26.2897 11.8729 14.4168 3.28003 985.287 49.4878 22.0519 27.4359 10.7548 9.38717 935.8 681.419 254.381 636.917 54.5866 36.5701 26.0563 10.4294 241.903 235.299 171.677
internal_count=10747 489 198 168 88 10258 372 120 252 162 59 103 48 9886 415 154 261 115 66 9471 6779 2692 6537 1005 483 180 132 2222 2034 1591
cat_boundaries=0 1
cat_threshold=2
is_linear=0
shrinkage=0.1


Tree=69
num_leaves=31
num_cat=0
split_feature=1 1 3 3 3 3 1 3 1 3 2 3 3 1 3 3 2 1 3 2 1 1 1 1 1 3 2 2 3 2
split_gain=1.24853 4.50589 4.46476 4.21861 7.65307 4.91381 8.78044 2.63705 2.34984 5.67709 4.29467 7.597 9.92061 5.46685 5.87913 6.19942 4.38366 2.21152 4.4228 3.55867 3.23718 5.2325 5.90684 2.80489 6.35891 8.71812 3.30678 4.4074 3.19905 11.2344
threshold=472.80750000000006 472.00450000000006 38.445000000000007 37.915500000000002 34.846500000000006 31.027500000000003 466.99850000000009 50.917500000000011 476.30050000000006 27.502500000000001 105.35150000000002 33.111500000000007 29.868500000000001 474.73600000000005 35.305000000000007 34.846500000000006 108.97250000000001 478.50700000000001 38.030000000000008 105.83550000000001 478.79800000000006 480.75650000000007 479.24950000000007 482.39550000000003 486.39600000000007 27.687000000000005 105.72800000000002 106.04650000000002 23.750000000000004 104.58200000000001
decision_type=2 2 2 2 2 2 2 2 2 2 2 2 2 2 2 2 2 2 2 2 2 2 2 2 2 2 2 2 2 2
left_child=1 2 3 4 5 6 -1 -3 9 -2 -11 12 -12 14 15 -13 -16 18 19 -10 -19 22 -22 26 25 -25 -23 -28 29 -26
right_child=8 7 -4 -5 -6 -7 -8 -9 17 10 11 13 -14 -15 16 -17 -18 20 -20 -21 21 23 -24 24 28 -27 27 -29 -30 -31
leaf_value=0.029045603784305679 -0.10600392628024234 -0.11797858118027577 -0.10989390372250017 0.10002845455712202 -0.13668943832044886 0.056128071501146827 -0.11035276722885382 0.08327367448585514 0.035275736463014289 0.1187909161903753 0.03893340367962745 -0.019045273516759206 -0.13066663145090951 0.099242877929869758 -0.14283107570250506 0.103377428106162 0.093509228984828663 0.064438424264595215 0.059135253513803387 -0.099793138142012947 0.018512925276174604 0.083883704014394628 -0.14004518696140003 0.10772758059457044 0.1104962551415814 -0.11732287331008838 0.1125702360149536 -0.11338583026355263 0.0012703012263880595 -0.1135379453547931
leaf_weight=12.303102830424907 3.3205058230087152 5.5751099097542456 3.6735164597630492 4.2086984730558461 3.9769098799442864 13.647319798357783 7.1413980266079298 0.73717273585498322 2.5131130851805201 4.8180354833602896 7.1721397154033166 8.2807896211743408 6.6438469029963017 12.085725441575049 3.378872067667543 8.2649941369891149 1.0222366871312258 7.7534138411283484 3.5034138909541062 8.7154131475836021 4.0406221644952875 8.2151604816317541 5.6137867271900177 2.1203266382217398 3.0796791315078726 9.1472674193792027 1.3690104782581323 2.3366479873657227 905.03807165334001 8.1930008244235051
leaf_count=165 149 156 207 20 68 75 284 17 27 11 29 39 56 39 81 17 12 43 54 134 43 20 129 8 9 207 4 62 8113 469
internal_value=-0.00012917 -0.0153597 -0.00424982 0.00515206 -0.00561999 0.0101317 -0.0221514 -0.0944756 0.000631348 0.0207424 0.0288881 0.0196423 -0.042624 0.0456854 0.0147843 0.0421076 -0.0879368 -0.00050678 -0.0389569 -0.0695627 8.51747e-05 -0.000440512 -0.0736845 0.000312152 -0.000307272 -0.0749731 0.0485105 -0.0299091 0.000610871 -0.0523321
internal_weight=1077.89 51.2632 44.9509 41.2774 37.0687 33.0918 19.4445 6.31228 1026.63 54.9871 51.6666 46.8486 13.816 33.0326 20.9469 16.5458 4.40111 971.639 14.7319 11.2285 956.907 949.154 9.65441 939.499 927.578 11.2676 11.9208 3.70566 916.311 11.2727
internal_count=10747 992 819 612 592 524 449 173 9755 433 284 273 85 188 149 56 93 9322 215 161 9107 9064 172 8892 8806 215 86 66 8591 478
is_linear=0
shrinkage=0.1


Tree=70
num_leaves=31
num_cat=2
split_feature=1 1 0 1 1 3 3 3 1 1 1 3 1 2 1 2 3 0 2 1 1 2 1 1 2 1 3 3 1 1
split_gain=1.23846 1.78198 3.39359 1.52959 5.48295 1.99373 1.48602 27.7372 12.5582 25.8998 8.73903 9.28175 8.78736 12.7478 9.78622 7.65543 7.54951 15.8607 9.18962 14.5477 8.03529 7.08707 9.44308 6.07559 14.2172 6.43252 6.0622 15.5241 11.1337 11.9244
threshold=572.55600000000015 558.99750000000006 0 557.74300000000005 556.06450000000007 39.877500000000005 39.256000000000007 41.767500000000005 515.25800000000015 513.03950000000009 544.85300000000018 45.46200000000001 527.91750000000013 108.09250000000002 526.87050000000011 110.01800000000001 38.114000000000011 1 109.69350000000001 489.32700000000006 555.80550000000005 109.35450000000002 546.45950000000005 521.3995000000001 109.22450000000002 543.40900000000011 35.598500000000008 36.621500000000005 511.07250000000005 476.48650000000004
decision_type=2 2 1 2 2 2 2 2 2 2 2 2 2 2 2 2 2 1 2 2 2 2 2 2 2 2 2 2 2 2
left_child=1 3 -3 4 6 -5 16 8 9 -8 12 21 14 -14 -9 -13 18 -18 20 -20 26 22 -12 -19 -25 -26 -1 28 29 -28
right_child=-2 2 -4 5 -6 -7 7 10 -10 -11 11 15 13 -15 -16 -17 17 23 19 -21 -22 -23 -24 24 25 -27 27 -29 -30 -31
leaf_value=-0.0021758719258906257 0.050480867063159164 -0.0059716640157931305 -0.11661263779763512 -0.0047083894789244282 -0.11369543319726394 0.097628290021348554 -0.10945536388969 0.00078915437904946795 -0.13457847969936698 0.11780195364717519 0.1079065058986092 -0.11697339546818319 9.8778114287802551e-05 -0.12355619727618775 0.09411246453609487 0.040150576511777517 -0.11913308263951282 0.10000959978434971 0.088510289385390184 -0.12198121700239313 -0.17380198874951283 0.11045231857730925 -0.12935437241149303 -0.12577250375672164 0.13091194643929047 0.013633277671079186 0.07777357688604597 -0.02312955710904219 0.085112921629357657 -0.12364116560384586
leaf_weight=333.04135597147979 4.8135720714926711 10.339728374965489 3.7877705388236764 3.9392412472516289 4.2398811574093989 3.6841872818768024 13.756411123089494 414.37792441312922 21.443817371036857 7.8918296806514254 3.4355817586183575 5.1026791809126717 21.034857428167015 13.811006349977104 11.549791142344473 7.904272397980094 5.5109333582222462 20.907148050144315 4.3484509150730473 13.405800674110649 2.5551318638026705 20.477948777377605 3.2780919522047043 4.8949051722884205 8.3698947429657 10.599023364484308 5.7657272524666023 36.765726521611214 42.194451577961445 5.9962374586611986
leaf_count=3437 41 75 212 29 123 12 286 3773 376 17 13 110 412 357 57 41 92 75 78 272 35 44 38 66 12 38 34 361 133 98
internal_value=-0.000127998 -0.000356866 -0.035636 0.000117678 -0.000208638 0.044748 0.000254731 -0.00335122 -0.0803377 -0.0266091 0.00327091 0.0479869 -0.00063018 -0.0489113 0.00331978 -0.0214898 0.00422328 0.0409482 6.49487e-05 -0.0704267 0.00300061 0.0812207 -0.00794109 0.0606529 0.0261724 0.0653816 0.00406666 0.026983 0.0611296 -0.0249075
internal_weight=1069.22 1064.41 14.1275 1050.28 1042.66 7.62343 1038.42 544.064 43.0921 21.6482 500.972 40.1986 460.774 34.8459 425.928 13.007 494.355 50.2819 444.073 17.7543 426.319 27.1916 6.71367 44.771 23.8638 18.9689 423.763 90.7221 53.9564 11.762
internal_count=10747 10706 287 10419 10378 41 10255 5524 679 303 4845 246 4599 769 3830 151 4731 283 4448 350 4098 95 51 191 116 50 4063 626 265 132
cat_boundaries=0 1 2
cat_threshold=4 2
is_linear=0
shrinkage=0.1


Tree=71
num_leaves=31
num_cat=1
split_feature=2 1 3 3 1 1 1 2 0 2 1 3 2 3 3 3 1 3 2 2 2 2 3 1 3 3 2 3 3 1
split_gain=1.19324 5.54242 5.22686 4.37449 4.35237 11.8393 7.62472 9.55215 9.21888 9.47069 5.90945 4.64067 4.89573 4.60722 5.709 17.0668 7.36576 8.43643 5.33508 4.07326 9.9576 3.75459 6.7507 9.00775 3.10397 2.59717 3.54329 2.94239 9.4394 2.78696
threshold=106.42100000000001 469.91500000000008 23.750000000000004 24.339500000000005 498.53950000000003 482.93900000000008 511.27300000000008 105.83550000000001 0 105.944 518.60800000000006 35.466500000000003 105.65650000000001 33.58850000000001 33.247000000000007 32.066500000000012 480.75650000000007 31.245000000000001 104.87250000000002 105.12650000000001 105.90250000000002 104.58200000000001 59.897000000000013 510.90500000000003 25.657000000000004 67.322500000000005 106.62350000000002 63.180500000000002 62.926500000000011 509.47450000000009
decision_type=2 2 2 2 2 2 2 2 1 2 2 2 2 2 2 2 2 2 2 2 2 2 2 2 2 2 2 2 2 2
left_child=4 -2 -3 -4 5 13 7 21 -8 11 -11 12 -10 14 15 16 17 18 -1 -20 -21 -6 23 -23 -5 27 -27 28 -26 -29
right_child=1 2 3 24 6 -7 8 -9 9 10 -12 -13 -14 -15 -16 -17 -18 -19 19 20 -22 22 -24 -25 25 26 -28 29 -30 -31
leaf_value=-0.1096861397241759 -0.11254678579081245 -0.10514120132881771 0.085299362924597721 -0.10913115953314592 0.10941872024326452 -0.11822883931595561 -0.11435705821412551 0.099999737261981289 -0.13261835204174308 0.026429638959244658 -0.12434927573473642 0.083845550446565817 0.045510084868406672 -0.12051859876349276 0.076825585795667464 -0.13656978040299481 0.091006057171865939 -0.16618152135240613 0.074231858663877839 -0.098095387967492467 0.042991247346597372 -0.1292910850092536 0.054213319502470353 0.11624820422765439 -0.00047431678757452861 -0.17347371279831786 -0.013624606749272003 0.062369220317877339 -0.20292248968336227 -0.041729011816720583
leaf_weight=3.3029589876532546 4.4769444966805159 4.7935733341146252 5.9113368869293472 2.647381172515451 2.8182171285152462 8.7663329718634468 6.6527874597813934 21.715427346527576 2.3471897728741196 4.4262256100773794 6.297842055093497 14.970394913572816 4.5031086364760995 2.8245439636521033 10.750700697302817 8.17656661570072 11.122024789452551 2.8681436628103247 10.803358780220149 7.1861439850181368 16.462182051502168 6.8059141719713825 7.4550285860896102 1.914328336715698 849.90782650897745 2.0257114991545668 4.3960407497361302 13.077006723731758 2.3093778770416966 3.201473210938274
leaf_count=111 312 451 66 97 9 157 231 70 24 15 117 100 37 62 29 73 35 22 99 201 114 111 27 4 7968 12 52 56 41 44
internal_value=-0.000127591 -0.00156101 -0.00100164 -0.000436596 0.00776344 -0.00838264 0.0243857 0.0546971 -0.00709443 0.0148322 -0.0621172 0.0526499 -0.0155239 0.0047193 0.00972467 -0.00231413 0.0189006 -0.000841049 0.0117195 0.023359 0.000118493 0.00290209 -0.0156563 -0.0753886 -0.00101412 -0.000686972 -0.0640483 -0.000218472 -0.00102292 0.0418963
internal_weight=1054.92 892.747 888.27 883.476 162.169 82.263 79.9065 40.7089 39.1975 32.5448 10.7241 21.8207 6.8503 73.4966 70.6721 59.9214 51.7448 40.6228 37.7546 34.4517 23.6483 18.9935 16.1753 8.72024 877.565 874.917 6.42175 868.496 852.217 16.2785
internal_count=10747 9099 8787 8336 1648 903 745 221 524 293 132 161 61 746 684 655 582 547 525 414 315 151 142 115 8270 8173 64 8109 8009 100
cat_boundaries=0 1
cat_threshold=2
is_linear=0
shrinkage=0.1


Tree=72
num_leaves=31
num_cat=1
split_feature=1 1 2 1 2 1 3 3 3 1 3 3 2 2 3 1 3 3 1 1 1 3 2 1 3 3 3 1 0 2
split_gain=1.09784 1.47992 3.37815 2.73852 1.41087 4.27411 2.73341 3.38769 5.13227 1.6663 1.62244 6.8168 9.54375 11.2135 6.8166 8.95735 6.57725 8.24301 8.84943 15.9032 22.5819 11.283 10.6308 9.26799 10.1498 7.38349 7.04628 6.94153 6.52515 6.27847
threshold=572.55600000000015 558.99750000000006 108.71050000000001 564.24250000000018 110.66050000000001 492.21850000000001 56.223000000000006 52.105000000000004 50.552500000000002 513.03950000000009 52.105000000000004 51.040500000000002 105.12650000000001 108.69550000000001 50.702000000000005 509.61100000000005 52.921000000000006 53.425500000000007 516.19850000000008 513.90000000000009 510.90500000000003 57.483500000000006 107.98450000000001 541.58000000000015 57.483500000000006 58.576500000000003 58.010500000000008 520.97250000000008 0 108.444
decision_type=2 2 2 2 2 2 2 2 2 2 2 2 2 2 2 2 2 2 2 2 2 2 2 2 2 2 2 2 1 2
left_child=1 4 -3 -4 10 -6 7 8 -7 -8 11 14 -13 -14 -1 -16 -12 -18 19 20 29 -22 -21 24 -20 -23 -26 -28 -15 -19
right_child=-2 2 3 -5 5 6 9 -9 -10 -11 16 12 13 28 15 -17 17 18 23 22 21 25 -24 -25 26 -27 27 -29 -30 -31
leaf_value=-0.0017493677006742651 0.048287798366191764 -0.11631717228585969 -0.08926992991456302 0.027621907515110945 0.059397822657595203 -0.11707877128628573 -0.035070064732810012 -0.14555021127912146 0.047004088610645332 0.081075812194287847 0.058747202699594263 0.11226921624583582 -0.14720338858345847 0.10579668247567486 -0.059619913258251778 0.086811488022656327 -0.090486200636735015 0.032003102661596512 -0.12814997403350173 -0.07067807261614778 -0.15078382576876601 0.075247453709015227 0.10168791671482967 0.066786334195178557 0.083890964367928866 -0.12370602888972181 -0.12325945312626266 0.043431711325964496 -0.059930378158701517 -0.012645670789637513
leaf_weight=696.37389138230355 4.6635912209749213 3.5891109218355259 2.733937344979493 7.5090501382946968 4.6907245772890773 3.7909119199030119 2.990720607340335 4.3023554878309369 3.8343985378742218 2.104373331181705 22.798710602801293 3.0452792346477535 11.052311467938127 3.6181726350914669 5.4321435983292785 18.086055461317301 9.1624916628934425 91.159074970753863 13.305292359553279 4.1098244786262539 13.238352712243797 4.9340414293110362 27.660197906196117 6.6821197476238003 5.3376323729753485 2.9992148354649544 6.3166644638404232 4.1326684686355293 6.9187619779258966 48.119225551607087
leaf_count=7816 41 196 60 31 53 126 25 82 11 24 100 9 130 15 47 72 83 502 247 31 135 18 101 76 21 38 150 117 55 335
internal_value=-0.000122425 -0.000339502 -0.0328308 -0.00357748 9.84494e-05 -0.025121 -0.0484106 -0.0746007 -0.0345695 0.0129005 0.000643607 -0.00173117 -0.0534575 -0.0768341 3.8894e-05 0.0529893 0.00744509 0.00251324 0.00625064 0.0147499 0.00195075 -0.0942714 0.0793904 -0.039417 -0.0638106 3.19033e-05 -0.00958516 -0.0573338 -0.00302302 0.0165774
internal_weight=1044.69 1040.03 13.8321 10.243 1026.2 21.7135 17.0228 11.9277 7.62531 5.09509 1004.48 744.527 24.6345 21.5892 719.892 23.5182 259.956 237.157 227.994 192.22 160.45 21.1716 31.77 35.7744 29.0923 7.93326 15.787 10.4493 10.5369 139.278
internal_count=10747 10706 287 91 10419 321 268 219 137 49 10098 8144 209 200 7935 119 1954 1854 1771 1160 1028 191 132 611 535 56 288 267 70 837
cat_boundaries=0 1
cat_threshold=1
is_linear=0
shrinkage=0.1


Tree=73
num_leaves=31
num_cat=1
split_feature=3 1 1 2 3 1 2 3 2 3 3 3 1 3 1 1 3 2 3 2 2 3 1 1 1 1 1 0 1 3
split_gain=1.21335 9.77208 7.6225 5.89743 4.99463 6.7216 3.96515 3.08942 4.30876 8.92704 6.74327 2.72557 11.3926 11.4043 10.7509 8.37906 2.72093 4.83229 2.70996 7.37354 2.88877 2.41962 2.29991 17.0362 16.2173 12.1043 10.3484 15.7533 10.0156 18.3779
threshold=60.406000000000006 510.62400000000008 507.94700000000006 107.12550000000002 64.626500000000007 506.68350000000004 106.67750000000002 57.483500000000006 107.95350000000001 59.897000000000013 57.733500000000006 55.81900000000001 514.31400000000019 57.208000000000006 516.86150000000009 541.58000000000015 58.576500000000003 109.04700000000001 55.328500000000012 108.58350000000002 108.89250000000001 59.123500000000007 509.61100000000005 509.21000000000009 511.87950000000006 512.61000000000013 513.6020000000002 0 517.42200000000014 53.425500000000007
decision_type=2 2 2 2 2 2 2 2 2 2 2 2 2 2 2 2 2 2 2 2 2 2 2 2 2 2 2 1 2 2
left_child=7 2 3 4 -2 6 -6 11 9 10 -9 18 13 -13 -14 -16 -10 21 22 -20 -21 -18 23 -1 -24 -26 27 -27 29 -28
right_child=1 -3 -4 -5 5 -7 -8 8 16 -11 -12 12 14 -15 15 -17 17 -19 19 20 -22 -23 24 -25 25 26 28 -29 -30 -31
leaf_value=-0.002713106622792642 0.055941693202266746 -0.11433021933793841 0.093919011977100578 -0.13564836432298744 -0.16744630956006373 0.054503491734666509 -0.025274042569419505 0.071486585185981652 0.059405900962320374 0.060404742225052981 -0.14341664409964716 -0.12516056755561006 0.10827018899265835 0.0099014284450165066 -0.12150362719934815 0.070915175009889517 0.00048390940492558387 -0.092717297004351107 0.07944929598167616 0.033639321239655323 -0.1356014957685753 0.089523064598783467 0.054091057143007416 -0.13234551550866225 -0.14139509723454366 -0.12056440056824753 -0.077588334171221671 0.098405581239439363 0.0018836792910690223 0.053979350005937871
leaf_weight=350.5532386364066 9.3544952124357277 8.2441878877580148 7.7813242673873892 3.712292202981188 3.9672783277928811 4.6571790352463722 3.8804283514618874 1.9017041698098163 26.138466064818203 6.9795150086283675 6.2878371388651431 14.863081690855326 9.5934989750385302 10.790522962808607 5.5061029363423568 3.8423335924744606 7.4582703746855277 3.7234654836356631 12.404969948343934 1.609973701648413 2.6999149154871702 5.1659700274467468 57.310047147795558 10.439753387123345 6.1762729128822675 3.9178782189264894 41.194973693229258 20.355252178385857 369.03478792170063 14.303154918365179
leaf_count=4014 29 291 30 80 29 12 18 7 124 39 117 222 39 39 95 20 35 34 41 11 32 16 291 101 82 94 430 44 4262 69
internal_value=-0.000109507 -0.0168414 0.00725592 -0.0191152 0.000675161 -0.0406679 -0.0971469 0.000591927 0.0230576 -0.0226935 -0.0935137 -0.000793984 -0.0249189 -0.0683502 0.0339014 -0.0424169 0.0393924 0.00739265 0.000414852 0.0403002 -0.072381 0.0369197 -0.000348562 -0.00646202 0.00395936 -0.00235528 -0.000441878 0.0630621 -0.00407278 -0.0436803
internal_weight=1033.85 41.5972 33.353 25.5717 21.8594 12.5049 7.84771 992.251 57.6552 15.1691 8.18954 934.596 44.5955 25.6536 18.9419 9.34844 42.4862 16.3477 890 16.7149 4.30989 12.6242 873.285 360.993 512.292 454.982 448.806 24.2731 424.533 55.4981
internal_count=10747 489 198 168 88 59 47 10258 372 163 124 9886 415 261 154 115 209 85 9471 84 43 51 9387 4115 5272 4981 4899 138 4761 499
cat_boundaries=0 1
cat_threshold=2
is_linear=0
shrinkage=0.1


Tree=74
num_leaves=31
num_cat=0
split_feature=3 1 1 2 1 2 3 2 2 3 1 1 1 3 3 1 3 1 3 1 1 3 2 1 1 1 1 3 3 3
split_gain=1.02293 8.78137 6.68467 5.23164 6.20223 3.23452 2.59892 3.7055 6.32811 3.95168 3.55128 5.07468 3.07238 6.32906 3.30485 2.86144 2.37002 9.7931 10.404 9.6401 7.38595 2.31706 7.43252 1.98183 1.87624 14.6161 13.4785 14.2478 29.572 11.0072
threshold=60.406000000000006 510.62400000000008 507.94700000000006 107.12550000000002 503.89900000000006 106.70450000000001 57.483500000000006 108.01250000000002 106.75750000000001 57.733500000000006 507.67200000000008 515.67050000000006 518.29650000000004 59.123500000000007 58.576500000000003 504.54900000000004 55.81900000000001 514.31400000000019 57.208000000000006 516.86150000000009 541.58000000000015 55.328500000000012 108.59950000000002 566.59900000000005 509.61100000000005 509.21000000000009 513.6020000000002 40.527500000000011 50.262000000000008 36.264500000000005
decision_type=2 2 2 2 2 2 2 2 2 2 2 2 2 2 2 2 2 2 2 2 2 2 2 2 2 2 2 2 2 2
left_child=6 2 3 4 -2 -6 16 8 -8 -10 -11 -12 14 23 15 -9 21 18 -18 -19 -21 24 -23 -14 25 -1 27 29 -29 -26
right_child=1 -3 -4 -5 5 -7 7 12 9 10 11 -13 13 -15 -16 -17 17 19 -20 20 -22 22 -24 -25 26 -27 -28 28 -30 -31
leaf_value=-0.0024411822687623371 0.10130395608789454 -0.11291387151417104 0.091944583742763375 -0.13175596062379596 0.00079649804772401851 -0.094907618114604769 0.10379438609503955 0.012361625483083139 0.075590190006816993 -0.13730517225008948 0.034273343135668988 -0.13164169507417839 -0.1315870480999872 0.078405139179976879 -0.0063920799408083333 0.098114337862321502 -0.12245612102279552 0.10744096921758638 0.0089613829030028638 -0.11927044385290264 0.06697602319484855 0.076339210709806052 -0.084408329427241843 -0.01223692838241275 -0.038512173121914794 -0.12539227902154321 -0.0036767544148620483 -0.1148689946247 0.060753637029630249 0.10249458796859022
leaf_weight=350.63674205518328 4.7828004471957746 7.5484299492090932 7.1843968480825415 3.453118003671988 11.864313043653967 5.0279944464564315 3.593478394206616 5.192714072763926 2.3232378587126723 4.5141888284124416 5.052760262042284 2.9024047199636698 3.1183503381907922 4.7489030584692955 6.2400298528373233 15.525770105421541 13.730359598062934 8.7441280782222766 10.733355619013308 5.0706127658486349 3.6706627532839775 12.126542492769657 3.7708143554627886 2.5121235586702824 6.5413057021796694 9.9428321328014118 423.46923995006364 14.825017306488006 27.140420665964484 36.022938556969166
leaf_count=4014 22 291 30 80 41 25 27 35 8 69 17 62 34 14 35 55 222 39 39 95 20 42 42 16 53 101 4761 264 110 84
internal_value=-9.97405e-05 -0.0158037 0.0068818 -0.0174385 0.000773769 -0.0276898 0.000537615 0.0215121 -0.0152358 -0.0441512 -0.0664609 -0.02626 0.0396077 -0.00662244 0.0574069 0.076622 -0.00072399 -0.0239488 -0.0647972 0.033202 -0.0410613 0.000377521 0.0382103 -0.0783371 -0.000314922 -0.00583151 0.00360077 0.0400591 -0.0012881 0.0808246
internal_weight=1022.01 39.8611 32.3126 25.1282 21.6751 16.8923 982.149 55.724 18.3861 14.7926 12.4694 7.95516 37.3379 10.3794 26.9585 20.7185 926.425 41.9491 24.4637 17.4854 8.74128 884.476 15.8974 5.63047 868.578 360.58 507.999 84.5297 41.9654 42.5642
internal_count=10747 489 198 168 88 66 10258 372 183 156 148 79 189 64 125 90 9886 415 261 154 115 9471 84 50 9387 4115 5272 511 374 137
is_linear=0
shrinkage=0.1


Tree=75
num_leaves=31
num_cat=3
split_feature=3 2 1 1 3 1 0 2 2 1 3 0 1 2 3 1 1 3 2 0 2 3 2 1 1 3 3 2 1 3
split_gain=0.957498 5.91294 4.64584 8.98044 8.15944 6.19467 8.31649 6.22883 5.12448 4.97855 15.4793 4.72717 5.40857 4.79381 7.32065 4.59212 3.7931 3.45254 7.95687 3.2654 3.25207 3.15657 3.02997 2.8358 12.2474 11.1537 17.6846 9.32387 9.83372 25.3637
threshold=29.868500000000001 109.66850000000001 543.40900000000011 519.99200000000008 29.470000000000002 500.29100000000005 0 104.87250000000002 108.17850000000001 526.38000000000011 28.717500000000005 1 475.85200000000003 105.998 21.781000000000002 469.91500000000008 572.55600000000015 30.784500000000005 109.37650000000001 2 104.58200000000001 29.600500000000004 106.26150000000001 511.87950000000006 512.61000000000013 33.111500000000007 31.027500000000003 105.40850000000002 510.90500000000003 53.611000000000011
decision_type=2 2 2 2 2 2 1 2 2 2 2 1 2 2 2 2 2 2 2 1 2 2 2 2 2 2 2 2 2 2
left_child=1 2 3 5 -4 7 20 -1 -6 -5 -11 12 13 14 -9 -2 17 18 -17 -12 -7 -16 -22 27 -25 26 -26 -19 -29 -30
right_child=15 -3 4 9 8 6 -8 11 -10 10 19 -13 -14 -15 21 16 -18 23 -20 -21 22 -23 -24 24 25 -27 -28 28 29 -31
leaf_value=-0.10923116516665597 -0.11217579309370709 -0.11337331820617538 -0.10577387967717894 0.091129663746022521 0.10083873453113162 0.1085010037934912 -0.12330208772221236 0.082383100914946869 -0.068382226283411437 -0.10144827531775782 0.032125682571010276 -0.10625067739558576 0.085443715390848884 0.060838040689946464 -0.1099530163301816 -0.10458333589044798 0.10628224071111794 -0.12398034438047481 0.041123435210013999 0.12311182527203045 -0.09932576673028487 0.03300409268807851 0.042294301039253766 -0.10732099434643666 0.047529365269275758 0.0013477130448556083 -0.11432004385549871 0.0025749882392358389 0.096514718313883183 -0.13869761439404979
leaf_weight=3.6588882408104828 3.7149733377736984 3.8755167906638226 8.4201632764888945 20.131870552897453 4.7473905384540549 2.5868334174156189 8.8414488891139627 3.9209561683237579 2.8722363188862801 6.9545540087856379 7.8871745616197568 2.4852057681418946 13.885627556592224 9.4168967199511808 7.4447548631578666 9.5803117302712035 3.2979588806629172 5.5068462165072551 6.1561688072979441 7.8905963897705078 2.8961260765790939 1.9488949328660963 3.1581561155617237 11.634342556353657 10.037158829160036 383.72944774664938 20.620894513151143 399.58026630291715 28.473589673638344 5.4643124826252452
leaf_count=124 259 155 596 86 11 9 160 37 62 117 28 141 70 106 251 263 15 92 43 17 19 6 29 127 54 3835 396 3482 86 71
internal_value=-8.24695e-05 0.00818543 0.0121394 0.0199277 -0.0379258 -0.0049663 -0.0551168 0.0155373 0.0370505 0.0549151 0.0228432 0.0272122 0.0362703 0.00623251 -0.0323878 -0.00122817 -0.000761955 -0.00116277 -0.0475823 0.0776286 0.0146493 -0.0802938 -0.0254511 -0.000318326 -0.00613061 -0.00328959 -0.0613321 0.00532181 0.00696429 0.0586434
internal_weight=1010.82 123.023 119.148 103.108 16.0398 60.2438 17.4826 42.7612 7.61963 42.8642 22.7323 39.1023 36.6171 22.7315 13.3146 887.796 884.081 880.783 15.7365 15.7778 8.64112 9.39365 6.05428 865.047 426.022 414.388 30.6581 439.025 433.518 33.9379
internal_count=10747 2024 1869 1200 669 952 217 735 73 248 162 611 470 400 294 8723 8464 8449 306 45 57 257 48 8143 4412 4285 450 3731 3639 157
cat_boundaries=0 1 2 3
cat_threshold=1 4 1
is_linear=0
shrinkage=0.1


Tree=76
num_leaves=31
num_cat=1
split_feature=2 2 1 1 3 1 3 1 1 3 3 2 3 3 1 2 1 1 3 1 3 1 1 1 0 1 3 3 1 3
split_gain=0.936103 6.23972 6.88274 13.3928 7.83512 16.8517 11.8901 6.68868 10.8059 7.58878 7.36025 6.60202 5.96258 7.34542 5.15456 5.1307 8.06956 8.3007 16.9713 6.34161 5.30184 10.0329 5.08602 11.3728 6.67936 4.864 4.8326 4.76989 4.57644 7.08079
threshold=109.37650000000001 109.60350000000001 545.39700000000005 515.67050000000006 42.125500000000009 555.06650000000002 35.669500000000006 507.47300000000007 494.94550000000004 51.415000000000006 48.049500000000002 109.69350000000001 45.46200000000001 49.488500000000009 546.45950000000005 110.27350000000001 511.65700000000004 509.47450000000009 50.262000000000008 514.99550000000011 55.016000000000005 508.09650000000005 546.76050000000009 549.12350000000004 0 555.80550000000005 31.121000000000006 54.812000000000005 544.85300000000018 36.754500000000007
decision_type=2 2 2 2 2 2 2 2 2 2 2 2 2 2 2 2 2 2 2 2 2 2 2 2 1 2 2 2 2 2
left_child=22 25 3 7 5 6 -4 8 9 26 -9 -10 -6 14 -14 20 17 18 -17 -18 -12 -22 28 -24 -25 -2 -3 -20 -1 -30
right_child=1 2 4 -5 12 -7 -8 10 11 -11 15 -13 13 -15 -16 16 19 -19 27 -21 21 -23 23 24 -26 -27 -28 -29 29 -31
leaf_value=-0.00077209547059879939 0.033977763016257552 -0.11201736068509316 0.066427929281816553 -0.078338803602791426 0.10537638591707453 0.068328198595774978 -0.18516592241453397 -0.11264164256562526 0.0045390462341997938 -0.125920826081517 0.10437149925953702 -0.12693219360768121 0.06633912178422563 0.1175979606362154 -0.12647830078700986 0.08950828879596795 -0.15272514958018146 0.098596267725485076 -0.23525099069715641 0.056383852950629379 0.11358978881869297 -0.14477178739992308 -0.11814065810386212 0.048149194628568641 -0.02860965453500855 -0.091611696952887373 0.062429750142319745 -0.058030996652074965 0.073576297065139101 -0.044017891908390956
leaf_weight=655.99372115120059 74.189218774088658 1.7702631681459085 2.5919725731946546 28.208460450638086 14.913081496953966 10.504981342703102 6.8229820653796196 3.7401501196436575 5.4522735578939345 3.0824011247605076 14.424806680530311 12.755214537959544 2.0955622717738134 3.6512102782726288 4.097072830889374 6.7146774567663723 4.7545574684627345 10.877985030412672 2.8530909717082977 2.0868370607495308 3.2138468623161307 2.8235594555735588 11.512141319923101 15.011280463077128 46.308484646433499 3.2175476234406224 15.424777991342124 3.2473464161157608 19.048253017943356 7.00298530422151
leaf_count=7003 454 76 23 564 32 36 57 92 43 54 59 218 5 11 64 28 82 30 28 13 8 34 357 108 948 43 111 18 89 59
internal_value=-8.28585e-05 0.00530837 -0.00561901 -0.0179661 0.02794 -0.0187459 -0.115901 0.000302395 -0.0316429 0.0185687 0.0227628 -0.0875628 0.0655044 0.00509982 -0.0612297 0.0326935 0.00672787 0.0343521 -0.0201809 -0.0889404 0.0714403 -0.00724012 -0.001822 -0.0269407 -0.00981884 0.0287574 0.0444701 -0.140914 0.000860286 0.0419651
internal_weight=998.391 243.514 166.107 121.43 44.6769 19.9199 9.41495 93.2218 38.4849 20.2774 54.7369 18.2075 24.7569 9.84385 6.19264 50.9967 30.5345 23.6931 12.8151 6.84139 20.4622 6.03741 754.877 72.8319 61.3198 77.4068 17.195 6.10044 682.045 26.0512
internal_count=10747 2183 1686 1458 228 116 80 894 502 241 392 261 112 80 69 300 199 104 74 95 101 42 8564 1413 1056 497 187 46 7151 148
cat_boundaries=0 1
cat_threshold=4
is_linear=0
shrinkage=0.1


Tree=77
num_leaves=31
num_cat=1
split_feature=3 3 2 2 0 3 2 1 1 3 2 1 1 2 2 3 1 1 2 1 1 3 2 1 2 1 2 3 1 2
split_gain=1.01384 5.70491 4.8805 4.40305 6.64737 8.10235 4.69728 6.94305 8.98521 12.1875 8.76515 6.18846 14.0467 3.91949 3.34468 5.33782 4.98739 10.6801 3.29519 3.22361 2.88821 2.54083 3.82511 2.49579 8.29605 7.77574 13.3377 7.18395 19.6479 15.2532
threshold=30.012000000000004 30.784500000000005 109.73850000000002 108.90550000000002 0 28.717500000000005 108.1915 519.99200000000008 526.87050000000011 29.470000000000002 106.35850000000001 533.11100000000022 536.79450000000008 109.37650000000001 106.04650000000002 21.781000000000002 476.48650000000004 475.85200000000003 105.90250000000002 572.55600000000015 469.91500000000008 19.029500000000002 104.48200000000001 515.93200000000013 105.40850000000002 517.42200000000014 106.67750000000002 42.125500000000009 539.25150000000019 105.46300000000001
decision_type=2 2 2 2 1 2 2 2 2 2 2 2 2 2 2 2 2 2 2 2 2 2 2 2 2 2 2 2 2 2
left_child=2 13 3 6 -5 -6 7 10 -9 -10 14 -8 -13 -2 15 21 17 18 -17 20 -3 22 -1 24 -22 26 -25 28 29 -27
right_child=1 19 -4 4 5 -7 11 8 9 -11 -12 12 -14 -15 -16 16 -18 -19 -20 -21 23 -23 -24 25 -26 27 -28 -29 -30 -31
leaf_value=0.062336393323359156 -0.1148385297460751 -0.11064706452627689 -0.11136372995801079 0.11034358083227172 -0.11608678120306887 0.065638679056685342 -0.12355584055670643 0.10485932831764888 -0.10865236031073498 0.10099995375550848 -0.11923722292686333 0.11878468143697996 -0.10703654442339568 0.0087413496199947819 0.049805273245411411 -0.1139565634702648 -0.1254764188088385 0.097128337011281665 -0.0012648715872984211 0.10538404368056604 -0.11857053280250239 0.088348939185943748 -0.12055273169353531 0.11165978178827081 0.0052971057630995973 0.031376490931756255 -0.096568429327973881 0.013825894087916775 0.00064696885462979569 -0.11992903798063431
leaf_weight=2.9717350341379625 7.373775875894351 2.3823184446082442 3.3021433621179304 10.367382973432541 3.9303766869707033 6.5291731609031558 6.2770699230022755 15.274431588128211 6.085295999189837 5.0937430262565613 6.2251298064365974 5.2720716893672925 5.7683033979265019 3.9365964904427528 13.156171005219219 6.7254436886869424 5.0691690267994991 5.8238290883600703 4.2246908694505692 2.8744294941425315 5.4649437721818677 6.3022715225815773 1.8589401114732025 3.66070029139519 509.90362418512814 8.8477394040673953 19.262424035929143 140.27492977492511 136.47428834828315 26.978865000419319
leaf_count=20 266 220 153 36 71 41 123 73 412 12 176 10 329 35 82 286 103 29 28 15 104 42 42 11 4326 60 209 1777 1120 536
internal_value=-7.7069e-05 -0.00126999 0.00852766 0.0119127 0.0535977 -0.00264815 0.00288133 0.0132434 0.0550004 -0.013124 -0.00785427 -0.044276 0.000799075 -0.0718263 0.00717585 -0.00983163 -0.0385547 -0.0122865 -0.0704788 -0.000337862 -0.000694018 0.0465237 -0.00804299 -0.000386164 0.00398362 -0.0070987 -0.0633155 -0.00297597 -0.0166548 -0.0825626
internal_weight=987.692 867.435 120.257 116.955 20.8269 10.4595 96.1283 78.8109 26.4535 11.179 52.3574 17.3174 11.0404 11.3104 46.1323 32.9761 21.8431 16.774 10.9501 856.124 853.25 11.1329 4.83068 850.868 515.369 335.499 22.9231 312.576 172.301 35.8266
internal_count=10747 8679 2068 1915 148 112 1767 1305 497 424 808 462 339 301 632 550 446 343 314 8378 8363 104 62 8143 4430 3713 220 3493 1716 596
cat_boundaries=0 1
cat_threshold=4
is_linear=0
shrinkage=0.1


Tree=78
num_leaves=31
num_cat=1
split_feature=0 3 3 3 1 3 3 3 3 3 1 3 3 1 1 1 1 1 3 3 2 3 3 3 3 3 3 2 1 3
split_gain=0.947625 9.1562 8.98592 10.0132 5.91087 5.86529 6.73719 9.87971 5.31689 7.10657 4.86853 4.56318 4.56258 4.77899 6.22193 10.4044 7.56616 8.89626 7.77326 9.82108 6.69664 6.86325 13.4022 11.2801 6.50181 5.58686 22.6819 15.2592 14.5874 18.3475
threshold=0 43.214500000000008 37.915500000000002 36.264500000000005 514.52650000000006 43.703500000000012 45.908500000000011 46.067500000000003 47.310500000000012 47.631000000000007 527.13300000000015 29.470000000000002 47.907500000000006 517.73350000000016 517.42200000000014 516.19850000000008 514.31400000000019 511.87950000000006 49.653500000000008 50.262000000000008 107.91750000000002 54.317500000000003 48.89350000000001 53.797000000000004 57.483500000000006 57.208000000000006 53.707000000000008 110.12350000000002 509.61100000000005 50.702000000000005
decision_type=1 2 2 2 2 2 2 2 2 2 2 2 2 2 2 2 2 2 2 2 2 2 2 2 2 2 2 2 2 2
left_child=1 2 3 10 -5 -3 -7 -8 -9 -10 -1 -12 -11 14 15 16 17 18 -14 -20 -18 22 -22 -24 -19 26 28 -28 29 -21
right_child=-2 5 -4 4 -6 6 7 8 9 12 11 -13 13 -15 -16 -17 20 24 19 25 21 -23 23 -25 -26 -27 27 -29 -30 -31
leaf_value=-0.11592544950992641 0.0021952581332552695 0.06815560487335616 -0.11021460419723056 0.063877756312652231 -0.10891207857375172 -0.11532190980742418 0.16572316735902212 -0.10693231977175675 0.097198108144000345 -0.12972933452091237 0.052835855597094861 -0.10779146188828537 -0.10797811741677897 -0.041004424516093464 0.11392397318890818 -0.14126833782597117 -0.10124945063805775 -0.1109564801978529 0.085960173892540973 -0.19983967097761246 0.10137877483746321 0.10088996579741333 -0.22536401069962292 0.027775418689043381 0.016084173383318783 0.025193421446418913 -0.14055644891468164 0.020747473070785893 0.10886631001934877 0.012354759953668523
leaf_weight=9.7765416929032671 634.42729466664605 12.934329336509107 14.59961779322475 14.111157450824978 2.3028574842028311 5.0377709155436596 3.6097665277775368 4.6404738546116269 7.4695290401577941 2.7556292440276584 4.6131044751964501 2.8682386222644709 5.9604689201805732 25.989492323482409 5.0577583611011496 4.9727140143513671 2.8004168644547454 12.299540556035938 14.788139652460812 4.4997493713162831 7.5710617452859861 18.180631853640079 3.2931347899138927 3.7819634974002838 5.9907321492210022 55.866188616957515 18.978917348664258 8.4873284026980382 13.863132417201994 43.150405557535123
leaf_count=313 7146 64 345 55 82 194 35 176 45 60 43 113 171 465 14 71 28 182 40 44 17 80 35 20 56 275 231 48 38 261
internal_value=-8.8217e-05 -0.00434596 -0.0446909 -0.0162808 0.0396356 0.00232407 -0.000727362 0.00137952 -0.000814443 0.00103852 -0.069463 -0.00874633 -0.00174236 -0.000362165 0.00423948 0.00176823 0.00500851 -0.00316347 0.00414655 0.0083331 0.0471869 0.0598499 0.00890585 -0.0900494 -0.069346 0.000407705 -0.0151541 -0.090712 0.0185832 -0.00768341
internal_weight=974.678 340.251 48.2715 33.6719 16.414 291.979 279.045 274.007 270.397 265.757 17.2579 7.48134 258.287 255.532 229.542 224.485 219.512 183.885 165.594 159.634 35.6272 32.8268 14.6462 7.0751 18.2903 144.846 88.9795 27.4662 61.5133 47.6502
internal_count=10747 3601 951 606 137 2650 2586 2392 2357 2181 469 156 2136 2076 1611 1597 1526 1346 1108 937 180 152 72 55 238 897 622 279 343 305
cat_boundaries=0 1
cat_threshold=2
is_linear=0
shrinkage=0.1


Tree=79
num_leaves=31
num_cat=2
split_feature=2 3 3 1 1 1 3 3 3 1 0 1 3 1 1 3 3 1 3 1 2 1 1 0 1 3 1 3 3 2
split_gain=1.09304 4.4027 9.18061 5.0603 3.88976 3.11725 2.15366 6.85343 5.4942 9.31396 10.6859 4.2838 8.86349 11.6034 13.1161 8.09021 7.96243 7.82527 8.14136 6.18147 4.82441 5.36861 4.804 4.71033 16.6295 15.0275 9.77442 7.44648 5.65002 9.1811
threshold=110.36000000000001 51.234000000000002 56.223000000000006 512.36850000000015 545.39700000000005 508.26950000000005 52.105000000000004 52.921000000000006 51.040500000000002 516.42800000000011 0 516.19850000000008 53.425500000000007 513.90000000000009 510.90500000000003 57.483500000000006 57.483500000000006 541.58000000000015 57.483500000000006 505.45700000000005 109.41550000000002 520.97250000000008 543.64850000000013 1 507.81050000000005 65.88600000000001 503.50550000000004 55.81900000000001 64.626500000000007 107.21150000000002
decision_type=2 2 2 2 2 2 2 2 2 2 1 2 2 2 2 2 2 2 2 2 2 2 2 1 2 2 2 2 2 2
left_child=6 3 -3 5 -5 -2 8 -8 -1 -10 -11 12 19 14 23 -16 -15 18 -13 -9 21 -20 -19 24 28 -26 27 -25 29 -14
right_child=1 2 -4 4 -6 -7 7 11 9 10 -12 17 13 16 15 -17 -18 22 20 -21 -22 -23 -24 26 25 -27 -28 -29 -30 -31
leaf_value=-0.00046083168923030551 0.010855583628897889 -0.12668045416846993 0.015578725091515595 -0.12337714241890817 -0.0087526687720126915 0.090717188770167989 0.064407326957076363 0.042548985936750251 -0.12211755561888793 -0.13262567138587403 0.079782036634723802 -0.12302012166072601 0.10744239308424111 0.10801761992680436 -0.13478193614870015 0.0093979571596721472 -0.029022464074365064 0.093345251282741876 -0.11879536806747658 -0.1772021341824056 0.085205545103658256 0.044581362762089849 -0.029382345147662338 0.033344340549794675 -0.13494610836442364 0.10656054512839153 0.083716322494474762 -0.11631841990059349 -0.037008929267524374 0.013676014579721431
leaf_weight=658.43929060417577 16.140483696013693 8.8978771176189202 9.254729154519735 4.0365844087209544 11.105637070955707 7.0105017125606528 20.453569460427389 1.8545241433894251 10.016799297882246 3.4889691639691591 7.3749897759407741 11.277071721851827 13.944419452920554 19.282084584236149 10.259288359433414 6.2704592533409587 5.4349067620933047 6.7584767304360849 4.702805996173991 4.1323490738868713 3.9808901781216255 3.5143640669994056 6.0397747587412596 9.1769330203533155 13.3376801609993 3.1933742165565482 23.573216531425714 5.2129469634965053 12.575042597949503 41.579757146304473
leaf_count=8039 155 138 80 140 72 22 92 30 121 33 40 240 57 82 126 54 47 44 138 31 27 117 71 46 114 14 92 131 60 294
internal_value=-8.7812e-05 -0.0135891 -0.0541526 0.00563967 -0.039309 0.035039 0.000753467 0.00919665 -0.00206234 -0.0525633 0.0115671 0.0037175 0.0103804 0.0147475 0.0035304 -0.0800882 0.0778845 -0.0274775 -0.0617721 -0.109131 -0.00514857 -0.0489215 0.0354274 0.014805 0.00167668 -0.0882932 0.0440717 -0.0208732 0.0235168 0.0372246
internal_weight=962.32 56.4458 18.1526 38.2932 15.1422 23.151 905.874 226.554 679.32 20.8808 10.864 206.1 169.827 163.84 139.123 16.5297 24.717 36.2734 23.4751 5.98687 12.1981 8.21717 12.7983 122.593 84.6303 16.5311 37.9631 14.3899 68.0992 55.5242
internal_count=10747 607 218 389 212 177 10140 1907 8233 194 73 1815 1178 1117 988 180 129 637 522 61 282 255 115 808 539 128 269 177 411 351
cat_boundaries=0 1 2
cat_threshold=2 2
is_linear=0
shrinkage=0.1


Tree=80
num_leaves=31
num_cat=2
split_feature=3 1 1 2 3 1 2 1 1 3 2 2 3 3 0 1 1 3 1 0 3 3 3 1 3 1 1 3 3 3
split_gain=1.15977 6.70577 5.4982 3.46376 3.72079 5.03794 3.29515 2.13545 2.70573 2.10326 3.54116 6.36934 3.31045 5.45535 2.61827 2.37744 6.31875 3.15928 4.79947 1.79066 8.08181 11.7457 9.57113 17.7978 18.3526 8.6331 10.9501 6.91249 8.09146 7.68208
threshold=60.406000000000006 510.62400000000008 507.94700000000006 107.03550000000001 64.626500000000007 506.68350000000004 106.67750000000002 505.94500000000005 503.18500000000006 57.483500000000006 107.95350000000001 106.75750000000001 57.733500000000006 59.897000000000013 0 518.29650000000004 520.97250000000008 58.355500000000006 506.68350000000004 1 55.81900000000001 52.469500000000004 45.673500000000004 516.42800000000011 49.488500000000009 522.13800000000003 548.42400000000009 43.214500000000008 38.030000000000008 36.264500000000005
decision_type=2 2 2 2 2 2 2 2 2 2 2 2 2 2 1 2 2 2 2 1 2 2 2 2 2 2 2 2 2 2
left_child=9 2 3 4 -2 6 -6 8 -5 19 11 -11 -13 -14 15 17 -17 -12 -19 27 21 22 -21 -24 -25 -26 -27 28 29 -1
right_child=1 -3 -4 7 5 -7 -8 -9 -10 10 14 12 13 -15 -16 16 -18 18 -20 20 -22 -23 23 24 25 26 -28 -29 -30 -31
leaf_value=-0.067413614343576622 0.059553467064608713 -0.11052201908453206 0.087685563466581254 -0.1101466016544963 -0.14081330455684316 0.051975063752426033 -0.01391833588196955 -0.16578035084157719 0.11366036916613556 0.10256946262960638 0.093794386257316537 0.060483746776217845 -0.15771194806643862 0.0082455789540803754 -0.02504225429585611 -0.12407579897044513 0.0997228978108613 0.07499983163845278 -0.045851583237100514 0.0038630958780586987 -0.1166790281154621 0.05853241234455682 -0.12980234690558479 -0.11899706202031135 0.10003000920345345 -0.11471246983410462 0.11578988822757759 0.00013071349245037881 -0.11327658269560077 0.028615113400278683
leaf_weight=16.063843705109321 6.719668388366709 6.3981276666745535 6.0204543322324744 1.5076671291608357 4.2190213445574027 4.5490637421607962 3.973826477304101 2.2818976044654846 0.84177809953689564 3.0219185953028491 13.262122549116617 1.7797985449433316 4.8527953312732262 3.3467890881001949 5.9463942637667051 2.605076238512992 2.4462501555681229 7.966728709638117 5.593349602073431 522.96957736092736 5.6482727453112593 36.445389490574598 15.780402268108444 9.1146128170657921 13.404126547276976 5.4531692559830827 3.3130827993154526 206.76271779264789 12.029211156535892 17.304730295203626
leaf_count=469 23 291 30 69 29 12 15 18 2 27 59 7 105 24 44 34 8 28 36 5532 117 242 522 303 48 121 11 2039 328 154
internal_value=-7.03997e-05 -0.0175477 0.00220631 -0.0191536 -0.000656985 -0.03241 -0.0792647 -0.0968793 -0.0299592 0.000626919 0.0203974 -0.0246239 -0.06314 -0.0899738 0.0358742 0.047239 -0.0156948 0.0590911 0.0251503 -0.000535606 0.00238582 0.00349469 -2.41633e-05 -0.0432176 0.000456376 0.0495657 -0.0275973 -0.00762747 -0.0429619 -0.0176137
internal_weight=951.622 36.5115 30.1134 24.0929 19.4616 12.7419 8.19285 4.63134 2.34945 915.11 50.8212 13.0013 9.97938 8.19958 37.8199 31.8735 5.05133 26.8222 13.5601 864.289 612.129 606.48 570.035 47.0654 31.285 22.1704 8.76625 252.161 45.3978 33.3686
internal_count=10747 489 198 168 79 56 44 89 71 10258 372 163 136 129 209 165 42 123 64 9886 6896 6779 6537 1005 483 180 132 2990 951 623
cat_boundaries=0 1 2
cat_threshold=2 2
is_linear=0
shrinkage=0.1


Tree=81
num_leaves=31
num_cat=1
split_feature=1 1 2 1 2 3 3 2 1 1 1 3 1 3 3 1 1 2 3 3 1 1 1 0 2 2 1 3 3 2
split_gain=1.39618 1.30107 1.2964 1.29082 8.43577 7.95399 4.9838 3.28191 1.88918 2.70731 2.27849 2.31493 1.98565 4.49541 9.29548 4.49433 5.30461 5.03476 4.91515 4.48799 1.90913 7.35884 10.4015 6.38381 7.48121 5.80766 7.18861 6.71905 5.29157 4.34268
threshold=464.6040000000001 465.30650000000009 106.16550000000002 471.24450000000007 107.70050000000002 21.781000000000002 38.445000000000007 104.96450000000002 471.60850000000011 472.80750000000006 472.00450000000006 50.917500000000011 476.30050000000006 33.111500000000007 30.919000000000004 474.73600000000005 473.50850000000008 106.80550000000001 34.617500000000007 27.502500000000001 499.49150000000003 500.29100000000005 503.18500000000006 0 110.82050000000001 108.86450000000001 494.94550000000004 40.973500000000008 46.175000000000004 110.27350000000001
decision_type=2 2 2 2 2 2 2 2 2 2 2 2 2 2 2 2 2 2 2 2 2 2 2 1 2 2 2 2 2 2
left_child=-1 2 -2 4 5 7 -6 -3 -5 10 -10 -12 13 14 19 16 17 -15 -18 -11 23 28 -23 24 -14 -25 29 -28 -22 -27
right_child=1 3 -4 8 6 -7 -8 -9 9 12 11 -13 20 15 -16 -17 18 -19 -20 -21 21 22 -24 25 -26 26 27 -29 -30 -31
leaf_value=-0.10420516369969067 0.10593922167735202 -0.064914428364880511 0.0040700700146392597 0.05526470682042342 0.07783390062214475 -0.12542092751048464 -0.11150768565460899 0.11114951699719777 0.012889207466121469 -0.10417757375369055 -0.1164195516491332 0.084672194292368996 -0.1163829799116841 -0.033684213450992567 -0.14115122544707059 0.09507896708628133 0.064282291048473786 0.086029800147057425 -0.15507448892487219 0.046851973717270207 0.092776851773329158 -0.1000878966291263 0.0012003646063876963 -0.019048168175924078 0.031658865304720195 0.084024543097365068 0.11670002597884913 -0.13192028309961176 -0.041911693713861206 -0.0055522620761871769
leaf_weight=1.2858368945890095 2.3072674870491019 1.8133572805672908 2.7243374809622765 6.2324311379343262 8.3960960609838349 9.453458766685797 1.6660218501929183 2.5441255867481232 3.1487130755558592 2.359886534977707 4.9851489961147308 0.64673272776417423 11.135684951208534 5.4603405040688875 4.6509181819856158 10.922814063727854 1.5549339056015004 9.8510998324491066 2.977545713307336 11.835135508328674 14.088715154677631 10.287359328940509 700.99651848367648 70.041404172545299 4.9224471431225529 17.291907499078668 1.4608144164085377 4.2480484386906028 3.6785009820014229 7.8777080262079826
leaf_count=173 11 38 32 43 75 309 83 12 43 149 156 17 338 31 49 39 5 54 59 47 58 294 7308 921 62 112 3 93 71 62
internal_value=-7.41464e-05 6.83624e-05 0.0507827 -0.000204689 -0.0231587 -0.0738977 0.0464839 0.0378809 0.000397057 1.89606e-05 -0.0552382 -0.0933273 0.000560685 0.0200044 -0.0184565 0.0435634 0.0152074 0.0433376 -0.0798209 0.0217437 -0.000579532 0.00132329 -0.000264576 -0.0124386 -0.0710023 -0.00312011 0.0330094 -0.068302 0.0648911 0.0559884
internal_weight=940.845 939.559 5.0316 934.528 23.8731 13.8109 10.0621 4.35748 910.655 904.422 8.78059 5.63188 895.642 49.6127 18.8459 30.7667 19.8439 15.3114 4.53248 14.195 846.029 729.051 711.284 116.978 16.0581 100.92 30.8785 5.70886 17.7672 25.1696
internal_count=10747 10574 43 10531 517 359 158 50 10014 9971 216 173 9755 433 245 188 149 85 64 196 9322 7731 7602 1591 400 1191 270 96 129 174
cat_boundaries=0 1
cat_threshold=1
is_linear=0
shrinkage=0.1


Tree=82
num_leaves=31
num_cat=2
split_feature=3 1 1 1 3 2 1 2 2 2 3 2 2 3 1 1 1 2 3 0 2 0 3 3 3 1 3 1 1 3
split_gain=0.940106 6.11673 4.94651 3.35963 3.82724 6.20933 4.36039 5.8289 4.28537 2.40787 1.936 3.05174 4.74196 2.93844 2.93378 3.26599 3.06656 2.46978 3.35002 2.18411 1.57701 1.5103 7.21141 9.80535 8.28614 15.3982 16.2835 7.50863 9.77095 6.21509
threshold=60.406000000000006 510.62400000000008 508.09650000000005 507.67200000000008 64.626500000000007 107.03550000000001 506.68350000000004 106.62350000000002 106.70450000000001 108.06450000000001 57.483500000000006 108.01250000000002 106.75750000000001 57.733500000000006 507.67200000000008 515.67050000000006 506.51600000000002 108.50350000000002 57.733500000000006 0 106.831 1 55.81900000000001 52.469500000000004 45.673500000000004 516.42800000000011 49.488500000000009 522.13800000000003 548.42400000000009 43.214500000000008
decision_type=2 2 2 2 2 2 2 2 2 2 2 2 2 2 2 2 2 2 2 1 2 1 2 2 2 2 2 2 2 2
left_child=10 2 3 4 5 -2 7 -6 -9 -7 21 12 -12 -14 16 -16 -15 -13 -19 -20 -10 29 23 24 -23 -26 -27 -28 -29 -1
right_child=1 -3 -4 -5 6 9 -8 8 20 -11 11 17 13 14 15 -17 -18 18 19 -21 -22 22 -24 -25 25 26 27 28 -30 -31
leaf_value=-0.041437649795689625 0.11330782339400405 -0.10950298633438645 0.10538734832080349 -0.11403490960967784 -0.17541990651889491 0.054284577551857928 0.048204842788530829 0.088302621226005462 -0.15819834719125203 -0.13522594912171337 0.10163163452484664 0.060318598933967474 0.065866493734759168 -0.070611802945641872 0.024775910075275739 -0.12150238177978064 -0.2589235492045987 0.07553015080128328 0.022479445240985909 -0.077455220478317821 -0.018897322742932723 0.0035046126466990891 -0.11506776357012019 0.054501094991395042 -0.12576765981220958 -0.11734636784662428 0.096493851164937736 -0.11320751379483592 0.11432460524737396 0.00015769269875241148
leaf_weight=43.511511521297507 5.6211566179990857 5.8467639018781474 4.0319677889347068 2.958142787218093 3.4519340097904188 1.049789753276855 4.4106778502464286 2.4734371826052666 1.5751150846481325 1.8554059751331804 2.8197726933285585 19.325446795672178 2.1361111328005782 2.700801307102664 4.6613739132881165 2.2694918289780617 1.2720593288540838 4.3917691186070433 4.0563667342066765 4.7454458167776448 1.6789651033468542 516.39239927651943 5.2020775633864096 35.042543470859528 14.572369130444711 8.365824381704444 12.53515110909939 5.0017278078012151 3.0310959070920944 205.93888621975202
leaf_count=951 16 291 21 20 27 34 12 5 9 18 27 87 8 59 17 62 10 24 14 64 36 5532 117 242 522 303 48 121 11 2039
internal_value=-7.63066e-05 -0.0161662 0.00258281 -0.013948 -0.000561124 0.0519577 -0.033511 -0.0727751 -0.0109118 -0.0667465 0.000549987 0.0200081 -0.0159561 -0.0413836 -0.0623946 -0.0231225 -0.130907 0.0375479 0.00419418 -0.0313997 -0.086325 -0.00055802 0.00216023 0.00318526 -2.64617e-05 -0.0419382 0.000282077 0.0481263 -0.0273508 -0.00709776
internal_weight=932.926 34.9534 29.1066 25.0746 22.1165 8.52635 13.5901 9.17945 5.72752 2.9052 897.972 48.3786 15.8596 13.0398 10.9037 6.93087 3.97286 32.519 13.1936 8.80181 3.25408 849.594 600.143 594.941 559.899 43.5062 28.9338 20.568 8.03282 249.45
internal_count=10747 489 198 177 157 68 89 77 50 52 10258 372 183 156 148 79 69 189 102 78 45 9886 6896 6779 6537 1005 483 180 132 2990
cat_boundaries=0 1 2
cat_threshold=4 2
is_linear=0
shrinkage=0.1


Tree=83
num_leaves=31
num_cat=2
split_feature=2 1 1 2 3 1 1 2 3 1 3 0 1 3 3 2 3 0 3 1 1 1 3 3 3 3 3 3 3 2
split_gain=0.856494 7.96185 14.6908 9.2231 7.3541 16.1817 6.22508 4.88487 7.89744 4.78448 4.67521 14.3398 3.99006 3.95063 3.90046 3.84524 6.57324 7.00971 7.25125 4.12071 13.4552 7.02857 5.36809 5.2887 9.70905 12.5812 10.198 8.7031 7.29834 5.80367
threshold=109.69350000000001 545.39700000000005 510.1810000000001 109.87350000000002 42.125500000000009 555.06650000000002 509.61100000000005 110.27350000000001 50.262000000000008 507.94700000000006 50.917500000000011 0 508.87600000000003 45.101500000000009 31.121000000000006 109.43050000000001 47.907500000000006 1 29.470000000000002 546.76050000000009 549.12350000000004 550.74250000000018 34.617500000000007 39.790000000000006 36.029000000000003 35.598500000000008 33.889500000000005 40.360500000000009 33.111500000000007 108.1915
decision_type=2 2 2 2 2 2 2 2 2 2 2 1 2 2 2 2 2 1 2 2 2 2 2 2 2 2 2 2 2 2
left_child=15 2 3 -2 5 -3 7 -5 14 -10 -4 -12 -11 -6 -9 19 17 -17 -19 -1 -21 22 -22 24 25 26 28 -25 29 -23
right_child=1 4 10 6 13 -7 -8 8 9 12 11 -13 -14 -15 -16 16 -18 18 -20 20 21 23 -24 27 -26 -27 -28 -29 -30 -31
leaf_value=0.001577049053904803 -0.12902791163325034 -0.16695375754859532 -0.11377466758396529 0.043675841622293952 0.11983022848587994 0.059714832833195022 0.096851386046417895 -0.1097856440703225 -0.027178838832862508 -0.21100885263609742 0.095603694348989646 -0.10500069078272059 -0.047623431992281154 0.032308412829140987 0.058042809850756695 0.02006213662584188 0.066334980581631509 0.093680083099583034 -0.12327632258272303 -0.1217772794952825 -0.10687348285348031 0.020136333148777281 0.092488156908097682 0.10235529326566811 -0.13255869388086061 0.11742034009262776 -0.1732631827821437 -0.035382803294717526 0.14332713627004554 -0.1088504799277696
leaf_weight=642.71320261267829 4.6795390879560719 4.9912943409290156 16.712142899865285 18.692644593364093 9.1807397156953829 8.5351673290133458 8.339522182941435 1.5754231463652129 11.462674786336722 3.3081803023815146 5.3424159409478307 10.700884976424279 2.7266460508108139 11.768681505229322 11.444174049887804 40.96886811114382 23.668577022384852 1.9609376513399164 7.1854403291363269 11.667948988266287 1.5617316416464735 7.6192191310110591 9.991989413276313 7.9500947012566057 9.0011734422296268 5.835457691922783 5.0000557070597997 10.845502556883728 2.6047217338345936 6.4338930466328748
leaf_count=7229 88 58 478 190 20 29 28 66 92 29 63 177 20 79 102 240 139 19 137 369 93 283 57 40 124 18 55 113 10 302
internal_value=-6.86515e-05 -0.00761147 -0.0225522 0.00598057 0.0335515 -0.0239264 0.0169586 0.00341925 -0.0212391 -0.0651207 -0.0767587 -0.0381995 -0.137188 0.0706634 0.0377349 0.00115963 0.0229032 0.00239107 -0.076762 -0.00106481 -0.0226916 -0.00539566 0.0655402 -0.0202188 -0.0424143 -0.0129015 -0.0480152 0.0228772 -0.0104204 -0.0389173
internal_weight=924.469 129.46 94.9842 62.2288 34.4759 13.5265 57.5493 49.2097 30.5171 17.4975 32.7554 16.0433 6.03483 20.9494 13.0196 795.009 73.7838 50.1152 9.14638 721.225 78.5118 66.8438 11.5537 55.2901 36.4945 27.4933 21.6579 18.7956 16.6578 14.0531
internal_count=10747 1519 1333 615 186 87 527 499 309 141 718 240 49 99 168 9228 535 396 156 8693 1464 1095 150 945 792 668 650 153 595 585
cat_boundaries=0 1 2
cat_threshold=1 1
is_linear=0
shrinkage=0.1


Tree=84
num_leaves=31
num_cat=1
split_feature=3 3 1 1 3 2 2 3 2 1 0 2 1 2 2 2 3 1 1 2 1 3 3 2 1 2 1 2 3 3
split_gain=0.946611 4.66899 4.3983 8.38221 10.2354 5.08765 4.65269 5.57177 4.02317 7.40984 9.544 3.75548 3.42768 6.35362 3.26885 2.65889 4.60672 4.42322 9.03112 2.72797 2.63699 2.39481 2.1121 3.3421 1.62209 7.14261 5.41634 9.25987 6.11786 15.1337
threshold=30.012000000000004 30.784500000000005 519.99200000000008 534.65500000000009 29.042000000000005 106.35850000000001 109.34150000000001 28.320000000000004 108.33150000000002 533.11100000000022 0 109.37650000000001 543.40900000000011 108.1915 109.10050000000001 106.04650000000002 21.781000000000002 476.48650000000004 475.85200000000003 105.90250000000002 572.55600000000015 28.717500000000005 19.029500000000002 104.48200000000001 515.93200000000013 105.40850000000002 517.42200000000014 106.67750000000002 32.961000000000006 31.027500000000003
decision_type=2 2 2 2 2 2 2 2 2 2 1 2 2 2 2 2 2 2 2 2 2 2 2 2 2 2 2 2 2 2
left_child=2 11 5 8 -5 15 -7 -8 -4 10 -10 -2 -6 -14 -12 16 22 18 19 -18 24 -16 23 -1 25 -3 27 -26 29 -28
right_child=1 20 3 4 12 6 7 -9 9 -11 14 -13 13 -15 21 -17 17 -19 -20 -21 -22 -23 -24 -25 26 -27 28 -29 -30 -31
leaf_value=0.059304099269220416 -0.11384504037474108 -0.11765963348468263 0.10034456034598122 -0.11675196708345859 0.11005727108010264 -0.11463315763839882 -0.10772888583076255 0.1003533753019879 -0.1537202831404697 0.1141186402587894 0.10228968262212659 0.011663080874647659 0.06469141480251675 -0.10718163330576376 -0.08440173419377027 0.04486780099983699 -0.11341952958969335 -0.124270354966668 0.09240426562443127 -0.0061533824702859619 0.10445116605606249 0.056434946391018641 0.084723394681690961 -0.11898646410521004 0.10958161447107347 0.0041743301584507208 0.048805816722393466 -0.085435527715853221 0.0013542728164460272 -0.11640619630879266
leaf_weight=2.8291731625795382 6.5495430408045632 4.8611623602919272 14.076292472891508 7.2797483617323477 3.8847247660160056 7.8100307349814084 2.3256869956385344 2.8808558462187648 3.5643682628870037 6.8497298359870902 4.3259924724698049 3.7486063800752163 5.5222704503685218 3.5229628309607506 2.5353243537247181 12.283765237778423 5.776508279610427 4.6149993361905208 5.3245960250496855 4.0214735940098763 2.391836389899253 2.3050934039056301 5.6876761242747307 1.6731832735240457 2.8476986438035992 475.21654514083639 9.082914078608157 16.791399593930691 268.93392399186268 14.232379311462863
leaf_count=20 266 115 90 587 13 290 140 17 28 18 16 35 38 156 29 82 286 103 29 28 15 14 42 42 11 4535 35 209 3122 336
internal_value=-7.2655e-05 -0.00125779 0.00866864 0.0289998 -0.0219071 -0.0111613 -0.0658183 0.00740605 0.0595675 0.0302532 -0.0148702 -0.0681591 0.0314919 -0.00225018 0.0391218 0.0056931 -0.0103861 -0.0385765 -0.0124251 -0.0693933 -0.000390475 -0.0173328 0.0442172 -0.00695294 -0.000707109 0.00294067 -0.00632199 -0.0571578 -0.00290584 -0.0520447
internal_weight=913.75 804.656 109.094 53.8665 20.2097 55.2279 13.0166 5.20654 33.6568 19.5805 12.7308 10.2981 12.93 9.04523 9.16641 42.2114 29.9276 19.7376 15.1226 9.79798 794.358 4.84042 10.19 4.50236 791.966 480.078 311.888 19.6391 292.249 23.3153
internal_count=10747 8679 2068 989 794 1079 447 157 195 105 87 301 207 194 59 632 550 446 343 314 8378 43 104 62 8363 4650 3713 220 3493 371
cat_boundaries=0 1
cat_threshold=1
is_linear=0
shrinkage=0.1


Tree=85
num_leaves=31
num_cat=1
split_feature=3 3 1 1 1 3 2 1 2 1 2 0 2 1 2 2 1 1 3 1 1 3 3 3 1 3 1 1 3 1
split_gain=0.938528 9.20455 15.903 16.3222 20.6207 6.69456 8.69035 8.09607 5.77874 9.95971 5.3645 5.00445 10.6915 5.5471 4.35273 13.4743 8.96134 8.86972 8.53673 22.1188 15.2059 26.2101 8.5265 13.7426 6.06563 11.0572 7.26134 5.70517 4.29128 6.00368
threshold=38.743500000000004 41.951000000000008 557.74300000000005 514.72800000000018 510.62400000000008 38.114000000000011 107.79650000000002 555.80550000000005 109.69350000000001 489.32700000000006 111.30900000000001 0 109.22450000000002 543.40900000000011 108.73450000000001 108.1915 533.11100000000022 553.17800000000011 35.598500000000008 551.94150000000002 550.41300000000012 32.803500000000007 36.754500000000007 37.683500000000002 537.43850000000009 31.027500000000003 498.53950000000003 536.79450000000008 43.522000000000013 556.69200000000012
decision_type=2 2 2 2 2 2 2 2 2 2 2 1 2 2 2 2 2 2 2 2 2 2 2 2 2 2 2 2 2 2
left_child=5 2 3 4 -2 7 -7 8 14 -10 -9 -8 -13 -14 15 -1 -17 18 19 20 21 24 -20 -24 26 -26 -16 -18 29 -3
right_child=1 28 -4 -5 -6 6 11 10 9 -11 -12 12 13 -15 17 16 27 -19 22 -21 -22 -23 23 -25 25 -27 -28 -29 -30 -31
leaf_value=0.0054761041715535161 -0.10213167950430778 0.037616421703225766 0.092690176500997201 -0.12771012812086679 0.088303971789882862 -0.13499556858033354 0.10837426478099849 -0.12728066010666059 0.091372226664361705 -0.11172795130271956 0.020651045786493172 -0.11892703940615741 0.12633382212796271 0.012912765709800433 -0.11097010475026226 -0.1100999066232341 0.11532938123926516 -0.12704469110141325 0.1077959995494101 -0.19662040396161187 0.11069247680952519 -0.12863648260759805 -0.14197157872799701 0.094751132075671929 0.046228184641338037 -0.11761104161610346 0.074867154577849274 -0.040102759928594335 -0.0019560988370975392 -0.11710975997286246
leaf_weight=224.77470409485977 11.311739918543028 46.979748567566276 7.4095276147127143 21.652165324892849 11.432962212711571 2.5161381196230641 12.351192196831107 8.1272293680231069 3.1778808908420606 10.051203736104069 3.5100791826844207 4.00330672413111 7.6230072975158718 9.9276276268064958 2.2754163281060782 18.136418467503976 3.2050106525421134 3.937790102325379 20.458288846537474 4.9292794559150925 15.400646617636083 12.646390587091444 4.226434567011891 5.8424701746553183 11.41880771238357 6.4435638543218365 27.679908754304051 8.9726937366649491 370.43119755104999 2.649199239909648
leaf_count=2468 309 339 43 444 47 53 38 363 78 272 13 65 12 42 104 345 7 53 48 45 67 202 54 24 80 120 109 337 4526 40
internal_value=-7.88639e-05 -0.0031614 -0.0429314 -0.0655657 -0.00640637 0.00329098 0.0443153 -0.000489645 0.00200335 -0.0629394 -0.0826611 0.0576222 0.0285393 0.0621765 0.00432315 -0.00296417 -0.0655475 0.0204513 0.0256687 0.00864669 0.0219838 -0.000610906 0.0707195 -0.0046135 0.0332481 -0.0128742 0.0607509 0.000804923 0.00174347 0.0293571
internal_weight=903.502 471.867 51.8064 44.3969 22.7447 431.635 36.4213 395.214 383.577 13.2291 11.6373 33.9051 21.5539 17.5506 370.348 255.089 30.3141 115.259 111.321 80.794 75.8647 60.4641 30.5272 10.0689 47.8177 17.8624 29.9553 12.1777 420.06 49.6289
internal_count=10747 5748 843 800 356 4999 210 4789 4413 350 376 157 119 54 4063 3157 689 906 853 727 682 615 126 78 413 200 213 344 4905 379
cat_boundaries=0 1
cat_threshold=4
is_linear=0
shrinkage=0.1


Tree=86
num_leaves=31
num_cat=1
split_feature=3 0 1 1 1 3 3 2 3 3 1 3 3 3 1 3 1 1 1 3 2 1 1 1 1 2 1 1 2 3
split_gain=0.849421 6.94466 13.4503 20.9432 9.19063 19.0277 7.99988 7.58911 6.72138 14.809 7.59611 6.32915 10.2519 5.98948 5.93604 4.96639 13.8973 14.3974 19.3335 6.77518 4.78709 5.26156 8.5969 4.78145 4.41033 15.0507 4.40694 5.92033 4.2507 4.18722
threshold=34.151500000000006 0 508.26950000000005 499.49150000000003 482.39550000000003 29.600500000000004 33.452500000000008 108.83950000000002 33.247000000000007 32.066500000000012 480.75650000000007 33.111500000000007 31.027500000000003 31.401500000000002 490.86300000000011 35.466500000000003 552.4770000000002 539.25150000000019 473.50850000000008 35.853500000000004 109.60350000000001 521.86750000000018 476.48650000000004 472.80750000000006 550.41300000000012 107.00800000000002 520.35650000000021 483.85050000000007 110.82050000000001 36.417000000000009
decision_type=2 1 2 2 2 2 2 2 2 2 2 2 2 2 2 2 2 2 2 2 2 2 2 2 2 2 2 2 2 2
left_child=1 2 3 14 8 7 11 26 9 10 13 12 -4 -3 -1 16 17 18 23 20 21 22 -17 -2 25 -19 27 -6 29 -21
right_child=15 4 6 -5 5 -7 -8 -9 -10 -11 -12 -13 -14 -15 -16 19 -18 24 -20 28 -22 -23 -24 -25 -26 -27 -28 -29 -30 -31
leaf_value=0.017272409016156974 -0.053304052129708568 0.0088060969582870931 0.01454594257752743 0.11663726805153618 0.10495446717282447 -0.1128091943572177 -0.12160762644040811 0.060933024224808008 0.063499712320572763 -0.11970818245683534 0.10796779600803233 0.093509836979237121 -0.091868427563022298 -0.1537717807459015 -0.1207230447735278 0.077560624717549431 -0.19743810612948687 0.11736242175301979 -0.14021532804778547 -0.065432835458409985 -0.048298675800975917 0.094651488420990346 -0.13020604261398014 0.079916962897948973 0.12281360213658664 -0.1309665404529321 0.047468473982950982 -0.1163954227342698 -0.092770647741487883 8.3569618786433681e-07
leaf_weight=8.0623628479661402 4.1610822490183654 38.507432818645611 51.753213123127352 28.33946193754673 1.4322160482406632 22.50770779652521 5.2586581399664274 14.496576956124043 18.215227000415325 9.584476985037325 7.6224696412682524 7.4349846839904776 10.97274436149746 2.4077176311984649 5.0821863692253819 5.2284030009759643 4.6460091508924952 6.02083468437195 14.209539353847502 9.9558760514482838 4.5294994711875907 17.363502217456698 3.2168877553194761 7.6418276280164719 6.3875064849853507 4.1044189319945872 3.7036519064567974 7.7299368060193956 5.1105891279876223 552.52909840815119
leaf_count=207 50 697 1037 61 8 448 89 124 54 98 19 25 272 29 83 27 39 12 192 126 33 58 51 19 11 57 91 184 164 6382
internal_value=-8.72456e-05 0.00495025 0.0225114 0.0682469 -0.0113163 -0.0447034 -0.00264518 0.011319 0.010495 -0.0061164 0.016314 0.00627122 -0.00406928 -0.000761059 -0.0360819 -0.00198565 -0.0332244 -0.0152835 -0.061643 0.000478783 0.0465212 0.0631622 -0.00157958 0.0329503 0.0577463 0.0166987 -0.0445837 -0.0817943 -0.00198221 -0.00115733
internal_weight=888.216 243.111 116.904 41.484 126.207 49.8701 75.4196 27.3624 76.3373 58.1221 48.5376 70.1609 62.726 40.9152 13.1445 645.105 47.1712 42.5252 26.0124 597.934 30.3383 25.8088 8.44529 11.8029 16.5128 10.1253 12.8658 9.16215 567.596 562.485
internal_count=10747 3526 1774 351 1752 855 1423 407 897 843 745 1334 1309 726 290 7221 380 341 261 6841 169 136 78 69 80 69 283 192 6672 6508
cat_boundaries=0 1
cat_threshold=1
is_linear=0
shrinkage=0.1


Tree=87
num_leaves=31
num_cat=2
split_feature=2 0 3 3 3 3 1 2 2 0 3 3 1 2 1 1 1 1 3 3 3 3 2 1 1 1 1 1 1 3
split_gain=0.884534 6.70684 2.90546 2.32183 2.48944 2.65155 4.75457 3.02435 2.27728 5.3033 1.80462 1.71715 1.14707 7.6392 7.00434 1.67255 2.01479 2.16905 2.12736 1.14702 7.36537 5.76442 13.0488 5.24491 11.3249 5.04023 12.9327 11.9398 10.9636 6.5759
threshold=104.58200000000001 0 19.029500000000002 20.850000000000005 23.750000000000004 24.863500000000005 469.91500000000008 105.944 105.12650000000001 1 27.687000000000005 21.781000000000002 470.51750000000004 107.70050000000002 471.24450000000007 471.60850000000011 472.80750000000006 472.00450000000006 55.016000000000005 36.621500000000005 37.326500000000003 35.598500000000008 109.60350000000001 511.07250000000005 476.48650000000004 551.94150000000002 552.8610000000001 550.41300000000012 546.76050000000009 33.111500000000007
decision_type=2 1 2 2 2 2 2 2 2 1 2 2 2 2 2 2 2 2 2 2 2 2 2 2 2 2 2 2 2 2
left_child=1 -1 -2 -4 11 7 -7 -6 9 -8 -11 -5 13 -10 -14 -16 17 -17 -19 21 -21 25 23 24 -23 27 -27 28 -18 -29
right_child=2 -3 3 4 5 6 8 -9 12 10 -12 -13 14 -15 15 16 19 18 -20 20 -22 22 -24 -25 -26 26 -28 29 -30 -31
leaf_value=0.10591103804201339 -0.11207774968643967 -0.13385185965326682 0.075183131427193586 0.014446901605433798 -0.10498786367018072 -0.10874569259844989 -0.11668826847481671 0.072946557891803071 -0.13267635532018238 -0.027775219545151053 0.079374539230914976 -0.10687307561080844 -0.13246918820356754 0.080353082193529282 0.052764780838691683 0.016544016377301914 0.0012284975642516379 -0.11514154672966984 0.092846572024252366 -0.089385059649991494 -0.0010324414836597295 0.11029806077372351 -0.10578310143661954 0.072121892851542038 -0.11829605245250108 -0.20372144139981285 -0.0039100249780230625 -0.057496503561404469 -0.11915306596511233 0.1207861761006308
leaf_weight=1.8877620398998252 2.3004366715904316 3.0543564115650952 4.1379122402286148 1.7187819029204536 1.0765080028213549 4.0066885358537538 1.8787967981770635 8.4795996036846173 2.1553394400980306 1.844591856468466 10.629442430799825 3.6318786522606388 4.0108461542986324 7.6865692806895822 5.9645561650395384 2.9829050791449836 190.88180746743456 4.3465805421583354 0.55450798431411374 9.6119473902508599 513.42290467722341 3.9707736968994123 5.7204750254750243 35.008119056001306 4.7714663445949554 4.2939896304160383 13.187999611662233 2.4966822098940602 7.8776411907747379 12.074409127235411
leaf_count=9 222 78 125 43 68 365 76 127 50 43 97 257 83 57 42 29 1685 154 10 161 5865 12 56 144 95 66 322 105 276 25
internal_value=-8.22796e-05 -0.0422686 0.000157165 0.000454473 9.66967e-05 0.000520287 -6.90443e-05 0.052902 0.000446035 0.0399391 0.0635298 -0.0679017 -0.000236065 0.0337005 -0.000642798 4.23696e-06 -0.000383697 -0.0506899 -0.0916098 0.000110022 -0.00265612 0.0052719 0.0362485 0.0548195 -0.0144673 -0.00136743 -0.0529884 0.00286281 -0.00354271 0.0902383
internal_weight=875.666 4.94212 870.724 868.424 864.286 858.935 849.379 9.55611 845.372 14.3528 12.474 5.35066 831.02 9.84191 821.178 817.167 811.202 7.88399 4.90109 803.318 523.035 280.283 49.4708 43.7504 8.74224 230.813 17.482 213.331 198.759 14.5711
internal_count=10747 87 10660 10438 10313 10013 9818 195 9453 216 140 300 9237 107 9130 9047 9005 193 164 8812 6026 2786 307 251 107 2479 388 2091 1961 130
cat_boundaries=0 1 2
cat_threshold=1 2
is_linear=0
shrinkage=0.1


Tree=88
num_leaves=31
num_cat=3
split_feature=2 0 3 3 3 3 1 2 2 0 3 3 2 2 1 3 3 1 1 1 3 1 2 2 0 2 1 2 1 2
split_gain=0.784727 5.95589 2.60131 1.97371 2.17091 2.25799 4.26796 2.61447 1.94379 4.60961 1.60565 1.56119 1.52553 1.94204 1.14273 1.17966 9.38098 9.95065 14.7842 17.6963 5.78482 5.02993 5.90337 4.64323 4.41981 5.68811 4.44022 4.26202 9.62364 4.02625
threshold=104.58200000000001 0 19.029500000000002 20.850000000000005 23.750000000000004 24.863500000000005 469.91500000000008 105.944 105.12650000000001 1 21.781000000000002 27.687000000000005 107.98450000000001 108.07950000000001 572.55600000000015 38.743500000000004 41.951000000000008 557.74300000000005 514.72800000000018 510.62400000000008 38.114000000000011 555.80550000000005 111.30900000000001 107.86650000000002 2 109.26950000000001 543.40900000000011 109.73850000000002 490.86300000000011 109.69350000000001
decision_type=2 1 2 2 2 2 2 2 2 1 2 2 2 2 2 2 2 2 2 2 2 2 2 2 1 2 2 2 2 2
left_child=1 -1 -2 -4 10 7 -7 -6 9 -8 -5 -11 -9 -14 15 20 17 18 19 -17 21 27 -23 -22 -25 -26 -27 -10 -29 -28
right_child=2 -3 3 4 5 6 8 12 14 11 -12 -13 13 -15 -16 16 -18 -19 -20 -21 23 22 -24 24 25 26 29 28 -30 -31
leaf_value=0.10531700562756836 -0.11101092753691491 -0.13084692925298316 0.070816725922781251 0.013032682803857346 -0.10450504850175231 -0.10795837427207376 -0.11532853932390418 0.090944886954488852 0.0040709491321761276 -0.025209722840820143 -0.10621447516498719 0.075152812948050277 0.11230509011413708 -0.10343411008592407 0.068375870287891202 -0.099206267853969451 0.00098567976289474384 0.084305394642806786 -0.12531033487981172 0.083952136575929093 -0.059097374321003905 -0.12919273306954246 0.02921744829437517 0.11089077432979944 -0.073602994624827375 0.12203623965177877 -0.047013566712996224 0.099565867038264977 -0.11837809127930828 0.08168582216005181
leaf_weight=1.7172601819038382 2.1005065108183762 2.8239166620187461 3.9631559916306278 1.7149760997854162 0.97833553142845531 3.6504948736692304 1.7190289390273392 6.4191308300942165 310.48589618504047 1.8298914032056899 3.3055975091410801 10.130581566132603 0.70719969272613514 1.0177107243798671 2.4217270761728278 10.251476335804911 412.01729475962929 5.1552837407216421 19.754826789954677 10.866791348904369 3.9416414219886056 6.2854677190771309 3.7597058713436127 9.9493744298815727 4.2326973173767355 6.3133537173271206 5.095744773745535 2.7516943162772787 7.682887292932719 4.6479930207133293
leaf_count=9 222 78 125 43 68 365 76 48 2984 43 257 97 2 77 29 282 4709 29 429 47 61 272 13 26 63 11 27 37 204 14
internal_value=-8.01994e-05 -0.0415408 0.000137932 0.000409076 8.35122e-05 0.000469833 -6.56906e-05 0.0499543 0.000403587 0.0377907 -0.0654809 0.0597979 0.0685094 -0.0149827 -0.000215875 -0.000417663 -0.00379759 -0.0466144 -0.0631272 -0.00495876 0.00382217 -0.000222761 -0.069903 0.0429884 0.0562952 0.0295235 0.0567079 0.00195831 -0.0609043 0.0143791
internal_weight=867.692 4.54118 863.15 861.05 857.087 852.066 842.944 9.12238 839.293 13.6795 5.02057 11.9605 8.14404 1.72491 825.614 823.192 458.046 46.0284 40.8731 21.1183 365.146 330.966 10.0452 34.1808 30.2392 20.2898 16.0571 320.92 10.4346 9.74374
internal_count=10747 87 10660 10438 10313 10013 9818 195 9453 216 300 140 127 79 9237 9208 5496 787 758 329 3712 3510 285 202 141 115 52 3225 241 41
cat_boundaries=0 1 2 3
cat_threshold=1 2 4
is_linear=0
shrinkage=0.1


Tree=89
num_leaves=31
num_cat=3
split_feature=3 1 1 2 3 1 3 2 2 3 3 0 1 1 3 1 1 1 1 3 0 0 1 1 2 2 1 1 1 2
split_gain=0.766088 5.44449 4.45197 2.76407 2.44694 1.76174 1.72951 2.69802 5.10761 2.47282 4.57447 2.02351 2.0553 5.35462 2.65892 3.61256 1.53272 2.27941 1.5055 8.10295 18.4113 13.8613 18.094 14.4642 9.30406 8.64336 6.88311 6.73737 13.2107 7.57605
threshold=60.406000000000006 510.62400000000008 507.94700000000006 107.03550000000001 64.626500000000007 506.51600000000002 57.483500000000006 107.95350000000001 106.75750000000001 57.733500000000006 59.897000000000013 0 518.29650000000004 520.97250000000008 58.355500000000006 506.68350000000004 505.94500000000005 503.18500000000006 509.61100000000005 34.151500000000006 1 2 499.49150000000003 499.93300000000005 108.76650000000002 108.21750000000002 471.60850000000011 511.87950000000006 512.61000000000013 108.09250000000002
decision_type=2 2 2 2 2 2 2 2 2 2 2 1 2 2 2 2 2 2 2 2 1 1 2 2 2 2 2 2 2 2
left_child=6 2 3 4 -2 -6 18 8 -8 -10 -11 12 14 -14 -9 -16 17 -5 19 21 26 22 -1 -23 25 -22 -21 29 -29 -20
right_child=1 -3 -4 16 5 -7 7 11 9 10 -12 -13 13 -15 15 -17 -18 -19 27 20 24 23 -24 -25 -26 -27 -28 28 -30 -31
leaf_value=-0.037913918885290707 0.052204754379571963 -0.10839021183887597 0.084709279019792694 -0.1085306234850074 -0.052566311879145879 0.025013636744195558 0.10168183393293731 0.090780120172837528 0.051224357087555267 -0.15192322482287091 0.0065804478974861996 -0.020091914593907308 -0.12179714274866232 0.096284616728971414 0.070178604734976502 -0.038157340847640497 -0.15119579961649118 0.11149145208740366 0.072154268857968967 0.11100933564002635 -0.015614420314519893 0.0057426081133891875 0.1083591686259618 -0.12517057514513868 0.013020918571510654 -0.092574168690939762 -0.1282508464518882 -0.13063303335064333 0.0013198399130776748 -0.0048818685961119672
leaf_weight=12.251654001534915 6.0118786916136839 5.2534971795976153 5.3390867114067069 1.3072136415867128 8.277455694973467 4.5285649895668021 2.5907445633783928 11.48588440008462 1.7016221880912761 4.1556337671354413 3.2407279396429658 5.8674931074492624 2.3555709123611441 2.1566941067576408 7.2625595852732641 5.3420786112546921 2.0819108337163925 0.73594498634338368 28.129538708366454 1.2899090876453581 66.354214390332345 80.525715256808326 27.302660815417767 9.4278030579444003 94.743581451883074 18.707792491855798 17.720508246100508 7.7372593281324944 391.51723675621906 23.373538111336529
leaf_count=290 23 291 30 69 42 14 27 59 7 105 24 44 34 8 28 36 18 2 139 25 933 1055 64 195 857 387 480 103 5145 213
internal_value=-8.5764e-05 -0.014902 0.00246383 -0.0166756 -0.000424638 -0.0251319 0.000516327 0.019324 -0.0221937 -0.0574685 -0.0824746 0.0334025 0.0443761 -0.0175622 0.0559775 0.0242638 -0.0908099 -0.0292788 -0.00059799 -0.00574872 -0.0184279 0.013716 0.0630522 -0.00797807 -0.00853306 -0.0325403 -0.112016 0.00315371 -0.00123731 0.0371931
internal_weight=858.776 33.5356 28.2821 22.943 18.8179 12.806 825.24 46.159 11.6887 9.09798 7.39636 34.4703 28.6028 4.51227 24.0905 12.6046 4.12507 2.04316 779.081 328.324 198.816 129.508 39.5543 89.9535 179.806 85.062 19.0104 450.758 399.254 51.5031
internal_count=10747 489 198 168 79 56 10258 372 163 136 129 209 165 42 123 64 89 71 9886 4286 2682 1604 354 1250 2177 1320 505 5600 5248 352
cat_boundaries=0 1 2 3
cat_threshold=2 1 1
is_linear=0
shrinkage=0.1


Tree=90
num_leaves=31
num_cat=3
split_feature=2 0 3 2 0 1 1 3 1 3 1 1 1 1 3 3 2 1 2 2 3 3 3 2 1 1 1 2 2 0
split_gain=0.873472 4.95613 2.33388 1.66766 3.84125 1.78567 6.18151 1.30514 3.378 1.15159 6.67412 9.48372 3.93873 3.42354 2.68161 1.85775 4.19769 7.38056 3.04605 1.6389 1.53026 3.24195 1.35267 1.32364 4.70398 7.37675 3.91807 3.84995 3.78381 10.8401
threshold=104.58200000000001 0 19.029500000000002 105.12650000000001 1 516.19850000000008 476.85050000000007 27.502500000000001 467.56500000000005 27.279500000000002 526.38000000000011 519.99200000000008 488.57800000000003 469.91500000000008 24.863500000000005 28.717500000000005 106.26150000000001 521.3995000000001 109.18900000000001 105.944 24.339500000000005 21.781000000000002 27.955000000000002 107.71650000000001 471.24450000000007 472.00450000000006 472.80750000000006 108.21750000000002 106.98050000000002 2
decision_type=2 1 2 2 1 2 2 2 2 2 2 2 2 2 2 2 2 2 2 2 2 2 2 2 2 2 2 2 2 1
left_child=1 -1 -2 4 -4 6 7 8 -6 10 11 12 14 -11 20 16 22 -18 -19 -12 21 -5 -15 24 -17 -26 -27 -25 -28 -30
right_child=2 -3 3 9 5 -7 -8 -9 -10 13 19 -13 -14 15 -16 23 17 18 -20 -21 -22 -23 -24 27 25 26 28 -29 29 -31
leaf_value=0.10429406720850164 -0.11004684764426241 -0.12806783747410339 -0.11519681346194136 0.072489404969540691 0.10837640119185368 0.096965887099435211 -0.11056036201800593 0.10841572569863955 -0.10390182520278293 -0.10770375995327613 0.048273963760572809 0.10390638019075771 -0.10770747145476096 -0.05336018075935061 -0.10302415941087201 -0.095925519308090498 0.064258621781331043 -0.16478159074550536 0.031193983045037166 -0.11188523372921931 0.095377289401716914 -0.10764534967535067 -0.15208196958091003 0.01963020494447491 0.10379010111666934 -0.11627006073213242 0.0034505062770403905 -0.0013563103275530571 -0.097990666939676507 -0.002628464628531408
leaf_weight=1.4142153561115256 1.9179495609132562 2.6157974710222334 1.5960949803702533 2.5612940937280708 1.8464155644178375 4.9602101249620327 2.5470936493948102 4.0336481127887964 1.2619946599006651 2.9928062275866969 0.75511964410543342 12.021808303892611 3.6634701434522858 2.679112856276336 1.5647967784898353 5.6993032062891862 6.9236276149749738 2.7495425622910266 1.1146242704708127 4.1520949744153768 3.040015384554863 1.6380840867059303 2.8798389136791229 109.18374292028602 6.1822245158255091 3.2317166000138959 149.52329587575514 438.38019249460194 15.647084766766056 50.044536011526361
leaf_count=9 222 78 76 27 11 42 74 25 99 294 23 60 150 43 159 88 77 72 9 376 23 95 36 1060 14 72 1480 4915 331 707
internal_value=-8.23294e-05 -0.0465272 0.000139232 0.000389959 0.0321194 0.0481699 0.0231896 0.0708893 0.0221928 -0.000233608 0.0192037 0.040533 -0.0205742 -0.000950329 0.0156824 -0.000548067 -0.0339108 0.0024656 -0.108252 -0.08724 0.0413409 0.00222284 -0.104503 0.000153023 -0.00620716 -0.00393082 -0.00697941 0.00282838 -0.00533828 -0.0253428
internal_weight=848.822 4.03001 844.792 842.874 16.2455 14.6494 9.68915 7.14206 3.10841 826.628 29.3967 24.4895 12.4677 797.232 8.80419 794.239 16.3467 10.7878 3.86417 4.90721 7.23939 4.19938 5.55895 777.892 230.328 224.629 218.447 547.564 215.215 65.6916
internal_count=10747 87 10660 10438 327 251 209 135 110 10111 913 514 454 9198 304 8904 237 158 81 399 145 122 79 8667 2692 2604 2590 5975 2518 1038
cat_boundaries=0 1 2 3
cat_threshold=1 2 1
is_linear=0
shrinkage=0.1


Tree=91
num_leaves=31
num_cat=1
split_feature=1 1 2 2 3 3 3 3 1 2 1 3 3 2 2 0 3 1 1 2 3 2 2 2 1 1 1 1 3 3
split_gain=1.31071 0.81761 1.04413 0.774708 4.4104 1.93417 2.30874 1.57731 2.1424 1.44481 1.55202 1.18389 2.25471 1.59727 1.59071 3.79015 1.12961 4.89705 6.23718 1.85809 1.62666 1.87298 4.87023 1.24408 6.7096 3.96981 4.0187 3.86406 3.53911 4.18726
threshold=464.6040000000001 465.30650000000009 106.19450000000002 104.58200000000001 17.202500000000004 19.029500000000002 20.850000000000005 23.750000000000004 469.91500000000008 105.18050000000001 468.85900000000009 24.339500000000005 25.657000000000004 107.64050000000002 105.12650000000001 0 27.279500000000002 520.35650000000021 526.38000000000011 106.54850000000002 28.107000000000003 107.81550000000001 106.32350000000001 107.70050000000002 471.24450000000007 470.51750000000004 475.85200000000003 472.00450000000006 31.726000000000003 30.137000000000004
decision_type=2 2 2 2 2 2 2 2 2 2 2 2 2 2 2 1 2 2 2 2 2 2 2 2 2 2 2 2 2 2
left_child=-1 2 -2 4 -3 -5 -7 9 -9 10 -8 13 -13 -10 15 -14 17 -16 -19 -20 21 22 -18 24 -22 -25 -27 -26 29 -29
right_child=1 3 -4 5 -6 6 7 8 11 -11 -12 12 14 -15 16 -17 20 18 19 -21 23 -23 -24 25 27 26 -28 28 -30 -31
leaf_value=-0.10494321077923736 0.10391625853820492 0.10386878211870575 -0.0037860950720134548 -0.10975338719199219 -0.12550534897838048 0.085583655375780318 0.10342363282776586 -0.10409056848641916 -0.10448659062722734 -0.10561051274624048 -0.10289243499347996 -0.10442039784832265 -0.11393776866261028 0.081138750432251494 -0.10686634649031784 0.058200084160656029 -0.079969483031800459 0.10126272466375037 0.08444260750458786 -0.11732710705551341 -0.12688124621864935 -0.11945615834579451 0.10785105456318995 0.076005743585738875 0.071031325070010254 -0.077581308037655755 0.0024780450444285237 -0.010486125365506341 -0.0023549528057747703 -0.11145537227695457
leaf_weight=1.190306456235702 1.7204359024763101 1.2846071273088449 1.8878607649821786 1.6006944221444417 2.4127232381142676 3.1604447473073369 0.87163645029067882 1.9627596086647816 0.53781503206118886 2.6653156976972241 0.62681185640394688 2.0528842646162948 1.459353341255337 3.3574218944413587 2.1944917761720708 10.355528038460758 3.9751539104618114 8.0439515858888608 0.58081775344908182 2.1308280099183321 4.5193886131746686 2.3737387382425368 2.1152029484510422 7.2560052829794577 6.6919974721968165 6.343398639583028 541.21435973525513 10.638023281469943 199.50163141492521 6.6903336804825804
leaf_count=173 12 9 31 211 78 113 7 223 34 227 55 166 76 63 104 122 51 46 5 88 86 67 9 55 29 219 5809 83 2376 120
internal_value=-8.1491e-05 6.70615e-05 0.0475664 -0.000137801 -0.0458112 6.49429e-05 0.000276397 -4.91555e-05 0.000261073 -0.0614424 0.0171201 0.000510233 0.000248376 0.0555095 0.000511673 0.0369379 -2.34359e-05 0.0292722 0.0570488 -0.0741093 -0.000502864 -0.0441065 -0.0147387 -3.14285e-05 -0.00624942 0.00252431 0.00155057 -0.00381037 -0.0061202 -0.0494695
internal_weight=841.416 840.226 3.6083 836.617 3.69733 832.92 831.319 828.159 823.995 4.16376 1.49845 822.032 818.137 3.89524 816.084 11.8149 804.269 12.9501 10.7556 2.71165 791.319 8.4641 6.09036 782.855 228.041 554.814 547.558 223.522 216.83 17.3284
internal_count=10747 10574 43 10531 87 10444 10233 10120 9831 289 62 9608 9511 97 9345 198 9147 243 139 93 8904 127 60 8777 2694 6083 6028 2608 2579 203
cat_boundaries=0 1
cat_threshold=2
is_linear=0
shrinkage=0.1


Tree=92
num_leaves=31
num_cat=1
split_feature=1 1 2 2 3 2 3 1 1 1 3 3 1 3 3 2 3 1 1 2 3 3 2 1 1 3 0 3 2 3
split_gain=1.18015 0.700178 0.977637 0.689708 3.92935 0.801366 2.54022 10.7075 3.91027 5.2489 3.15231 3.68527 2.48261 1.11708 0.975028 4.64829 5.05302 14.4188 4.01267 2.08791 2.03946 1.27773 5.04199 3.2259 1.97362 4.00377 1.96692 1.65664 2.36739 1.58365
threshold=464.6040000000001 465.30650000000009 106.19450000000002 104.58200000000001 17.202500000000004 105.56050000000002 35.466500000000003 482.39550000000003 516.19850000000008 506.80250000000007 27.687000000000005 21.781000000000002 469.91500000000008 27.502500000000001 60.406000000000006 106.51250000000002 63.180500000000002 505.94500000000005 506.80250000000007 107.17550000000001 64.626500000000007 57.352000000000011 108.01250000000002 515.67050000000006 518.29650000000004 59.123500000000007 0 58.576500000000003 108.17850000000001 59.897000000000013
decision_type=2 2 2 2 2 2 2 2 2 2 2 2 2 2 2 2 2 2 2 2 2 2 2 2 2 2 1 2 2 2
left_child=-1 2 -2 4 -3 6 7 10 9 -8 11 -5 -7 -13 21 18 17 -17 -16 -19 -18 -14 23 29 27 26 -26 28 -24 -23
right_child=1 3 -4 5 -6 12 8 -9 -10 -11 -12 13 14 -15 15 16 20 19 -20 -21 -22 22 24 -25 25 -27 -28 -29 -30 -31
leaf_value=-0.10446108756430764 0.1035299384418861 0.10348710696433752 -0.0034067502123828644 0.10014316136336748 -0.12315197302783772 -0.10540709098558194 0.041916264714694333 -0.11379676711479161 0.079601715570650225 -0.14916637840540245 0.093078259992713713 -0.10390846110389439 -0.00071996279133875298 0.016815600583566962 -0.27459875584699667 0.10181749958572012 0.075127547768509856 -0.24074365073649173 -0.033380532304099056 -0.1152987676063453 0.0017488779338027294 -0.03792781852024793 0.01077636706454603 -0.12566309485713464 0.011464972220039555 0.06984813975033953 -0.11801911402878673 0.00049976101050392741 0.084566007586730885 0.037024245723249499
leaf_weight=1.0817512762587274 1.5622274130582803 1.1664289981126779 1.8882468820083884 1.9982650941237823 2.2227055609691888 2.2540919335151548 4.5947384908795383 6.5654179125558576 10.705364933703093 2.0921226963400841 6.3885390087962151 2.6085437687579542 711.46540287949028 1.0854000970721247 1.2457418246194749 3.2543131756829116 5.816929908469322 2.1226854359265417 1.5448130471631882 3.5386921314056963 10.85776654165238 7.4583506714552623 6.1544808112084928 2.9923564605414859 1.9788990169763565 3.9932652115821838 2.8812443986535055 5.3364712893962851 14.811949184164403 4.5318399500101805
leaf_count=173 12 9 31 19 78 212 21 168 151 51 24 217 8717 7 16 40 41 31 36 192 113 74 33 79 7 14 51 35 69 26
internal_value=-7.93295e-05 5.58792e-05 0.0450096 -0.000130628 -0.0451502 5.35827e-05 0.0146375 -0.0110036 0.0421272 -0.0178679 0.0448605 -0.00925573 -0.000609827 -0.0684358 -0.000310806 -0.0185099 -0.00514581 -0.0659157 -0.141064 -0.162333 0.0273469 0.000367379 0.0157966 -0.0327795 0.0364983 -0.0043409 -0.0652972 0.0502445 0.0629058 -0.00959876
internal_weight=836.199 835.117 3.45047 831.667 3.38913 828.278 36.0384 18.6462 17.3922 6.68686 12.0807 5.69221 792.239 3.69394 789.985 28.3809 25.5904 8.91569 2.79055 5.66138 16.6747 761.604 50.1389 14.9825 35.1563 8.85341 4.86014 26.3029 20.9664 11.9902
internal_count=10747 10574 43 10531 87 10444 658 435 223 72 267 243 9786 224 9574 469 417 263 52 223 154 9105 388 179 209 72 58 137 102 100
cat_boundaries=0 1
cat_threshold=4
is_linear=0
shrinkage=0.1


Tree=93
num_leaves=31
num_cat=2
split_feature=1 3 3 2 2 2 1 1 1 1 3 2 0 3 1 1 3 3 2 2 3 2 3 3 3 2 2 1 3 0
split_gain=1.06322 0.714382 6.03828 3.41917 3.83206 3.70603 4.58256 9.69703 4.06094 5.53398 8.81344 5.28363 3.21628 7.11888 2.41727 2.04613 1.8978 4.79702 1.82699 3.53508 2.67484 1.81953 1.57984 1.27588 4.98303 9.9088 4.24278 8.60272 2.66824 12.5621
threshold=464.6040000000001 30.137000000000004 30.784500000000005 109.73850000000002 108.90550000000002 108.1915 533.11100000000022 536.79450000000008 519.99200000000008 526.87050000000011 29.470000000000002 106.35850000000001 0 28.717500000000005 465.30650000000009 572.55600000000015 21.781000000000002 27.502500000000001 105.35150000000002 106.04650000000002 29.600500000000004 109.18900000000001 19.029500000000002 31.401500000000002 32.338000000000008 105.77550000000001 108.71050000000001 472.00450000000006 33.452500000000008 1
decision_type=2 2 2 2 2 2 2 2 2 2 2 2 1 2 2 2 2 2 2 2 2 2 2 2 2 2 2 2 2 1
left_child=-1 3 -3 4 5 8 -7 -8 11 -10 -11 14 -6 21 -2 23 22 -18 -19 20 -20 -14 -16 26 25 -25 27 -4 29 -26
right_child=1 2 15 -5 12 6 7 -9 9 10 -12 -13 13 -15 16 -17 17 18 19 -21 -22 -23 -24 24 28 -27 -28 -29 -30 -31
leaf_value=-0.10402696669226517 0.10402019134138057 -0.10976490640829434 0.0661218077146455 -0.10995149049357322 0.10667940606409561 -0.11487497423556935 0.11295239152402754 -0.10535961406208366 0.10115627010990598 -0.10650264394176884 0.094424676014974632 -0.11399096972291585 -0.2036793169700146 0.073914211131396859 -0.01368976605687384 0.10350391742896836 -0.10471852728058567 0.06937058492894814 -0.14199383358004516 0.035364265290294877 -0.0056849180070648441 -0.048763299931264548 0.092723975531420852 0.035941466030629012 0.064081408671840742 -0.10316230642389693 0.075978444798429884 -0.098980206885943472 -0.0014603393147179979 -0.037851620906220608
leaf_weight=0.98268553373054501 2.3651361390948322 5.0652075991965821 6.5112786567769962 2.3665362672181791 6.8853639140725136 5.6088517124298951 4.0251099467277509 4.1143515229341574 10.00813768990338 4.4426946665626001 4.2921714410185814 4.0993143315426996 1.1349729299545308 7.5012846114113927 2.3394999317824867 1.8974324464797963 4.6601270430255708 3.9380043353885439 2.6222354620695096 7.9777512662112713 3.1921201050281525 2.2836865957360715 3.4562543481588364 8.4230292877182382 29.644262294401415 13.062099621136438 8.9877220792695862 6.1243945173919201 642.50147346311132 20.417108493391424
leaf_count=173 17 258 41 158 36 132 10 337 73 412 12 167 25 49 51 15 354 31 54 47 12 35 30 44 173 247 59 114 7367 214
internal_value=-7.12668e-05 5.18202e-05 -0.000954169 0.00860813 0.0119111 0.000973512 -0.0453261 0.0025996 0.0128952 0.0503929 -0.00777022 -0.00738788 0.0531554 0.0194068 0.006916 -0.000206918 -0.00123219 -0.014434 0.00929609 -0.00785673 -0.0671593 -0.100194 0.0497693 -0.000474408 -0.00119911 -0.0486281 0.0234569 -0.0139016 0.000272257 0.0225089
internal_weight=830.93 829.948 742.634 87.3136 84.9471 67.1418 13.7483 8.13946 53.3934 18.743 8.73487 34.6504 17.8053 10.9199 30.5511 737.569 28.186 22.3902 17.7301 13.7921 5.81436 3.41866 5.79575 735.671 714.048 21.4851 21.6234 12.6357 692.563 50.0614
internal_count=10747 10574 8532 2042 1884 1739 479 347 1260 497 424 763 145 109 596 8274 579 498 144 113 66 60 81 8259 8045 291 214 155 7754 387
cat_boundaries=0 1 2
cat_threshold=4 1
is_linear=0
shrinkage=0.1


Tree=94
num_leaves=31
num_cat=1
split_feature=2 2 3 1 1 3 2 1 1 2 3 1 1 1 1 0 3 3 1 2 1 3 1 1 1 3 1 3 3 3
split_gain=0.605543 4.11364 7.44764 12.8129 7.74074 9.5329 3.57098 5.59238 5.05941 5.01689 12.6962 8.37374 6.58415 11.8376 10.8209 7.81676 7.31171 6.42712 7.19123 5.35974 5.2977 4.68885 5.58762 3.91963 4.36365 8.31353 4.39149 3.97492 11.8373 6.92452
threshold=108.21750000000002 108.66050000000001 58.010500000000008 512.82700000000011 514.31400000000019 52.469500000000004 108.85550000000002 494.94550000000004 499.49150000000003 109.26950000000001 36.621500000000005 557.74300000000005 503.50550000000004 504.36950000000007 505.94500000000005 0 36.52450000000001 35.75950000000001 543.40900000000011 111.30900000000001 556.06450000000007 56.223000000000006 511.87950000000006 553.17800000000011 508.09650000000005 53.425500000000007 507.94700000000006 54.044000000000004 56.223000000000006 50.813500000000005
decision_type=2 2 2 2 2 2 2 2 2 2 2 2 2 2 2 1 2 2 2 2 2 2 2 2 2 2 2 2 2 2
left_child=-1 2 3 -2 -5 -6 8 -8 -3 10 17 21 16 -14 -15 19 -11 18 -9 -16 23 -12 -23 24 25 26 -17 29 -29 -26
right_child=1 6 -4 4 5 -7 7 9 -10 12 11 -13 13 14 15 20 -18 -19 -20 -21 -22 22 -24 -25 27 -27 -28 28 -30 -31
leaf_value=0.0028843807870473689 -0.094655452048956062 -0.11299930219974892 0.054201821001036425 0.09781258167526731 -0.059661473775240427 0.052880608713203381 0.038474789124154717 0.029202497086724934 0.0359034849953178 0.075474151427471839 -0.095211095578284027 0.028758859901394668 0.11716074450609233 -0.14123944408270681 -0.11802160924188212 -0.1272016387073821 -0.13239958639793978 0.089906448568560032 -0.084860663490096744 0.026830395510755969 -0.11284645063161003 -0.11947382464610533 0.064815989070670155 0.06127693848182636 -0.00090630478609649554 0.10157302816805479 0.05408532629160856 -0.14015879685347613 0.018649058601351194 0.06891545404668302
leaf_weight=376.87805416705669 23.951359005615814 2.4096896891714996 10.465603668242691 6.4854560419917098 22.207166307460284 11.385279381647704 31.009347728337161 17.458060924895111 43.024513247073628 2.2459082440473122 32.873819750733674 8.7254308657720667 9.1120721697807294 5.2383326217532149 8.3249010005965811 3.0472069010138538 6.8617181703448296 9.3722602967172843 8.0879764528945071 3.6852176636457452 3.4520922414958468 2.6491641364991656 4.3413343587890267 14.907557077705858 103.29054806509521 11.935602173209189 2.379765996709466 7.3822609391063478 12.887290065642445 16.468570747412741
leaf_count=5259 546 104 84 17 644 65 480 127 409 21 541 54 27 83 166 63 152 33 171 13 88 45 46 57 1055 31 12 106 136 112
internal_value=-6.61299e-05 -0.00256124 -0.0240065 -0.0367897 -0.00220801 -0.0215183 0.00174289 -0.00192035 0.0280061 -0.00617047 -0.0269201 -0.0599743 0.00203314 0.00578106 0.000522493 0.0044775 -0.0811387 0.0190758 -0.00691035 -0.0735748 0.00981129 -0.0793961 -0.00502366 0.0122688 0.00762691 0.0549133 -0.047706 0.00176373 -0.0391895 0.00869517
internal_weight=822.544 445.666 74.4949 64.0293 40.0779 33.5924 371.171 325.736 45.4342 294.727 83.508 48.5897 211.219 202.111 192.999 187.761 9.10763 34.9183 25.546 12.0101 175.751 39.8643 6.9905 172.299 157.391 17.3626 5.42697 140.029 20.2696 119.759
internal_count=10747 5488 1356 1272 726 709 4132 3619 513 3139 1017 686 2122 1949 1922 1839 173 331 298 179 1660 632 91 1572 1515 106 75 1409 242 1167
cat_boundaries=0 1
cat_threshold=4
is_linear=0
shrinkage=0.1


Tree=95
num_leaves=31
num_cat=2
split_feature=2 0 3 3 3 3 1 2 2 1 3 2 0 3 1 1 3 2 1 2 2 2 1 1 2 1 1 3 2 3
split_gain=0.608202 3.53535 1.69908 1.10225 1.25821 1.51664 2.85325 1.59541 1.09027 1.14351 1.01001 1.09459 3.08368 1.28452 3.04922 4.17709 1.32293 3.45968 4.06662 2.58564 1.47018 1.15105 1.13996 4.83336 3.42313 1.82382 2.67977 1.89957 1.75678 1.72332
threshold=104.58200000000001 0 19.029500000000002 20.850000000000005 23.750000000000004 24.863500000000005 469.91500000000008 105.944 105.18050000000001 468.85900000000009 25.939000000000004 105.12650000000001 1 27.279500000000002 520.35650000000021 526.38000000000011 28.717500000000005 106.04650000000002 521.3995000000001 109.18900000000001 106.26150000000001 106.92650000000002 470.51750000000004 471.24450000000007 107.79650000000002 472.00450000000006 472.80750000000006 55.016000000000005 106.54850000000002 37.915500000000002
decision_type=2 1 2 2 2 2 2 2 2 2 2 2 1 2 2 2 2 2 2 2 2 2 2 2 2 2 2 2 2 2
left_child=1 -1 -2 -4 8 7 -7 -6 9 -5 -8 12 -12 14 -13 -16 17 -15 20 -20 -19 -17 24 -24 29 28 27 -27 -25 -18
right_child=2 -3 3 4 5 6 10 -9 -10 -11 11 13 -14 16 15 21 22 18 19 -21 -22 -23 23 25 -26 26 -28 -29 -30 -31
leaf_value=0.10317844019062201 -0.10737118359352932 -0.12115663847662964 0.061304839035830762 0.10253968212236152 -0.10275528557099363 -0.1061747750670191 -0.064759321037386103 0.065546841510063389 -0.10424233468548375 -0.10211912835864817 -0.11077526808196612 -0.10488236414476237 0.053149097104701684 -0.1229814727706347 0.099249134149598073 0.047417289231673695 -0.13226913992967179 -0.039807838452570958 -0.1545422144361385 0.031229931714754251 0.060767712097777038 -0.11797831145154672 -0.12531773790893483 0.10413713950389643 0.079553778246474124 -0.11110115669879533 0.00022812064000819412 0.093442199535533982 0.00076249147619719465 0.030851027060422156
leaf_weight=1.0695514976978293 1.4685001156758506 2.0469087974634022 2.9501105453819028 0.6574569791555398 0.62468120409175654 2.526301523554138 2.3812901146011418 5.726328797522001 2.122148710564943 0.46688361070118845 1.3121123844757676 1.3151870020665217 9.1515207386109942 3.1553805964067569 6.2441661953926069 0.60620001330971707 1.4279394540935739 1.936608050018547 2.335940954741091 1.1029769314918665 5.8250025461893529 1.3755682492628691 3.0777447473956263 3.3031410723924628 5.8022411693818867 3.3377417435403909 732.04000401106896 0.52551637473516155 3.2728171544149518 1.1852548018796367
leaf_count=9 222 78 125 7 68 365 152 127 238 55 76 85 122 67 42 10 25 12 72 9 77 62 65 8 44 136 8314 10 45 20
internal_value=-7.44476e-05 -0.0441661 9.57708e-05 0.000291623 6.74235e-05 0.000319676 -7.00207e-05 0.0489928 -0.0620609 0.0175549 0.00026898 0.000465409 0.0325934 3.32337e-05 0.0364994 0.059104 -0.000419604 -0.0304912 -0.00443512 -0.0949588 0.035673 -0.0673857 0.00015297 -0.00026014 0.036752 0.000258252 -0.000210256 -0.0832773 0.0526882 -0.0582835
internal_weight=810.373 3.11646 807.257 805.788 802.838 799.592 793.241 6.35101 3.24649 1.12434 790.714 788.333 10.4636 777.869 9.54112 8.22593 768.328 14.3559 11.2005 3.43892 7.76161 1.98177 753.972 745.557 8.41544 742.479 735.903 3.86326 6.57596 2.61319
internal_count=10747 87 10660 10438 10313 10013 9818 195 300 62 9453 9301 198 9103 199 114 8904 237 170 81 89 72 8667 8578 89 8513 8460 146 53 45
cat_boundaries=0 1 2
cat_threshold=1 2
is_linear=0
shrinkage=0.1


Tree=96
num_leaves=31
num_cat=3
split_feature=3 1 1 1 3 2 1 2 2 3 2 2 3 3 0 1 3 2 1 1 3 0 0 1 1 3 1 1 2 2
split_gain=0.594469 4.72852 3.7168 2.55824 2.57907 5.50357 3.70688 3.94709 3.35792 1.04231 1.77869 4.23868 2.20255 4.12717 1.81771 1.62227 2.51604 2.73591 1.1613 1.08552 6.63412 16.4503 10.4633 14.1884 11.3786 6.99279 6.39517 11.0922 6.61683 9.94627
threshold=60.406000000000006 510.62400000000008 508.09650000000005 506.80250000000007 64.626500000000007 107.09450000000001 506.68350000000004 106.62350000000002 106.70450000000001 57.483500000000006 106.75750000000001 107.95350000000001 57.733500000000006 59.897000000000013 0 506.68350000000004 58.355500000000006 108.20750000000001 504.54900000000004 509.61100000000005 34.151500000000006 1 2 499.49150000000003 499.93300000000005 34.846500000000006 511.87950000000006 512.61000000000013 108.09250000000002 110.32950000000001
decision_type=2 2 2 2 2 2 2 2 2 2 2 2 2 2 1 2 2 2 2 2 2 1 1 2 2 2 2 2 2 2
left_child=9 2 3 4 5 -2 7 -6 -9 19 -11 12 -12 -14 15 18 -17 -18 -13 20 22 -22 23 -1 -24 -23 28 -28 -21 -30
right_child=1 -3 -4 -5 6 -7 -8 8 -10 10 11 14 13 -15 -16 16 17 -19 -20 26 21 25 24 -25 -26 -27 27 -29 29 -31
leaf_value=-0.034392227773810777 0.11031967973565093 -0.10749488373057348 0.1041405001153683 -0.084956222083305846 -0.1373685743257585 -0.084659269909317048 0.069386316316567873 0.085805268222407111 -0.068956032112747492 0.10140817944517158 0.051354560876496515 0.036058440042343105 -0.15012716163623485 0.0058409296416525938 -0.023520450444549517 0.058837271415554927 0.030198433543228365 -0.086849224593646371 0.10900434217660726 0.070497119721466467 -0.11115538943219638 -0.14022050867778763 0.0063053019944561617 0.10203951405859113 -0.12175373999217257 -0.0042263734284836325 -0.12467704143252969 0.00079654733976463894 -0.04571500641719637 0.099511754444837064
leaf_weight=11.109420798165955 4.8834237903356685 4.5772231684532008 3.1715007275342932 3.9174074456095687 3.5996538307517749 2.0576492992695421 3.2042558789253226 2.4200090542435646 3.3327875146642327 2.2940948698669663 1.6617936789989451 4.1803602287545818 3.6208576327189803 3.192491652444005 5.6378978288266834 8.6062754914164561 4.7973250858485681 3.42109608463943 4.5664367526769638 26.64115643594414 16.724450223206077 3.8678243011236182 70.244126413017511 24.286471507512033 7.6990597527474156 168.49491073474928 7.18079506792128 374.05707831663312 16.02340581081808 6.6827616319060317
leaf_count=290 17 291 21 24 27 51 8 5 45 27 7 26 105 24 44 62 20 40 17 139 505 63 1055 64 195 2114 103 5145 188 25
internal_value=-7.42227e-05 -0.0136161 0.00254632 -0.0112142 0.00360167 0.0525191 -0.0234388 -0.0552417 -0.00385313 0.000470322 0.015795 0.0108459 -0.0518695 -0.0770461 0.0278767 0.0392085 0.0210477 -0.0185252 0.0741413 -0.000407304 -0.0049991 -0.0164659 0.0141313 0.0592188 -0.00634409 -0.00727809 0.0028178 -0.00156681 0.0366915 -0.00297262
internal_weight=806.154 31.1639 26.5867 23.4152 19.4978 6.94107 12.5567 9.35245 5.7528 774.99 41.9786 39.6845 8.47514 6.81335 31.2094 25.5715 16.8247 8.21842 8.7468 733.011 302.426 189.087 113.339 35.3959 77.9432 172.363 430.585 381.238 49.3473 22.7062
internal_count=10747 489 198 177 153 68 85 77 50 10258 372 345 136 129 209 165 122 60 43 9886 4286 2682 1604 354 1250 2177 5600 5248 352 213
cat_boundaries=0 1 2 3
cat_threshold=2 1 1
is_linear=0
shrinkage=0.1


Tree=97
num_leaves=31
num_cat=1
split_feature=2 0 3 3 3 3 1 2 2 2 2 1 1 1 3 3 3 2 2 1 1 1 1 3 2 1 2 1 2 3
split_gain=0.654123 2.95375 1.52867 0.908644 1.06806 1.26811 2.57306 1.37415 1.08322 1.30347 0.998544 0.990384 0.958125 8.97977 6.70427 10.4708 7.11959 5.77306 3.56586 5.56121 4.27509 4.56635 3.54848 3.21758 2.7252 1.93641 5.8575 1.88377 2.26676 3.14096
threshold=104.58200000000001 0 19.029500000000002 20.850000000000005 23.750000000000004 24.863500000000005 469.91500000000008 105.944 107.98450000000001 108.07950000000001 105.18050000000001 468.85900000000009 479.24950000000007 480.75650000000007 33.247000000000007 31.401500000000002 38.445000000000007 108.97250000000001 106.12750000000001 476.85050000000007 474.73600000000005 473.50850000000008 471.24450000000007 34.374500000000005 106.831 472.80750000000006 107.79650000000002 471.60850000000011 105.12650000000001 29.600500000000004
decision_type=2 1 2 2 2 2 2 2 2 2 2 2 2 2 2 2 2 2 2 2 2 2 2 2 2 2 2 2 2 2
left_child=1 -1 -2 -4 10 7 -7 -6 -9 -10 11 -5 14 -14 15 22 18 -18 -16 20 21 24 -8 -21 -20 26 -26 -24 -29 -30
right_child=2 -3 3 4 5 6 12 8 9 -11 -12 -13 13 -15 16 -17 17 -19 19 23 -22 -23 27 -25 25 -27 -28 28 29 -31
leaf_value=0.10258873435857099 -0.10670094449108103 -0.1191541700866402 0.056659742643630343 0.10227811047695608 -0.10251559869784149 -0.10559847997826588 -0.12003925696653583 0.084925102786282472 0.10775724334579256 -0.10243540055620422 -0.10377463232673041 -0.10170255031153946 -0.14142343175415076 -3.4727553472103585e-05 0.12102459044150211 -0.10897255776112208 -0.11087033152736313 0.055852667324445396 -0.012574887234555963 0.05233341599816041 0.10826328805559374 -0.073078442198036969 0.091121337675373393 -0.11582497187480263 -0.069118874881521214 0.11099435502603675 0.10544973240135831 0.085535236184722627 -0.12554285338579071 0.014100725547822483
leaf_weight=0.88116084784269244 1.3377209675963957 1.8875278895720842 2.8491480294615021 0.59267508238553945 0.56659878289792587 2.3027142049832028 1.7872047282289774 4.2730244739213958 0.48120193183422066 0.76256170403212309 1.874530258006416 0.3977815262041986 4.5213368257973334 691.3580498851079 5.8437208533287039 10.312100905925034 5.652057303406762 3.2834185139508918 5.4088291563093724 1.7060406655073155 9.6337821632623655 3.6824158122763029 3.721638701856139 3.4166549984365702 3.1376485377550107 6.5344018191099158 4.9615591070614755 3.249233612092211 1.9275830222759385 9.7986543376464379
leaf_count=9 222 78 125 7 68 365 92 48 2 77 238 55 129 8276 12 112 280 66 25 5 36 36 15 60 33 13 27 45 120 71
internal_value=-6.05037e-05 -0.0485824 0.000108401 0.000288343 8.5344e-05 0.000306841 -4.68553e-05 0.0457872 0.0610186 -0.0211136 -0.0608612 0.0203566 0.000264779 -0.000953372 0.0103495 -0.0267905 0.0318246 -0.0496065 0.0482403 0.0371874 0.0520846 0.0292725 0.0145811 -0.0598222 0.0480775 0.0704957 0.0378215 0.0274491 0.0116255 -0.00885417
internal_weight=798.143 2.76869 795.374 794.037 791.187 788.322 782.239 6.08339 5.51679 1.24376 2.86499 0.990457 779.936 695.879 84.0569 30.7964 53.2605 8.93548 44.3251 38.4813 33.3586 23.7249 20.4843 5.1227 20.0424 14.6336 8.09921 18.6971 14.9755 11.7262
internal_count=10747 87 10660 10438 10313 10013 9818 195 127 79 300 62 9453 8405 1048 455 593 346 247 235 170 134 343 65 98 73 60 251 236 191
cat_boundaries=0 1
cat_threshold=1
is_linear=0
shrinkage=0.1


Tree=98
num_leaves=31
num_cat=2
split_feature=2 0 0 2 3 3 2 1 2 1 2 3 1 2 3 2 3 3 2 1 2 2 1 3 1 3 1 1 3 3
split_gain=0.584118 2.63946 0.652616 5.96383 5.71304 15.7717 5.96669 7.75104 4.56298 4.47885 13.8377 10.9576 10.4144 17.8793 8.41677 9.09093 5.54007 5.35913 7.65702 4.50299 4.33163 5.75159 4.30325 4.25041 3.96354 3.30687 3.05084 2.94627 2.67109 4.43231
threshold=104.58200000000001 0 1 109.64650000000002 33.247000000000007 32.066500000000012 108.83950000000002 482.93900000000008 111.51950000000001 507.94700000000006 109.06050000000002 38.979000000000006 479.24950000000007 109.01950000000001 50.427500000000009 107.78150000000001 55.328500000000012 34.151500000000006 106.831 472.4355000000001 107.17550000000001 104.96450000000002 480.75650000000007 31.401500000000002 558.99750000000006 55.970500000000008 564.24250000000018 470.51750000000004 27.502500000000001 27.031000000000002
decision_type=2 1 1 2 2 2 2 2 2 2 2 2 2 2 2 2 2 2 2 2 2 2 2 2 2 2 2 2 2 2
left_child=1 -1 3 4 5 6 7 22 26 12 11 -11 17 16 15 20 -14 -6 -19 27 21 -13 23 -2 -4 -18 -5 -20 29 -9
right_child=2 -3 24 8 9 -7 -8 28 -10 10 -12 14 13 -15 -16 -17 25 18 19 -21 -22 -23 -24 -25 -26 -27 -28 -29 -30 -31
leaf_value=0.10233633752109493 0.012109378317521905 -0.11734170307547198 -0.0011053834005568641 -0.11947963255690451 0.080218723526567767 -0.11089992328618221 0.10226786963523259 -0.10495823922092472 0.062859910899804833 0.10549460350985938 -0.13942023986963745 0.10207526656012188 -0.12247177110552246 0.077219743367159102 0.053344447308240284 -0.12313542386410009 0.044472790174072588 -0.092464210103206004 0.014270618680355264 0.061055911610911395 0.08106174514315731 -0.10793469349133361 0.085267203645190415 -0.13709599351996354 -0.1135510008636854 -0.11499376497463901 0.062146798131225534 -0.11963089996174173 -0.11485779909676122 0.10359257984000073
leaf_weight=0.79917363077402026 25.728605913580399 1.7329366507474335 557.84040086927416 7.9232859372132207 15.385146364569662 13.901874432340263 6.052216660231351 2.3144027548842114 2.1854135617613784 21.964409369975328 4.2270332807674995 1.9342049229890124 15.910049807280307 8.7746530165895802 29.999628163874149 6.9173122625797978 3.9015440791845313 6.0916217081248787 4.6058139691303976 16.975892829941586 5.9796135956421494 4.0030529370997101 7.758853778243064 2.0622815075330427 3.1524302050238466 1.9505178069230167 1.047040984034538 2.5546915004961193 6.8677249997854233 1.8208179697394369
leaf_count=9 601 78 7279 178 43 168 37 136 7 68 75 15 465 42 220 148 12 102 109 165 51 157 35 29 226 55 3 76 144 14
internal_value=-5.50979e-05 -0.0480079 9.86334e-05 0.0045993 0.00825387 -0.0161708 0.00886316 -0.00328019 -0.0667124 0.0189991 0.0363401 0.0468339 0.0019142 -0.0432836 0.0204496 -0.0319463 -0.0918715 0.0321729 0.00771898 0.0330035 0.0209857 -0.0395189 0.0194208 0.00103728 -0.00173726 -0.00867811 -0.0982797 -0.0335021 -0.0766253 -0.0131293
internal_weight=792.363 2.53211 789.831 228.838 217.682 66.5068 52.6049 46.5527 11.1557 151.175 75.0253 70.7982 76.1499 30.5368 48.8338 18.8342 21.7621 45.6132 30.228 24.1364 11.9169 5.93726 35.5497 27.7909 560.993 5.85206 8.97033 7.16051 11.0029 4.13522
internal_count=10747 87 10660 3155 2967 1164 996 959 188 1803 734 659 1069 574 591 371 532 495 452 350 223 172 665 630 7505 67 181 185 294 150
cat_boundaries=0 1 2
cat_threshold=1 4
is_linear=0
shrinkage=0.1


Tree=99
num_leaves=31
num_cat=2
split_feature=2 0 0 2 3 3 2 1 2 1 2 3 1 2 3 2 3 3 3 3 1 2 2 3 1 2 1 3 3 1
split_gain=0.521901 2.36103 0.543828 5.18438 4.88103 13.4641 5.37679 6.37121 3.99804 3.87579 12.1365 9.90976 8.9849 15.6717 7.08149 8.08274 5.19962 4.66544 6.97944 4.49899 3.76379 3.72697 5.38339 3.68631 3.5507 3.30487 3.58636 2.94016 3.24039 2.6967
threshold=104.58200000000001 0 1 109.64650000000002 33.247000000000007 32.066500000000012 108.90550000000002 482.93900000000008 111.51950000000001 507.94700000000006 109.06050000000002 38.979000000000006 479.24950000000007 109.01950000000001 50.427500000000009 107.78150000000001 55.519500000000008 34.151500000000006 34.846500000000006 55.970500000000008 480.75650000000007 107.12550000000002 104.96450000000002 31.401500000000002 558.99750000000006 106.67750000000002 472.4355000000001 27.502500000000001 27.031000000000002 564.24250000000018
decision_type=2 1 1 2 2 2 2 2 2 2 2 2 2 2 2 2 2 2 2 2 2 2 2 2 2 2 2 2 2 2
left_child=1 -1 3 4 5 6 7 20 29 12 11 -11 17 16 15 21 -14 -6 -19 -18 23 22 -13 -2 -4 -20 -27 28 -9 -5
right_child=2 -3 24 8 9 -7 -8 27 -10 10 -12 14 13 -15 -16 -17 19 18 25 -21 -22 -23 -24 -25 -26 26 -28 -29 -30 -31
leaf_value=0.10210906876806738 0.010934292909874202 -0.1156944735626334 -0.00099467070167224311 -0.11629524847704725 0.07630766034750236 -0.10491918311528717 0.10522649373935183 -0.078850972500268096 0.059447852404944573 0.10274862060095591 -0.13737570032599469 0.10125234019413792 -0.11614681590621539 0.073199251792215897 0.049313918534151048 -0.12102511361070732 0.094006605942207916 -0.14227500792324482 -0.1123757816777447 -0.1135289007002776 0.081557671116333885 0.074639017481617789 -0.11313915398417243 -0.13243281506538296 -0.11223673535121453 -0.029642300204109032 0.055588883180940379 -0.11333431122597291 0.10323956865450011 0.05863640861138654
leaf_weight=0.72464972734451205 25.648687241831798 1.589209284167737 557.93313329081866 7.3556602926691976 14.597872316837309 13.258918927982448 5.1416976600885382 2.3909831104101595 2.085092417895793 20.378489032387733 3.878780633211135 1.7636562492698447 15.857890035258611 8.3533585225231928 29.2474115928635 6.3625941518694153 2.5151061266660681 2.825735509395602 1.6873647815082247 1.7865080526098607 7.3235422484576693 5.9135905802249908 3.4867326859384775 1.9283018191345025 2.8841298260085741 6.7984354214859222 18.030261838342994 6.4042662847787142 1.6528905928134916 1.0011912584304807
leaf_count=9 601 78 7279 178 43 168 34 137 7 68 75 15 471 42 220 148 6 47 48 55 35 54 154 29 226 181 176 146 14 3
internal_value=-6.10738e-05 -0.0474832 7.98757e-05 0.00432226 0.00778648 -0.015238 0.00831253 -0.00267571 -0.0644294 0.0180162 0.0346151 0.0445494 0.00174283 -0.0419729 0.0191932 -0.0310706 -0.089696 0.0301104 0.00712671 0.00781481 0.0178327 0.0201965 -0.041123 0.000909447 -0.00156676 0.023048 0.0322514 -0.0711812 -0.00442339 -0.0953376
internal_weight=780.806 2.31386 778.492 217.675 207.233 63.7493 50.4904 45.3487 10.4419 143.484 71.0313 67.1525 72.4525 28.5129 46.774 17.5266 20.1595 43.9397 29.3418 4.30161 34.9005 11.164 5.25039 27.577 560.817 26.5161 24.8287 10.4481 4.04387 8.35685
internal_count=10747 87 10660 3155 2967 1164 996 962 188 1803 734 659 1069 574 591 371 532 495 452 61 665 223 169 630 7505 405 357 297 151 181
cat_boundaries=0 1 2
cat_threshold=1 4
is_linear=0
shrinkage=0.1


end of trees

feature_importances:
Resolution=1276
Line_CD=990
Energy_Exposure=576
UV_type=158

parameters:
[boosting: gbdt]
[objective: binary]
[metric: binary_logloss]
[tree_learner: serial]
[device_type: cpu]
[data_sample_strategy: bagging]
[data: ]
[valid: ]
[num_iterations: 100]
[learning_rate: 0.1]
[num_leaves: 31]
[num_threads: 10]
[seed: 42]
[deterministic: 0]
[force_col_wise: 0]
[force_row_wise: 0]
[histogram_pool_size: -1]
[max_depth: -1]
[min_data_in_leaf: 20]
[min_sum_hessian_in_leaf: 0.001]
[bagging_fraction: 1]
[pos_bagging_fraction: 1]
[neg_bagging_fraction: 1]
[bagging_freq: 0]
[bagging_seed: 400]
[bagging_by_query: 0]
[feature_fraction: 1]
[feature_fraction_bynode: 1]
[feature_fraction_seed: 30056]
[extra_trees: 0]
[extra_seed: 12879]
[early_stopping_round: 0]
[early_stopping_min_delta: 0]
[first_metric_only: 0]
[max_delta_step: 0]
[lambda_l1: 0]
[lambda_l2: 0]
[linear_lambda: 0]
[min_gain_to_split: 0]
[drop_rate: 0.1]
[max_drop: 50]
[skip_drop: 0.5]
[xgboost_dart_mode: 0]
[uniform_drop: 0]
[drop_seed: 17869]
[top_rate: 0.2]
[other_rate: 0.1]
[min_data_per_group: 100]
[max_cat_threshold: 32]
[cat_l2: 10]
[cat_smooth: 10]
[max_cat_to_onehot: 4]
[top_k: 20]
[monotone_constraints: ]
[monotone_constraints_method: basic]
[monotone_penalty: 0]
[feature_contri: ]
[forcedsplits_filename: ]
[refit_decay_rate: 0.9]
[cegb_tradeoff: 1]
[cegb_penalty_split: 0]
[cegb_penalty_feature_lazy: ]
[cegb_penalty_feature_coupled: ]
[path_smooth: 0]
[interaction_constraints: ]
[verbosity: -1]
[saved_feature_importance_type: 0]
[use_quantized_grad: 0]
[num_grad_quant_bins: 4]
[quant_train_renew_leaf: 0]
[stochastic_rounding: 1]
[linear_tree: 0]
[max_bin: 255]
[max_bin_by_feature: ]
[min_data_in_bin: 3]
[bin_construct_sample_cnt: 200000]
[data_random_seed: 175]
[is_enable_sparse: 1]
[enable_bundle: 1]
[use_missing: 1]
[zero_as_missing: 0]
[feature_pre_filter: 1]
[pre_partition: 0]
[two_round: 0]
[header: 0]
[label_column: ]
[weight_column: ]
[group_column: ]
[ignore_column: ]
[categorical_feature: 0]
[forcedbins_filename: ]
[precise_float_parser: 0]
[parser_config_file: ]
[objective_seed: 16083]
[num_class: 1]
[is_unbalance: 0]
[scale_pos_weight: 1]
[sigmoid: 1]
[boost_from_average: 1]
[reg_sqrt: 0]
[alpha: 0.9]
[fair_c: 1]
[poisson_max_delta_step: 0.7]
[tweedie_variance_power: 1.5]
[lambdarank_truncation_level: 30]
[lambdarank_norm: 1]
[label_gain: ]
[lambdarank_position_bias_regularization: 0]
[eval_at: ]
[multi_error_top_k: 1]
[auc_mu_weights: ]
[num_machines: 1]
[local_listen_port: 12400]
[time_out: 120]
[machine_list_filename: ]
[machines: ]
[gpu_platform_id: -1]
[gpu_device_id: -1]
[gpu_use_dp: 0]
[num_gpu: 1]

end of parameters

pandas_categorical:[["G", "H", "I"]]
